gid,role,role_score,cluster_id,priority_score,evidence,depth,is_seed,in_deg,out_deg,in_kzt,out_kzt,in_tx,out_tx,pagerank,pass_through,truncated_by_depth,pass_through_defined,active_days,activity_span_days,out_after_prior_day_in_tx,prior_day_in_fraction,betweenness,betweenness_pct,pagerank_pct,score_consolidator,score_transit,score_distributor,score_terminal,score_coordinator,score_peripheral,volume_pct,tx_pct,temporal_priority
100000000011452100,consolidator,0.7462885313,0,0.4632685393,in_deg=3; out_deg=1; in=110000; out=16685 KZT; tx=7/2; role_score=0.746; depth=1; truncated=0; is_seed=0,1,False,3,1,110000.0000000000,16685.0000000000,7,2,0.0004872452,0.1516818182,False,True,7,23,0,0.0000000000,0.0000033685,0.1686143573,0.7697953737,0.7462885313,0.1845358184,0.0000000000,0.7235315771,0.3489686622,0.2537114687,0.6193360251,0.8930013459,0.0000000000
100000000018102100,peripheral,1.0000000000,0,0.1304054978,in_deg=1; out_deg=0; in=7000; out=0 KZT; tx=1/0; role_score=1.000; depth=4; truncated=1; is_seed=0,4,False,1,0,7000.0000000000,0.0000000000,1,0,0.0003186367,0.0000000000,True,True,1,1,0,0.0000000000,0.0000000000,0.0000000000,0.5442615658,0.0000000000,0.0000000000,0.0000000000,0.0000000000,0.0000000000,1.0000000000,0.0374607447,0.2626738448,0.0000000000
100000000031787100,transit,0.5162584054,1,0.4399607240,in_deg=1; out_deg=2; in=90000; out=90000 KZT; tx=2/4; out/in=1; prev_day=0.250; depth=2; truncated=0; is_seed=0,2,False,1,2,90000.0000000000,90000.0000000000,2,4,0.0004288721,1.0000000000,False,True,6,28,1,0.2500000000,0.0000003963,0.0300500835,0.7310943060,0.0000000000,0.5162584054,0.4650976625,0.0000000000,0.2403633502,0.4837415946,0.6857335128,0.8476895469,0.2119223867
100000000041368100,peripheral,0.5092928377,2,0.2843543446,in_deg=1; out_deg=0; in=160000; out=0 KZT; tx=1/0; role_score=0.509; depth=1; truncated=0; is_seed=0,1,False,1,0,160000.0000000000,0.0000000000,1,0,0.0003158158,0.0000000000,False,True,1,1,0,0.0000000000,0.0000000000,0.0000000000,0.5260231317,0.0000000000,0.0000000000,0.0000000000,0.4907071623,0.0000000000,0.5092928377,0.6641991925,0.2626738448,0.0000000000
100000000076451100,coordinator,0.8116096890,3,0.6982341850,in_deg=3; out_deg=4; in=87707; out=58000 KZT; tx=4/4; bet_pct=0.744; pr_pct=0.970; depth=2; truncated=0; is_seed=0,2,False,3,4,87707.0000000000,58000.0000000000,4,4,0.0013836360,0.6612927132,False,True,6,23,0,0.0000000000,0.0000976864,0.7437395659,0.9699733096,0.5825562319,0.4922484319,0.4743721696,0.2762424570,0.8116096890,0.1883903110,0.6399730821,0.8829071332,0.0000000000
100000000089154100,distributor,0.8496337656,0,0.6260952016,in_deg=1; out_deg=15; in=10000; out=425500 KZT; tx=1/21; role_score=0.850; depth=1; truncated=0; is_seed=0,1,False,1,15,10000.0000000000,425500.0000000000,1,21,0.0002858992,42.5500000000,False,True,10,14,0,0.0000000000,0.0001089548,0.7520868114,0.0611654804,0.0000000000,0.1811139873,0.8496337656,0.0000000000,0.5448104121,0.1503662344,0.8346792284,0.9668012562,0.0000000000
100000000190228100,coordinator,0.5848373847,4,0.4654222814,in_deg=1; out_deg=1; in=5000; out=28560 KZT; tx=1/1; bet_pct=0.461; pr_pct=0.874; depth=2; truncated=0; is_seed=0,2,False,1,1,5000.0000000000,28560.0000000000,1,1,0.0005785578,5.7120000000,False,True,2,8,0,0.0000000000,0.0000215980,0.4607679466,0.8743327402,0.0000000000,0.1522823010,0.0000000000,0.0000000000,0.5848373847,0.4151626153,0.3286227008,0.6056527591,0.0000000000
100000000201868100,peripheral,0.6568203650,5,0.4976974548,in_deg=1; out_deg=1; in=190000; out=190000 KZT; tx=1/1; role_score=0.657; depth=2; truncated=0; is_seed=0,2,False,1,1,190000.0000000000,190000.0000000000,1,1,0.0009675203,1.0000000000,False,True,2,2,1,1.0000000000,0.0000000000,0.0000000000,0.9499555160,0.0000000000,0.3431796350,0.0000000000,0.0000000000,0.0000000000,0.6568203650,0.8151637506,0.6056527591,0.6056527591
100000000254336100,consolidator,0.6206557872,0,0.4809069869,in_deg=2; out_deg=1; in=97177; out=60000 KZT; tx=2/1; role_score=0.621; depth=3; truncated=0; is_seed=0,3,False,2,1,97177.0000000000,60000.0000000000,2,1,0.0002903572,0.6174300503,False,True,2,2,1,1.0000000000,0.0000192202,0.2863105175,0.2275355872,0.6206557872,0.2449844559,0.0000000000,0.2849331040,0.2686780384,0.3793442128,0.6619560341,0.7243158367,0.7243158367
100000000267734100,distributor,0.6961255203,1,0.5800816823,in_deg=2; out_deg=7; in=180000; out=282000 KZT; tx=4/8; role_score=0.696; depth=1; truncated=0; is_seed=0,1,False,2,7,180000.0000000000,282000.0000000000,4,8,0.0005339010,1.5666666667,False,True,8,26,4,0.5000000000,0.0000035666,0.1711185309,0.8231761566,0.5115216077,0.6731681893,0.6961255203,0.0000000000,0.3667358186,0.3038744797,0.8485868102,0.9228353522,0.4614176761
100000000274067100,distributor,0.6624399616,1,0.5635730639,in_deg=2; out_deg=3; in=517704; out=2.969e+06 KZT; tx=9/9; role_score=0.662; depth=1; truncated=0; is_seed=0,1,False,2,3,517704.0000000000,2969000.0000000000,9,9,0.0004111734,5.7349373387,False,True,13,29,3,0.3333333333,0.0000011889,0.0976627713,0.7177491103,0.6421426413,0.6019308644,0.6624399616,0.0000000000,0.2836886730,0.3375600384,0.9863167340,0.9553611485,0.3184537162
100000000287768100,peripheral,0.6212601995,0,0.1415667773,in_deg=1; out_deg=0; in=35168; out=0 KZT; tx=1/0; role_score=0.621; depth=3; truncated=0; is_seed=0,3,False,1,0,35168.0000000000,0.0000000000,1,0,0.0002871323,0.0000000000,False,True,1,1,0,0.0000000000,0.0000000000,0.0000000000,0.1132117438,0.0000000000,0.0000000000,0.0000000000,0.3787398005,0.0000000000,0.6212601995,0.3407357559,0.2626738448,0.0000000000
100000000288317100,coordinator,0.6074638410,0,0.5911814494,in_deg=2; out_deg=3; in=100000; out=53500 KZT; tx=2/3; bet_pct=0.656; pr_pct=0.494; depth=3; truncated=0; is_seed=0,3,False,2,3,100000.0000000000,53500.0000000000,2,3,0.0003111042,0.5350000000,False,True,4,14,0,0.0000000000,0.0000582552,0.6560934891,0.4939946619,0.5238893926,0.4238724784,0.4326609030,0.3480122393,0.6074638410,0.3925361590,0.6561238223,0.8227904890,0.0000000000
100000000291906100,coordinator,0.7774638855,6,0.7658629432,in_deg=2; out_deg=2; in=388000; out=455854 KZT; tx=3/6; bet_pct=0.715; pr_pct=0.922; depth=2; truncated=0; is_seed=0,2,False,2,2,388000.0000000000,455854.0000000000,3,6,0.0007579522,1.1748814433,False,True,7,31,1,0.1666666667,0.0000780699,0.7153589316,0.9223754448,0.6478921124,0.6050998991,0.5160302594,0.0000000000,0.7774638855,0.2225361145,0.9131897712,0.8930013459,0.1488335576
100000000291908100,terminal,0.6912793852,6,0.6019587697,in_deg=1; out_deg=1; in=295500; out=13300 KZT; tx=5/1; out/in=0.045; prev_day=0.000; depth=3; truncated=0; is_seed=0,3,False,1,1,295500.0000000000,13300.0000000000,5,1,0.0007016680,0.0450084602,False,True,6,31,0,0.0000000000,0.0000198147,0.4065108514,0.9116992883,0.0000000000,0.1181487929,0.0000000000,0.6912793852,0.5580673825,0.3087206148,0.7830865859,0.8476895469,0.0000000000
100000000297649100,peripheral,0.7153963352,7,0.3972974183,in_deg=1; out_deg=1; in=40000; out=70600 KZT; tx=1/2; role_score=0.715; depth=2; truncated=0; is_seed=0,2,False,1,1,40000.0000000000,70600.0000000000,1,2,0.0008023950,1.7650000000,False,True,3,30,0,0.0000000000,0.0000000000,0.0000000000,0.9294928826,0.0000000000,0.2846036648,0.0000000000,0.0000000000,0.0000000000,0.7153963352,0.5969044415,0.7243158367,0.0000000000
100000000299820100,peripheral,1.0000000000,8,0.1687986001,in_deg=1; out_deg=0; in=10000; out=0 KZT; tx=1/0; role_score=1.000; depth=4; truncated=1; is_seed=0,4,False,1,0,10000.0000000000,0.0000000000,1,0,0.0004475484,0.0000000000,True,True,1,1,0,0.0000000000,0.0000000000,0.0000000000,0.7448843416,0.0000000000,0.0000000000,0.0000000000,0.0000000000,0.0000000000,1.0000000000,0.0706594886,0.2626738448,0.0000000000
100000000307908100,peripheral,0.7521909943,9,0.0919967891,in_deg=1; out_deg=0; in=5000; out=0 KZT; tx=1/0; role_score=0.752; depth=2; truncated=0; is_seed=0,2,False,1,0,5000.0000000000,0.0000000000,1,0,0.0002955135,0.0000000000,False,True,1,1,0,0.0000000000,0.0000000000,0.0000000000,0.3383007117,0.0000000000,0.0000000000,0.0000000000,0.2478090057,0.0000000000,0.7521909943,0.0074024226,0.2626738448,0.0000000000
100000000331309100,coordinator,0.9753564289,10,0.8986248273,in_deg=5; out_deg=99; in=984635; out=2.30014e+07 KZT; tx=8/126; bet_pct=0.991; pr_pct=0.939; depth=2; truncated=0; is_seed=0,2,False,5,99,984635.0000000000,23001375.0000000000,8,126,0.0008697417,23.3603061033,False,True,29,31,14,0.1111111111,0.0045572341,0.9908180301,0.9392793594,0.5085976184,0.6520179909,0.9738521115,0.0000000000,0.9753564289,0.0246435711,0.9997756842,0.9993270525,0.1110363392
100000000332284100,coordinator,0.8020733325,10,0.8097737681,in_deg=10; out_deg=3; in=107426; out=289500 KZT; tx=12/3; bet_pct=0.754; pr_pct=0.915; depth=2; truncated=0; is_seed=0,2,False,10,3,107426.0000000000,289500.0000000000,12,3,0.0007127196,2.6948783349,False,True,10,26,2,0.6666666667,0.0001091373,0.7537562604,0.9148131673,0.7802206105,0.5201846023,0.3954777211,0.0000000000,0.8020733325,0.1979266675,0.8207716465,0.9394347241,0.6262898161
100000000343175100,coordinator,0.9315226222,11,0.9248930049,in_deg=8; out_deg=31; in=178712; out=4.00004e+06 KZT; tx=14/33; bet_pct=0.939; pr_pct=0.914; depth=0; truncated=0; is_seed=1,0,True,8,31,178712.0000000000,4000039.0000000000,14,33,0.0007097624,22.3825988182,False,True,13,21,21,0.6363636364,0.0010946926,0.9390651085,0.9139234875,0.5503928679,0.8802027528,0.8720042366,0.0000000000,0.9315226222,0.0684773778,0.9894571557,0.9912516824,0.6307965251
100000000369781100,peripheral,1.0000000000,10,0.1628597785,in_deg=1; out_deg=0; in=5000; out=0 KZT; tx=1/0; role_score=1.000; depth=4; truncated=1; is_seed=0,4,False,1,0,5000.0000000000,0.0000000000,1,0,0.0005293212,0.0000000000,True,True,1,1,0,0.0000000000,0.0000000000,0.0000000000,0.8107206406,0.0000000000,0.0000000000,0.0000000000,0.0000000000,0.0000000000,1.0000000000,0.0074024226,0.2626738448,0.0000000000
100000000375150100,peripheral,1.0000000000,12,0.3716464932,in_deg=1; out_deg=0; in=300000; out=0 KZT; tx=1/0; role_score=1.000; depth=4; truncated=1; is_seed=0,4,False,1,0,300000.0000000000,0.0000000000,1,0,0.0007407996,0.0000000000,True,True,1,1,0,0.0000000000,0.0000000000,0.0000000000,0.9210409253,0.0000000000,0.0000000000,0.0000000000,0.0000000000,0.0000000000,1.0000000000,0.7763571108,0.2626738448,0.0000000000
100000000404740100,peripheral,1.0000000000,13,0.2317636863,in_deg=1; out_deg=0; in=25000; out=0 KZT; tx=1/0; role_score=1.000; depth=4; truncated=1; is_seed=0,4,False,1,0,25000.0000000000,0.0000000000,1,0,0.0005545956,0.0000000000,True,True,1,1,0,0.0000000000,0.0000000000,0.0000000000,0.8592081851,0.0000000000,0.0000000000,0.0000000000,0.0000000000,0.0000000000,1.0000000000,0.2539255271,0.2626738448,0.0000000000
100000000408846100,peripheral,0.6109096404,14,0.1788943794,in_deg=1; out_deg=0; in=40500; out=0 KZT; tx=1/0; role_score=0.611; depth=3; truncated=0; is_seed=0,3,False,1,0,40500.0000000000,0.0000000000,1,0,0.0002941031,0.0000000000,False,True,1,1,0,0.0000000000,0.0000000000,0.0000000000,0.3138345196,0.0000000000,0.0000000000,0.0000000000,0.3890903596,0.0000000000,0.6109096404,0.3696724989,0.2626738448,0.0000000000
100000000413678100,transit,0.6466136862,8,0.6623756992,in_deg=2; out_deg=3; in=306500; out=528198 KZT; tx=2/18; out/in=1.72; prev_day=0.056; depth=3; truncated=0; is_seed=0,3,False,2,3,306500.0000000000,528198.0000000000,2,18,0.0002990571,1.7233213703,False,True,15,26,1,0.0555555556,0.0000576607,0.6460767947,0.3903469751,0.5729676639,0.6466136862,0.6461095101,0.0000000000,0.5693578488,0.3533863138,0.9122925079,0.9618663078,0.0534370171
100000000424935100,peripheral,1.0000000000,15,0.1322379326,in_deg=1; out_deg=0; in=15000; out=0 KZT; tx=1/0; role_score=1.000; depth=4; truncated=1; is_seed=0,4,False,1,0,15000.0000000000,0.0000000000,1,0,0.0002997739,0.0000000000,True,True,1,1,0,0.0000000000,0.0000000000,0.0000000000,0.4005782918,0.0000000000,0.0000000000,0.0000000000,0.0000000000,0.0000000000,1.0000000000,0.1310004486,0.2626738448,0.0000000000
100000000425407100,peripheral,0.6745240254,2,0.1540980099,in_deg=1; out_deg=0; in=20000; out=0 KZT; tx=1/0; role_score=0.675; depth=2; truncated=0; is_seed=0,2,False,1,0,20000.0000000000,0.0000000000,1,0,0.0003034325,0.0000000000,False,True,1,1,0,0.0000000000,0.0000000000,0.0000000000,0.4352758007,0.0000000000,0.0000000000,0.0000000000,0.3254759746,0.0000000000,0.6745240254,0.1976222521,0.2626738448,0.0000000000
100000000437046100,coordinator,0.9564277874,0,0.9084117218,in_deg=9; out_deg=42; in=1.1072e+06; out=7.60622e+06 KZT; tx=20/73; bet_pct=0.969; pr_pct=0.927; depth=2; truncated=0; is_seed=0,2,False,9,42,1107200.0000000000,7606224.0000000000,20,73,0.0007875359,6.8697832370,False,True,21,22,23,0.3150684932,0.0021971485,0.9691151920,0.9268238434,0.5817023092,0.7099250698,0.9023492682,0.0000000000,0.9564277874,0.0435722126,0.9975325258,0.9961866308,0.3138670207
100000000440392100,terminal,0.6544273194,16,0.3152640291,in_deg=1; out_deg=0; in=105705; out=0 KZT; tx=4/0; out/in=0; prev_day=0.000; depth=1; truncated=0; is_seed=0,1,False,1,0,105705.0000000000,0.0000000000,4,0,0.0002953277,0.0000000000,False,True,4,15,0,0.0000000000,0.0000000000,0.0000000000,0.3338523132,0.0000000000,0.0000000000,0.0000000000,0.6544273194,0.0000000000,0.3455726806,0.5892777030,0.7857783760,0.0000000000
100000000456947100,peripheral,1.0000000000,17,0.0000000000,in_deg=0; out_deg=0; in=0; out=0 KZT; tx=0/0; observed_edges=0; depth=0; truncated=0; is_seed=1,0,True,0,0,0.0000000000,0.0000000000,0,0,0.0002840373,-1.0000000000,False,False,0,0,0,0.0000000000,0.0000000000,0.0000000000,0.0093416370,0.0000000000,0.0000000000,0.0000000000,0.0000000000,0.0000000000,1.0000000000,0.0000000000,0.0000000000,0.0000000000
100000000470237100,peripheral,1.0000000000,15,0.2520308716,in_deg=1; out_deg=0; in=32500; out=0 KZT; tx=1/0; role_score=1.000; depth=4; truncated=1; is_seed=0,4,False,1,0,32500.0000000000,0.0000000000,1,0,0.0005840771,0.0000000000,True,True,1,1,0,0.0000000000,0.0000000000,0.0000000000,0.8765569395,0.0000000000,0.0000000000,0.0000000000,0.0000000000,0.0000000000,1.0000000000,0.3245850157,0.2626738448,0.0000000000
100000000481716100,peripheral,0.7351919009,18,0.1517613832,in_deg=1; out_deg=0; in=8000; out=0 KZT; tx=1/0; role_score=0.735; depth=3; truncated=0; is_seed=0,3,False,1,0,8000.0000000000,0.0000000000,1,0,0.0003749670,0.0000000000,False,True,1,1,0,0.0000000000,0.0000000000,0.0000000000,0.6750444840,0.0000000000,0.0000000000,0.0000000000,0.2648080991,0.0000000000,0.7351919009,0.0444145357,0.2626738448,0.0000000000
100000000489417100,consolidator,0.6899648685,12,0.4828871290,in_deg=3; out_deg=1; in=73504; out=80000 KZT; tx=3/1; role_score=0.690; depth=2; truncated=0; is_seed=0,2,False,3,1,73504.0000000000,80000.0000000000,3,1,0.0005484753,1.0883761428,False,True,2,3,0,0.0000000000,0.0000140455,0.2095158598,0.8503113879,0.6899648685,0.2554172190,0.0000000000,0.0000000000,0.4017545182,0.3100351315,0.6565724540,0.7857783760,0.0000000000
100000000490383100,distributor,0.7151340494,16,0.7029439119,in_deg=3; out_deg=8; in=62600; out=461375 KZT; tx=3/9; role_score=0.715; depth=2; truncated=0; is_seed=0,2,False,3,8,62600.0000000000,461375.0000000000,3,9,0.0005447704,7.3702076677,False,True,9,27,0,0.0000000000,0.0000516503,0.6302170284,0.8427491103,0.4949655210,0.5319552712,0.7151340494,0.0000000000,0.6939766530,0.2848659506,0.8701211306,0.9228353522,0.0000000000
100000000500040100,peripheral,1.0000000000,0,0.1552323515,in_deg=1; out_deg=0; in=20000; out=0 KZT; tx=1/0; role_score=1.000; depth=4; truncated=1; is_seed=0,4,False,1,0,20000.0000000000,0.0000000000,1,0,0.0003043844,0.0000000000,True,True,1,1,0,0.0000000000,0.0000000000,0.0000000000,0.4428380783,0.0000000000,0.0000000000,0.0000000000,0.0000000000,0.0000000000,1.0000000000,0.1976222521,0.2626738448,0.0000000000
100000000507799100,coordinator,0.5394940188,19,0.3881296922,in_deg=1; out_deg=1; in=5132; out=8000 KZT; tx=1/1; bet_pct=0.761; pr_pct=0.022; depth=1; truncated=0; is_seed=0,1,False,1,1,5132.0000000000,8000.0000000000,1,1,0.0002845854,1.5588464536,False,True,2,4,0,0.0000000000,0.0001153215,0.7612687813,0.0220195730,0.0000000000,0.1263048451,0.0000000000,0.0000000000,0.5394940188,0.4605059812,0.1101390758,0.6056527591,0.0000000000
100000000533217100,peripheral,0.5825778181,0,0.2862318921,in_deg=1; out_deg=0; in=53587; out=0 KZT; tx=1/0; role_score=0.583; depth=2; truncated=0; is_seed=0,2,False,1,0,53587.0000000000,0.0000000000,1,0,0.0006484520,0.0000000000,False,True,1,1,0,0.0000000000,0.0000000000,0.0000000000,0.8996886121,0.0000000000,0.0000000000,0.0000000000,0.4174221819,0.0000000000,0.5825778181,0.4475100942,0.2626738448,0.0000000000
100000000534581100,consolidator,0.5905610960,8,0.4029992929,in_deg=2; out_deg=1; in=55960; out=40000 KZT; tx=2/1; role_score=0.591; depth=3; truncated=0; is_seed=0,3,False,2,1,55960.0000000000,40000.0000000000,2,1,0.0002968212,0.7147962831,False,True,3,16,0,0.0000000000,0.0000192202,0.2863105175,0.3525355872,0.5905610960,0.1982190861,0.0000000000,0.2021162636,0.3061780384,0.4094389040,0.5650515926,0.7243158367,0.0000000000
100000000542087100,peripheral,1.0000000000,20,0.0563411183,in_deg=1; out_deg=0; in=8506.91; out=0 KZT; tx=1/0; role_score=1.000; depth=4; truncated=1; is_seed=0,4,False,1,0,8506.9100000000,0.0000000000,1,0,0.0002848770,0.0000000000,True,True,1,1,0,0.0000000000,0.0000000000,0.0000000000,0.0318060498,0.0000000000,0.0000000000,0.0000000000,0.0000000000,0.0000000000,1.0000000000,0.0486765366,0.2626738448,0.0000000000
100000000552584100,terminal,0.7301665156,21,0.5082141356,in_deg=1; out_deg=1; in=2.5e+06; out=57500 KZT; tx=3/1; out/in=0.023; prev_day=0.000; depth=3; truncated=0; is_seed=0,3,False,1,1,2500000.0000000000,57500.0000000000,3,1,0.0013958160,0.0230000000,False,True,3,9,0,0.0000000000,0.0000000000,0.0000000000,0.9704181495,0.0000000000,0.1751186359,0.0000000000,0.7301665156,0.0000000000,0.2698334844,0.9791386272,0.7857783760,0.0000000000
100000000555721100,consolidator,0.7943487458,0,0.3281139538,in_deg=2; out_deg=0; in=113000; out=0 KZT; tx=3/0; role_score=0.794; depth=1; truncated=0; is_seed=0,1,False,2,0,113000.0000000000,0.0000000000,3,0,0.0003063824,0.0000000000,False,True,2,13,0,0.0000000000,0.0000000000,0.0000000000,0.4592971530,0.7943487458,0.0000000000,0.0000000000,0.7943487458,0.0000000000,0.2056512542,0.6022880215,0.7243158367,0.0000000000
100000000557536100,peripheral,1.0000000000,20,0.3529188749,in_deg=1; out_deg=0; in=153000; out=0 KZT; tx=7/0; role_score=1.000; depth=4; truncated=1; is_seed=0,4,False,1,0,153000.0000000000,0.0000000000,7,0,0.0002991407,0.0000000000,True,True,6,13,0,0.0000000000,0.0000000000,0.0000000000,0.3925711744,0.0000000000,0.0000000000,0.0000000000,0.0000000000,0.0000000000,1.0000000000,0.6550022432,0.8685509197,0.0000000000
100000000560751100,peripheral,0.6523118767,12,0.2306960706,in_deg=1; out_deg=0; in=25000; out=0 KZT; tx=1/0; role_score=0.652; depth=3; truncated=0; is_seed=0,3,False,1,0,25000.0000000000,0.0000000000,1,0,0.0005491283,0.0000000000,False,True,1,1,0,0.0000000000,0.0000000000,0.0000000000,0.8520907473,0.0000000000,0.0000000000,0.0000000000,0.3476881233,0.0000000000,0.6523118767,0.2539255271,0.2626738448,0.0000000000
100000000561160100,peripheral,1.0000000000,2,0.3351614625,in_deg=1; out_deg=0; in=240000; out=0 KZT; tx=1/0; role_score=1.000; depth=4; truncated=1; is_seed=0,4,False,1,0,240000.0000000000,0.0000000000,1,0,0.0004336704,0.0000000000,True,True,1,1,0,0.0000000000,0.0000000000,0.0000000000,0.7368772242,0.0000000000,0.0000000000,0.0000000000,0.0000000000,0.0000000000,1.0000000000,0.7409152086,0.2626738448,0.0000000000
100000000569479100,terminal,0.5317316410,0,0.3410420199,in_deg=1; out_deg=0; in=320000; out=0 KZT; tx=1/0; out/in=0; prev_day=0.000; depth=3; truncated=0; is_seed=0,3,False,1,0,320000.0000000000,0.0000000000,1,0,0.0003926719,0.0000000000,False,True,1,1,0,0.0000000000,0.0000000000,0.0000000000,0.6990658363,0.0000000000,0.0000000000,0.0000000000,0.5317316410,0.0000000000,0.4682683590,0.7871242710,0.2626738448,0.0000000000
100000000572276100,peripheral,0.8294032004,22,0.2431443141,in_deg=1; out_deg=1; in=13075; out=34547 KZT; tx=1/1; role_score=0.829; depth=3; truncated=0; is_seed=0,3,False,1,1,13075.0000000000,34547.0000000000,1,1,0.0002860630,2.6422179732,False,True,2,14,0,0.0000000000,0.0000013870,0.1143572621,0.0691725979,0.0000000000,0.1705967996,0.0000000000,0.0000000000,0.1008018628,0.8294032004,0.4075818753,0.6056527591,0.0000000000
100000000580561100,distributor,0.6639769452,23,0.5540410112,in_deg=2; out_deg=3; in=27980; out=1.48808e+06 KZT; tx=3/13; role_score=0.664; depth=0; truncated=0; is_seed=1,0,True,2,3,27980.0000000000,1488077.0000000000,3,13,0.0008289636,53.1835954253,False,True,12,29,0,0.0000000000,0.0000011889,0.0976627713,0.9330516014,0.4776669689,0.6141432457,0.6639769452,0.0000000000,0.3482794203,0.3360230548,0.9531179901,0.9441453567,0.0000000000
100000000581662100,peripheral,1.0000000000,24,0.1562304672,in_deg=1; out_deg=0; in=21160; out=0 KZT; tx=1/0; role_score=1.000; depth=4; truncated=1; is_seed=0,4,False,1,0,21160.0000000000,0.0000000000,1,0,0.0003012685,0.0000000000,True,True,1,1,0,0.0000000000,0.0000000000,0.0000000000,0.4165925267,0.0000000000,0.0000000000,0.0000000000,0.0000000000,0.0000000000,1.0000000000,0.2173620458,0.2626738448,0.0000000000
100000000581682100,peripheral,1.0000000000,15,0.0707112019,in_deg=1; out_deg=0; in=5000; out=0 KZT; tx=1/0; role_score=1.000; depth=4; truncated=1; is_seed=0,4,False,1,0,5000.0000000000,0.0000000000,1,0,0.0002892828,0.0000000000,True,True,1,1,0,0.0000000000,0.0000000000,0.0000000000,0.1963967972,0.0000000000,0.0000000000,0.0000000000,0.0000000000,0.0000000000,1.0000000000,0.0074024226,0.2626738448,0.0000000000
100000000583220100,peripheral,0.6272938958,25,0.5354894361,in_deg=1; out_deg=1; in=5000; out=761255 KZT; tx=1/4; role_score=0.627; depth=3; truncated=0; is_seed=0,3,False,1,1,5000.0000000000,761255.0000000000,1,4,0.0002964898,152.2510000000,False,True,5,24,0,0.0000000000,0.0000196165,0.3823038397,0.3503113879,0.0000000000,0.1614827624,0.0000000000,0.0000000000,0.3727061042,0.6272938958,0.9028712427,0.8227904890,0.0000000000
100000000594783100,terminal,0.7438205446,21,0.5760544790,in_deg=1; out_deg=2; in=2.635e+06; out=152500 KZT; tx=10/2; out/in=0.0579; prev_day=0.500; depth=3; truncated=0; is_seed=0,3,False,1,2,2635000.0000000000,152500.0000000000,10,2,0.0014558520,0.0578747628,False,True,8,26,1,0.5000000000,0.0000000000,0.0000000000,0.9735320285,0.0000000000,0.3678724479,0.4290746077,0.7438205446,0.0000000000,0.2561794554,0.9818304172,0.9228353522,0.4614176761
100000000596954100,coordinator,0.6754592842,2,0.6152307637,in_deg=1; out_deg=2; in=120000; out=48100 KZT; tx=1/2; bet_pct=0.629; pr_pct=0.785; depth=2; truncated=0; is_seed=0,2,False,1,2,120000.0000000000,48100.0000000000,1,2,0.0005125061,0.4008333333,False,True,2,3,0,0.0000000000,0.0000483478,0.6285475793,0.7849199288,0.0000000000,0.3293421790,0.3658341338,0.2838753526,0.6754592842,0.3245407158,0.6754149843,0.7243158367,0.0000000000
100000000600707100,peripheral,1.0000000000,26,0.3567534484,in_deg=1; out_deg=0; in=89000; out=0 KZT; tx=2/0; role_score=1.000; depth=4; truncated=1; is_seed=0,4,False,1,0,89000.0000000000,0.0000000000,2,0,0.0005665291,0.0000000000,True,True,2,10,0,0.0000000000,0.0000000000,0.0000000000,0.8672153025,0.0000000000,0.0000000000,0.0000000000,0.0000000000,0.0000000000,1.0000000000,0.5432929565,0.6056527591,0.0000000000
100000000607731100,peripheral,0.7994234236,27,0.3223436722,in_deg=1; out_deg=1; in=20000; out=66666 KZT; tx=1/1; role_score=0.799; depth=1; truncated=0; is_seed=0,1,False,1,1,20000.0000000000,66666.0000000000,1,1,0.0003157271,3.3333000000,False,True,2,17,0,0.0000000000,0.0000005944,0.0517529215,0.5249110320,0.0000000000,0.2005765764,0.0000000000,0.0000000000,0.1937003547,0.7994234236,0.5385823239,0.6056527591,0.0000000000
100000000607941100,coordinator,0.7137528666,16,0.6619684028,in_deg=2; out_deg=1; in=50000; out=70000 KZT; tx=3/4; bet_pct=0.646; pr_pct=0.872; depth=2; truncated=0; is_seed=0,2,False,2,1,50000.0000000000,70000.0000000000,3,4,0.0005743728,1.4000000000,False,True,5,22,1,0.2500000000,0.0000576607,0.6460767947,0.8716637011,0.6102044928,0.3661091670,0.0000000000,0.0000000000,0.7137528666,0.2862471334,0.6123822342,0.8685509197,0.2171377299
100000000608031100,peripheral,1.0000000000,28,0.2389496660,in_deg=1; out_deg=0; in=30000; out=0 KZT; tx=1/0; role_score=1.000; depth=4; truncated=1; is_seed=0,4,False,1,0,30000.0000000000,0.0000000000,1,0,0.0005354300,0.0000000000,True,True,1,1,0,0.0000000000,0.0000000000,0.0000000000,0.8267348754,0.0000000000,0.0000000000,0.0000000000,0.0000000000,0.0000000000,1.0000000000,0.3021534320,0.2626738448,0.0000000000
100000000611474100,peripheral,0.6277576307,29,0.2517582799,in_deg=1; out_deg=0; in=32000; out=0 KZT; tx=1/0; role_score=0.628; depth=3; truncated=0; is_seed=0,3,False,1,0,32000.0000000000,0.0000000000,1,0,0.0005919520,0.0000000000,False,True,1,1,0,0.0000000000,0.0000000000,0.0000000000,0.8792259786,0.0000000000,0.0000000000,0.0000000000,0.3722423693,0.0000000000,0.6277576307,0.3218932257,0.2626738448,0.0000000000
100000000625169100,peripheral,0.7238591720,22,0.0765499346,in_deg=1; out_deg=0; in=10000; out=0 KZT; tx=1/0; role_score=0.724; depth=2; truncated=0; is_seed=0,2,False,1,0,10000.0000000000,0.0000000000,1,0,0.0002874080,0.0000000000,False,True,1,1,0,0.0000000000,0.0000000000,0.0000000000,0.1298932384,0.0000000000,0.0000000000,0.0000000000,0.2761408280,0.0000000000,0.7238591720,0.0706594886,0.2626738448,0.0000000000
100000000627521100,peripheral,1.0000000000,30,0.0504563999,in_deg=1; out_deg=0; in=6500; out=0 KZT; tx=1/0; role_score=1.000; depth=4; truncated=1; is_seed=0,4,False,1,0,6500.0000000000,0.0000000000,1,0,0.0002845635,0.0000000000,True,True,1,1,0,0.0000000000,0.0000000000,0.0000000000,0.0202402135,0.0000000000,0.0000000000,0.0000000000,0.0000000000,0.0000000000,1.0000000000,0.0320771646,0.2626738448,0.0000000000
100000000629812100,consolidator,0.6219401632,31,0.1986004558,in_deg=2; out_deg=0; in=22000; out=0 KZT; tx=2/0; role_score=0.622; depth=2; truncated=0; is_seed=0,2,False,2,0,22000.0000000000,0.0000000000,2,0,0.0002963618,0.0000000000,False,True,2,26,0,0.0000000000,0.0000000000,0.0000000000,0.3489768683,0.6219401632,0.0000000000,0.0000000000,0.6219401632,0.0000000000,0.3780598368,0.2216240467,0.6056527591,0.0000000000
100000000634341100,peripheral,1.0000000000,0,0.2793921949,in_deg=1; out_deg=0; in=24000; out=0 KZT; tx=2/0; role_score=1.000; depth=4; truncated=1; is_seed=0,4,False,1,0,24000.0000000000,0.0000000000,2,0,0.0005515764,0.0000000000,True,True,2,4,0,0.0000000000,0.0000000000,0.0000000000,0.8543149466,0.0000000000,0.0000000000,0.0000000000,0.0000000000,0.0000000000,1.0000000000,0.2415881561,0.6056527591,0.0000000000
100000000640800100,distributor,0.6929394813,8,0.6967554539,in_deg=1; out_deg=4; in=80000; out=518135 KZT; tx=1/6; role_score=0.693; depth=3; truncated=0; is_seed=0,3,False,1,4,80000.0000000000,518135.0000000000,1,6,0.0003015719,6.4766875000,False,True,5,22,0,0.0000000000,0.0001451750,0.8071786311,0.4219306050,0.0000000000,0.3051253306,0.6929394813,0.0000000000,0.6916042232,0.3070605187,0.8826828174,0.8685509197,0.0000000000
100000000646541100,consolidator,0.7172106377,0,0.3001360214,in_deg=3; out_deg=0; in=25300; out=0 KZT; tx=4/0; role_score=0.717; depth=2; truncated=0; is_seed=0,2,False,3,0,25300.0000000000,0.0000000000,4,0,0.0005028430,0.0000000000,False,True,4,9,0,0.0000000000,0.0000000000,0.0000000000,0.7795818505,0.7172106377,0.0000000000,0.0000000000,0.7172106377,0.0000000000,0.2827893623,0.2613279498,0.7857783760,0.0000000000
100000000655469100,peripheral,1.0000000000,32,0.2327023203,in_deg=1; out_deg=0; in=20000; out=0 KZT; tx=2/0; role_score=1.000; depth=4; truncated=1; is_seed=0,4,False,1,0,20000.0000000000,0.0000000000,2,0,0.0003434698,0.0000000000,True,True,2,5,0,0.0000000000,0.0000000000,0.0000000000,0.6163256228,0.0000000000,0.0000000000,0.0000000000,0.0000000000,0.0000000000,1.0000000000,0.1976222521,0.6056527591,0.0000000000
100000000656682100,peripheral,0.5669228306,0,0.4941139207,in_deg=1; out_deg=2; in=71000; out=80000 KZT; tx=1/3; role_score=0.567; depth=3; truncated=0; is_seed=0,3,False,1,2,71000.0000000000,80000.0000000000,1,3,0.0002880081,1.1267605634,False,True,4,14,0,0.0000000000,0.0000384405,0.5442404007,0.1523576512,0.0000000000,0.3802760936,0.4330771694,0.0000000000,0.4266755758,0.5669228306,0.6516375056,0.7857783760,0.0000000000
100000000661131100,peripheral,0.6957540042,22,0.0870914618,in_deg=1; out_deg=0; in=15600; out=0 KZT; tx=1/0; role_score=0.696; depth=3; truncated=0; is_seed=0,3,False,1,0,15600.0000000000,0.0000000000,1,0,0.0002864543,0.0000000000,False,True,1,1,0,0.0000000000,0.0000000000,0.0000000000,0.0782918149,0.0000000000,0.0000000000,0.0000000000,0.3042459958,0.0000000000,0.6957540042,0.1437864513,0.2626738448,0.0000000000
100000000661912100,coordinator,0.9581517461,8,0.8729464428,in_deg=5; out_deg=2; in=393036; out=430700 KZT; tx=9/8; bet_pct=0.949; pr_pct=0.979; depth=1; truncated=0; is_seed=0,1,False,5,2,393036.0000000000,430700.0000000000,9,8,0.0017931419,1.0958283720,False,True,10,29,2,0.2500000000,0.0013336905,0.9490818030,0.9793149466,0.8110995985,0.6350595137,0.4520378757,0.0000000000,0.9581517461,0.0418482539,0.9104979812,0.9499775684,0.2374943921
100000000667713100,coordinator,0.7239969567,16,0.6938737587,in_deg=2; out_deg=6; in=119495; out=79236 KZT; tx=10/7; bet_pct=0.802; pr_pct=0.542; depth=1; truncated=0; is_seed=0,1,False,2,6,119495.0000000000,79236.0000000000,10,7,0.0003183417,0.6630905059,False,True,11,28,1,0.1428571429,0.0001396763,0.8021702838,0.5415925267,0.5241387126,0.5782899247,0.6096001441,0.2825396936,0.7239969567,0.2760030433,0.7032301480,0.9499775684,0.1357110812
100000000673868100,distributor,0.7630083253,33,0.7745328441,in_deg=1; out_deg=5; in=2.03065e+06; out=383000 KZT; tx=5/19; role_score=0.763; depth=3; truncated=0; is_seed=0,3,False,1,5,2030650.0000000000,383000.0000000000,5,19,0.0011624909,0.1886095585,False,True,11,13,6,0.3157894737,0.0000410164,0.6001669449,0.9601868327,0.0000000000,0.5616340563,0.7630083253,0.6253395205,0.7081729113,0.2369916747,0.9759982055,0.9717362046,0.3068640646
100000000673915100,peripheral,1.0000000000,20,0.1019999683,in_deg=1; out_deg=0; in=20200; out=0 KZT; tx=1/0; role_score=1.000; depth=4; truncated=1; is_seed=0,4,False,1,0,20200.0000000000,0.0000000000,1,0,0.0002860313,0.0000000000,True,True,1,1,0,0.0000000000,0.0000000000,0.0000000000,0.0673932384,0.0000000000,0.0000000000,0.0000000000,0.0000000000,0.0000000000,1.0000000000,0.2099596231,0.2626738448,0.0000000000
100000000703894100,peripheral,0.6644032689,27,0.3876666740,in_deg=1; out_deg=1; in=120000; out=35000 KZT; tx=1/1; role_score=0.664; depth=1; truncated=0; is_seed=0,1,False,1,1,120000.0000000000,35000.0000000000,1,1,0.0004741760,0.2916666667,False,True,2,14,0,0.0000000000,0.0000005944,0.0517529215,0.7600088968,0.0000000000,0.1664930556,0.0000000000,0.3355967311,0.2642297141,0.6644032689,0.6588156124,0.6056527591,0.0000000000
100000000703902100,peripheral,0.6487609550,22,0.1349961393,in_deg=1; out_deg=0; in=25499; out=0 KZT; tx=1/0; role_score=0.649; depth=1; truncated=0; is_seed=0,1,False,1,0,25499.0000000000,0.0000000000,1,0,0.0002893489,0.0000000000,False,True,1,1,0,0.0000000000,0.0000000000,0.0000000000,0.1995106762,0.0000000000,0.0000000000,0.0000000000,0.3512390450,0.0000000000,0.6487609550,0.2626738448,0.2626738448,0.0000000000
100000000704700100,peripheral,1.0000000000,34,0.1791411268,in_deg=1; out_deg=0; in=10000; out=0 KZT; tx=1/0; role_score=1.000; depth=4; truncated=1; is_seed=0,4,False,1,0,10000.0000000000,0.0000000000,1,0,0.0005300971,0.0000000000,True,True,1,1,0,0.0000000000,0.0000000000,0.0000000000,0.8138345196,0.0000000000,0.0000000000,0.0000000000,0.0000000000,0.0000000000,1.0000000000,0.0706594886,0.2626738448,0.0000000000
100000000706545100,terminal,0.8886026312,16,0.6548037282,in_deg=3; out_deg=1; in=1.0703e+06; out=75800 KZT; tx=8/3; out/in=0.0708; prev_day=0.000; depth=1; truncated=0; is_seed=0,1,False,3,1,1070300.0000000000,75800.0000000000,8,3,0.0034135577,0.0708212651,False,True,9,22,0,0.0000000000,0.0000196165,0.3823038397,0.9988879004,0.8367898157,0.2697118977,0.0000000000,0.8886026312,0.5672790579,0.1113973688,0.9360699865,0.9143113504,0.0000000000
100000000718427100,peripheral,0.7429737081,22,0.0564397155,in_deg=1; out_deg=0; in=6000; out=0 KZT; tx=1/0; role_score=0.743; depth=2; truncated=0; is_seed=0,2,False,1,0,6000.0000000000,0.0000000000,1,0,0.0002860597,0.0000000000,False,True,1,1,0,0.0000000000,0.0000000000,0.0000000000,0.0687277580,0.0000000000,0.0000000000,0.0000000000,0.2570262919,0.0000000000,0.7429737081,0.0269179004,0.2626738448,0.0000000000
100000000723383100,coordinator,0.7981531720,32,0.6383318574,in_deg=1; out_deg=2; in=6800; out=75000 KZT; tx=1/2; bet_pct=0.846; pr_pct=0.688; depth=2; truncated=0; is_seed=0,2,False,1,2,6800.0000000000,75000.0000000000,1,2,0.0003867964,11.0294117647,False,True,2,6,0,0.0000000000,0.0002389651,0.8455759599,0.6875000000,0.0000000000,0.1748750378,0.3936519372,0.0000000000,0.7981531720,0.2018468280,0.5224315837,0.7243158367,0.0000000000
100000000724540100,peripheral,0.5744504111,35,0.4654105055,in_deg=1; out_deg=1; in=50000; out=100000 KZT; tx=1/1; role_score=0.574; depth=2; truncated=0; is_seed=0,2,False,1,1,50000.0000000000,100000.0000000000,1,1,0.0003079422,2.0000000000,False,True,2,22,0,0.0000000000,0.0000198147,0.4065108514,0.4699733096,0.0000000000,0.2376741114,0.0000000000,0.0000000000,0.4255495889,0.5744504111,0.6471511889,0.6056527591,0.0000000000
100000000733373100,peripheral,0.7173617407,16,0.1272411477,in_deg=1; out_deg=0; in=10710; out=0 KZT; tx=1/0; role_score=0.717; depth=2; truncated=0; is_seed=0,2,False,1,0,10710.0000000000,0.0000000000,1,0,0.0003041165,0.0000000000,False,True,1,1,0,0.0000000000,0.0000000000,0.0000000000,0.4401690391,0.0000000000,0.0000000000,0.0000000000,0.2826382593,0.0000000000,0.7173617407,0.0872588605,0.2626738448,0.0000000000
100000000733451100,coordinator,0.6011908564,12,0.6117439253,in_deg=1; out_deg=1; in=70000; out=300000 KZT; tx=2/1; bet_pct=0.502; pr_pct=0.833; depth=3; truncated=0; is_seed=0,3,False,1,1,70000.0000000000,300000.0000000000,2,1,0.0005373675,4.2857142857,False,True,2,13,0,0.0000000000,0.0000245702,0.5016694491,0.8334074733,0.0000000000,0.2599263529,0.0000000000,0.0000000000,0.6011908564,0.3988091436,0.8100044863,0.7243158367,0.0000000000
100000000733940100,peripheral,1.0000000000,36,0.4233123776,in_deg=1; out_deg=0; in=752000; out=0 KZT; tx=2/0; role_score=1.000; depth=4; truncated=1; is_seed=0,4,False,1,0,752000.0000000000,0.0000000000,2,0,0.0004087356,0.0000000000,True,True,2,9,0,0.0000000000,0.0000000000,0.0000000000,0.7146352313,0.0000000000,0.0000000000,0.0000000000,0.0000000000,0.0000000000,1.0000000000,0.9010767160,0.6056527591,0.0000000000
100000000737152100,peripheral,1.0000000000,0,0.2160379287,in_deg=1; out_deg=0; in=35000; out=0 KZT; tx=1/0; role_score=1.000; depth=4; truncated=1; is_seed=0,4,False,1,0,35000.0000000000,0.0000000000,1,0,0.0003425647,0.0000000000,True,True,1,1,0,0.0000000000,0.0000000000,0.0000000000,0.6145462633,0.0000000000,0.0000000000,0.0000000000,0.0000000000,0.0000000000,1.0000000000,0.3378196501,0.2626738448,0.0000000000
100000000749118100,peripheral,0.7925764100,0,0.2637050655,in_deg=1; out_deg=1; in=10330; out=16500 KZT; tx=1/1; role_score=0.793; depth=3; truncated=0; is_seed=0,3,False,1,1,10330.0000000000,16500.0000000000,1,1,0.0002846150,1.5972894482,False,True,2,20,0,0.0000000000,0.0000192202,0.2863105175,0.0233540925,0.0000000000,0.1522384508,0.0000000000,0.0000000000,0.2074235900,0.7925764100,0.2765814266,0.6056527591,0.0000000000
100000000764836100,coordinator,0.5589264655,8,0.5830971493,in_deg=1; out_deg=2; in=251716; out=50000 KZT; tx=1/2; bet_pct=0.544; pr_pct=0.593; depth=3; truncated=0; is_seed=0,3,False,1,2,251716.0000000000,50000.0000000000,1,2,0.0003348476,0.1986365587,False,True,2,10,0,0.0000000000,0.0000384405,0.5442404007,0.5931939502,0.0000000000,0.3108476005,0.3702369516,0.4170892073,0.5589264655,0.4410735345,0.7799461642,0.7243158367,0.0000000000
100000000765628100,peripheral,0.7521909943,16,0.1186871806,in_deg=1; out_deg=0; in=5000; out=0 KZT; tx=1/0; role_score=0.752; depth=2; truncated=0; is_seed=0,2,False,1,0,5000.0000000000,0.0000000000,1,0,0.0003136961,0.0000000000,False,True,1,1,0,0.0000000000,0.0000000000,0.0000000000,0.5162366548,0.0000000000,0.0000000000,0.0000000000,0.2478090057,0.0000000000,0.7521909943,0.0074024226,0.2626738448,0.0000000000
100000000769919100,terminal,0.5194922937,37,0.3641801885,in_deg=1; out_deg=0; in=250000; out=0 KZT; tx=1/0; out/in=0; prev_day=0.000; depth=2; truncated=0; is_seed=0,2,False,1,0,250000.0000000000,0.0000000000,1,0,0.0007306859,0.0000000000,False,True,1,1,0,0.0000000000,0.0000000000,0.0000000000,0.9183718861,0.0000000000,0.0000000000,0.0000000000,0.5194922937,0.0000000000,0.4805077063,0.7480933154,0.2626738448,0.0000000000
100000000782285100,peripheral,0.7415382291,0,0.1291902108,in_deg=1; out_deg=0; in=6151; out=0 KZT; tx=1/0; role_score=0.742; depth=3; truncated=0; is_seed=0,3,False,1,0,6151.0000000000,0.0000000000,1,0,0.0003191404,0.0000000000,False,True,1,1,0,0.0000000000,0.0000000000,0.0000000000,0.5473754448,0.0000000000,0.0000000000,0.0000000000,0.2584617709,0.0000000000,0.7415382291,0.0307312696,0.2626738448,0.0000000000
100000000783406100,peripheral,0.7419159867,38,0.0732269869,in_deg=1; out_deg=0; in=6066; out=0 KZT; tx=1/0; role_score=0.742; depth=3; truncated=0; is_seed=0,3,False,1,0,6066.0000000000,0.0000000000,1,0,0.0002886182,0.0000000000,False,True,1,1,0,0.0000000000,0.0000000000,0.0000000000,0.1761565836,0.0000000000,0.0000000000,0.0000000000,0.2580840133,0.0000000000,0.7419159867,0.0296096904,0.2626738448,0.0000000000
100000000785800100,peripheral,0.8253602305,39,0.2766071162,in_deg=1; out_deg=1; in=19000; out=19000 KZT; tx=1/1; role_score=0.825; depth=2; truncated=0; is_seed=0,2,False,1,1,19000.0000000000,19000.0000000000,1,1,0.0003580522,1.0000000000,False,True,1,1,0,0.0000000000,0.0000000000,0.0000000000,0.6465747331,0.0000000000,0.1746397695,0.0000000000,0.0000000000,0.0000000000,0.8253602305,0.3550919695,0.6056527591,0.0000000000
100000000790311100,peripheral,0.6017679057,3,0.1961104801,in_deg=1; out_deg=0; in=46300; out=0 KZT; tx=1/0; role_score=0.602; depth=2; truncated=0; is_seed=0,2,False,1,0,46300.0000000000,0.0000000000,1,0,0.0002986535,0.0000000000,False,True,1,1,0,0.0000000000,0.0000000000,0.0000000000,0.3841192171,0.0000000000,0.0000000000,0.0000000000,0.3982320943,0.0000000000,0.6017679057,0.3963660834,0.2626738448,0.0000000000
100000000791285100,coordinator,0.6568262124,14,0.6919057038,in_deg=1; out_deg=3; in=1.12e+06; out=650000 KZT; tx=2/3; bet_pct=0.568; pr_pct=0.865; depth=3; truncated=0; is_seed=0,3,False,1,3,1120000.0000000000,650000.0000000000,2,3,0.0005624015,0.5803571429,False,True,2,24,0,0.0000000000,0.0000388368,0.5676126878,0.8649911032,0.0000000000,0.5457169017,0.6005643612,0.2961215084,0.6568262124,0.3431737876,0.9602960969,0.8227904890,0.0000000000
100000000795033100,peripheral,0.6818525234,0,0.2061953230,in_deg=1; out_deg=0; in=18200; out=0 KZT; tx=1/0; role_score=0.682; depth=2; truncated=0; is_seed=0,2,False,1,0,18200.0000000000,0.0000000000,1,0,0.0005298611,0.0000000000,False,True,1,1,0,0.0000000000,0.0000000000,0.0000000000,0.8125000000,0.0000000000,0.0000000000,0.0000000000,0.3181474766,0.0000000000,0.6818525234,0.1796769852,0.2626738448,0.0000000000
100000000795129100,terminal,0.5334693261,3,0.3409170995,in_deg=1; out_deg=0; in=332000; out=0 KZT; tx=1/0; out/in=0; prev_day=0.000; depth=2; truncated=0; is_seed=0,2,False,1,0,332000.0000000000,0.0000000000,1,0,0.0003888448,0.0000000000,False,True,1,1,0,0.0000000000,0.0000000000,0.0000000000,0.6915035587,0.0000000000,0.0000000000,0.0000000000,0.5334693261,0.0000000000,0.4665306739,0.7911619560,0.2626738448,0.0000000000
100000000795374100,peripheral,0.5913417951,8,0.1924640656,in_deg=1; out_deg=0; in=50000; out=0 KZT; tx=1/0; role_score=0.591; depth=3; truncated=0; is_seed=0,3,False,1,0,50000.0000000000,0.0000000000,1,0,0.0002941301,0.0000000000,False,True,1,1,0,0.0000000000,0.0000000000,0.0000000000,0.3149466192,0.0000000000,0.0000000000,0.0000000000,0.4086582049,0.0000000000,0.5913417951,0.4232839838,0.2626738448,0.0000000000
100000000802149100,peripheral,0.5348292536,0,0.2306538717,in_deg=1; out_deg=0; in=104128; out=0 KZT; tx=1/0; role_score=0.535; depth=3; truncated=0; is_seed=0,3,False,1,0,104128.0000000000,0.0000000000,1,0,0.0002932013,0.0000000000,False,True,1,1,0,0.0000000000,0.0000000000,0.0000000000,0.2973754448,0.0000000000,0.0000000000,0.0000000000,0.4651707464,0.0000000000,0.5348292536,0.5865859130,0.2626738448,0.0000000000
100000000803368100,peripheral,1.0000000000,40,0.3235181235,in_deg=1; out_deg=0; in=139503; out=0 KZT; tx=1/0; role_score=1.000; depth=4; truncated=1; is_seed=0,4,False,1,0,139503.0000000000,0.0000000000,1,0,0.0005451307,0.0000000000,True,True,1,1,0,0.0000000000,0.0000000000,0.0000000000,0.8431939502,0.0000000000,0.0000000000,0.0000000000,0.0000000000,0.0000000000,1.0000000000,0.6305518170,0.2626738448,0.0000000000
100000000806727100,peripheral,0.6483664081,8,0.2893846572,in_deg=1; out_deg=1; in=45000; out=5000 KZT; tx=1/1; role_score=0.648; depth=2; truncated=0; is_seed=0,2,False,1,1,45000.0000000000,5000.0000000000,1,1,0.0003438728,0.1111111111,False,True,2,22,0,0.0000000000,0.0000000000,0.0000000000,0.6181049822,0.0000000000,0.0940815455,0.0000000000,0.3516335919,0.0000000000,0.6483664081,0.4232839838,0.6056527591,0.0000000000
100000000810551100,coordinator,0.6311662676,2,0.5541991051,in_deg=1; out_deg=1; in=100000; out=7100 KZT; tx=1/1; bet_pct=0.714; pr_pct=0.439; depth=1; truncated=0; is_seed=0,1,False,1,1,100000.0000000000,7100.0000000000,1,1,0.0003038989,0.0710000000,False,True,2,3,0,0.0000000000,0.0000776956,0.7136894825,0.4386120996,0.0000000000,0.1019906340,0.0000000000,0.4282131309,0.6311662676,0.3688337324,0.5910722297,0.6056527591,0.0000000000
100000000817146100,peripheral,0.5647476579,16,0.2955694379,in_deg=1; out_deg=0; in=70020; out=0 KZT; tx=1/0; role_score=0.565; depth=1; truncated=0; is_seed=0,1,False,1,0,70020.0000000000,0.0000000000,1,0,0.0005856493,0.0000000000,False,True,1,1,0,0.0000000000,0.0000000000,0.0000000000,0.8774466192,0.0000000000,0.0000000000,0.0000000000,0.4352523421,0.0000000000,0.5647476579,0.4982054733,0.2626738448,0.0000000000
100000000821507100,terminal,0.5421577516,33,0.3340245564,in_deg=1; out_deg=0; in=400000; out=0 KZT; tx=1/0; out/in=0; prev_day=0.000; depth=2; truncated=0; is_seed=0,2,False,1,0,400000.0000000000,0.0000000000,1,0,0.0003335534,0.0000000000,False,True,1,1,0,0.0000000000,0.0000000000,0.0000000000,0.5909697509,0.0000000000,0.0000000000,0.0000000000,0.5421577516,0.0000000000,0.4578422484,0.8239120682,0.2626738448,0.0000000000
100000000831684100,peripheral,0.7155339417,7,0.4192141498,in_deg=1; out_deg=1; in=15000; out=50000 KZT; tx=2/3; role_score=0.716; depth=2; truncated=0; is_seed=0,2,False,1,1,15000.0000000000,50000.0000000000,2,3,0.0019896887,3.3333333333,False,True,3,11,1,0.3333333333,0.0000000000,0.0000000000,0.9842081851,0.0000000000,0.2844660583,0.0000000000,0.0000000000,0.0000000000,0.7155339417,0.4829519964,0.8227904890,0.2742634963
100000000838385100,coordinator,0.6210894566,15,0.7035722444,in_deg=1; out_deg=2; in=436900; out=177500 KZT; tx=8/6; bet_pct=0.467; pr_pct=0.982; depth=3; truncated=0; is_seed=0,3,False,1,2,436900.0000000000,177500.0000000000,8,6,0.0019278576,0.4062714580,False,True,7,28,2,0.3333333333,0.0000217962,0.4666110184,0.9815391459,0.0000000000,0.4970663926,0.5277377522,0.4479878323,0.6210894566,0.3789105434,0.8858232391,0.9358456707,0.3119485569
100000000850297100,peripheral,0.8279538905,18,0.2179570615,in_deg=1; out_deg=1; in=17520; out=17520 KZT; tx=1/1; role_score=0.828; depth=2; truncated=0; is_seed=0,2,False,1,1,17520.0000000000,17520.0000000000,1,1,0.0002923245,1.0000000000,False,True,1,1,0,0.0000000000,0.0000000000,0.0000000000,0.2802491103,0.0000000000,0.1720461095,0.0000000000,0.0000000000,0.0000000000,0.8279538905,0.3402871243,0.6056527591,0.0000000000
100000000860514100,peripheral,0.5721239507,13,0.4237854899,in_deg=1; out_deg=1; in=12000; out=50000 KZT; tx=1/1; role_score=0.572; depth=3; truncated=0; is_seed=0,3,False,1,1,12000.0000000000,50000.0000000000,1,1,0.0003045973,4.1666666667,False,True,2,12,0,0.0000000000,0.0000200128,0.4207011686,0.4446174377,0.0000000000,0.1814217099,0.0000000000,0.0000000000,0.4278760493,0.5721239507,0.4759982055,0.6056527591,0.0000000000
100000000861294100,peripheral,0.5135237232,1,0.2768227707,in_deg=1; out_deg=0; in=150000; out=0 KZT; tx=1/0; role_score=0.514; depth=2; truncated=0; is_seed=0,2,False,1,0,150000.0000000000,0.0000000000,1,0,0.0003122756,0.0000000000,False,True,1,1,0,0.0000000000,0.0000000000,0.0000000000,0.5042259786,0.0000000000,0.0000000000,0.0000000000,0.4864762768,0.0000000000,0.5135237232,0.6471511889,0.2626738448,0.0000000000
100000000870121100,peripheral,0.7137352675,12,0.1410733323,in_deg=1; out_deg=0; in=12000; out=0 KZT; tx=1/0; role_score=0.714; depth=3; truncated=0; is_seed=0,3,False,1,0,12000.0000000000,0.0000000000,1,0,0.0003139233,0.0000000000,False,True,1,1,0,0.0000000000,0.0000000000,0.0000000000,0.5166814947,0.0000000000,0.0000000000,0.0000000000,0.2862647325,0.0000000000,0.7137352675,0.0966801256,0.2626738448,0.0000000000
100000000878006100,peripheral,0.5996524630,10,0.1475240491,in_deg=1; out_deg=0; in=47003; out=0 KZT; tx=1/0; role_score=0.600; depth=3; truncated=0; is_seed=0,3,False,1,0,47003.0000000000,0.0000000000,1,0,0.0002855480,0.0000000000,False,True,1,1,0,0.0000000000,0.0000000000,0.0000000000,0.0504893238,0.0000000000,0.0000000000,0.0000000000,0.4003475370,0.0000000000,0.5996524630,0.4021982952,0.2626738448,0.0000000000
100000000896111100,terminal,0.5271229979,21,0.3343750399,in_deg=1; out_deg=0; in=287100; out=0 KZT; tx=1/0; out/in=0; prev_day=0.000; depth=3; truncated=0; is_seed=0,3,False,1,0,287100.0000000000,0.0000000000,1,0,0.0003846317,0.0000000000,False,True,1,1,0,0.0000000000,0.0000000000,0.0000000000,0.6852758007,0.0000000000,0.0000000000,0.0000000000,0.5271229979,0.0000000000,0.4728770021,0.7687303724,0.2626738448,0.0000000000
100000000907277100,peripheral,0.6864611665,22,0.1023909594,in_deg=1; out_deg=0; in=17534; out=0 KZT; tx=1/0; role_score=0.686; depth=1; truncated=0; is_seed=0,1,False,1,0,17534.0000000000,0.0000000000,1,0,0.0002876898,0.0000000000,False,True,1,1,0,0.0000000000,0.0000000000,0.0000000000,0.1387900356,0.0000000000,0.0000000000,0.0000000000,0.3135388335,0.0000000000,0.6864611665,0.1686855092,0.2626738448,0.0000000000
100000000910216100,coordinator,0.7956466962,2,0.6694025316,in_deg=1; out_deg=1; in=71000; out=52010 KZT; tx=3/1; bet_pct=0.899; pr_pct=0.554; depth=2; truncated=0; is_seed=0,2,False,1,1,71000.0000000000,52010.0000000000,3,1,0.0003214555,0.7325352113,False,True,4,13,0,0.0000000000,0.0004801618,0.8989983306,0.5544928826,0.0000000000,0.2160865771,0.0000000000,0.1626693525,0.7956466962,0.2043533038,0.6148497084,0.7857783760,0.0000000000
100000000912487100,peripheral,0.7238591720,2,0.0905957531,in_deg=1; out_deg=0; in=10000; out=0 KZT; tx=1/0; role_score=0.724; depth=2; truncated=0; is_seed=0,2,False,1,0,10000.0000000000,0.0000000000,1,0,0.0002901015,0.0000000000,False,True,1,1,0,0.0000000000,0.0000000000,0.0000000000,0.2235320285,0.0000000000,0.0000000000,0.0000000000,0.2761408280,0.0000000000,0.7238591720,0.0706594886,0.2626738448,0.0000000000
100000000913911100,consolidator,0.6968369094,2,0.5800655346,in_deg=2; out_deg=1; in=467000; out=600000 KZT; tx=2/1; role_score=0.697; depth=2; truncated=0; is_seed=0,2,False,2,1,467000.0000000000,600000.0000000000,2,1,0.0004566228,1.2847965739,False,True,2,4,0,0.0000000000,0.0000194184,0.3606010017,0.7479982206,0.6968369094,0.3403484230,0.0000000000,0.0000000000,0.4768201674,0.3031630906,0.9320323015,0.7243158367,0.0000000000
100000000917179100,terminal,0.5906618314,40,0.3391584255,in_deg=1; out_deg=0; in=94465; out=0 KZT; tx=2/0; out/in=0; prev_day=0.000; depth=2; truncated=0; is_seed=0,2,False,1,0,94465.0000000000,0.0000000000,2,0,0.0004234151,0.0000000000,False,True,1,1,0,0.0000000000,0.0000000000,0.0000000000,0.7248665480,0.0000000000,0.0000000000,0.0000000000,0.5906618314,0.0000000000,0.4093381686,0.5583221175,0.6056527591,0.0000000000
100000000922570100,peripheral,0.7737326321,7,0.2760663992,in_deg=1; out_deg=1; in=47101; out=50000 KZT; tx=1/1; role_score=0.774; depth=1; truncated=0; is_seed=0,1,False,1,1,47101.0000000000,50000.0000000000,1,1,0.0002918029,1.0615485871,False,True,2,12,0,0.0000000000,0.0000001981,0.0091819699,0.2671263345,0.0000000000,0.2262673679,0.0000000000,0.0000000000,0.0865652793,0.7737326321,0.5677433827,0.6056527591,0.0000000000
100000000926078100,peripheral,1.0000000000,8,0.3442958468,in_deg=1; out_deg=0; in=250000; out=0 KZT; tx=1/0; role_score=1.000; depth=4; truncated=1; is_seed=0,4,False,1,0,250000.0000000000,0.0000000000,1,0,0.0005134172,0.0000000000,True,True,1,1,0,0.0000000000,0.0000000000,0.0000000000,0.7858096085,0.0000000000,0.0000000000,0.0000000000,0.0000000000,0.0000000000,1.0000000000,0.7480933154,0.2626738448,0.0000000000
100000000926766100,peripheral,0.7831459655,13,0.2319401055,in_deg=1; out_deg=1; in=18750; out=6000 KZT; tx=1/1; role_score=0.783; depth=3; truncated=0; is_seed=0,3,False,1,1,18750.0000000000,6000.0000000000,1,1,0.0003161623,0.3200000000,False,True,1,1,0,0.0000000000,0.0000000000,0.0000000000,0.5282473310,0.0000000000,0.1090441883,0.0000000000,0.2168540345,0.0000000000,0.7831459655,0.2474203679,0.6056527591,0.0000000000
100000000933075100,coordinator,0.5954089036,7,0.5469978569,in_deg=1; out_deg=2; in=40000; out=55000 KZT; tx=1/2; bet_pct=0.452; pr_pct=0.929; depth=3; truncated=0; is_seed=0,3,False,1,2,40000.0000000000,55000.0000000000,1,2,0.0008019147,1.3750000000,False,True,2,24,0,0.0000000000,0.0000213999,0.4524207012,0.9290480427,0.0000000000,0.3220813072,0.3772414345,0.0000000000,0.5954089036,0.4045910964,0.5625841184,0.7243158367,0.0000000000
100000000941942100,peripheral,0.5228921124,2,0.2676620632,in_deg=1; out_deg=0; in=130000; out=0 KZT; tx=1/0; role_score=0.523; depth=1; truncated=0; is_seed=0,1,False,1,0,130000.0000000000,0.0000000000,1,0,0.0003098574,0.0000000000,False,True,1,1,0,0.0000000000,0.0000000000,0.0000000000,0.4846530249,0.0000000000,0.0000000000,0.0000000000,0.4771078876,0.0000000000,0.5228921124,0.6222521310,0.2626738448,0.0000000000
100000000942301100,terminal,0.5586279843,0,0.2647117911,in_deg=1; out_deg=0; in=57580; out=0 KZT; tx=2/0; out/in=0; prev_day=0.000; depth=3; truncated=0; is_seed=0,3,False,1,0,57580.0000000000,0.0000000000,2,0,0.0002989351,0.0000000000,False,True,2,2,0,0.0000000000,0.0000000000,0.0000000000,0.3885676157,0.0000000000,0.0000000000,0.0000000000,0.5586279843,0.0000000000,0.4413720157,0.4623149394,0.6056527591,0.0000000000
100000000943371100,peripheral,0.6970383802,12,0.1406305281,in_deg=1; out_deg=0; in=15500; out=0 KZT; tx=1/0; role_score=0.697; depth=2; truncated=0; is_seed=0,2,False,1,0,15500.0000000000,0.0000000000,1,0,0.0003042693,0.0000000000,False,True,1,1,0,0.0000000000,0.0000000000,0.0000000000,0.4419483986,0.0000000000,0.0000000000,0.0000000000,0.3029616198,0.0000000000,0.6970383802,0.1397487663,0.2626738448,0.0000000000
100000000945428100,peripheral,0.5497884557,0,0.2371048579,in_deg=1; out_deg=0; in=89629; out=0 KZT; tx=1/0; role_score=0.550; depth=1; truncated=0; is_seed=0,1,False,1,0,89629.0000000000,0.0000000000,1,0,0.0003007251,0.0000000000,False,True,1,1,0,0.0000000000,0.0000000000,0.0000000000,0.4099199288,0.0000000000,0.0000000000,0.0000000000,0.4502115443,0.0000000000,0.5497884557,0.5448631673,0.2626738448,0.0000000000
100000000954884100,peripheral,0.6247355697,38,0.1947168282,in_deg=1; out_deg=0; in=34000; out=0 KZT; tx=1/0; role_score=0.625; depth=3; truncated=0; is_seed=0,3,False,1,0,34000.0000000000,0.0000000000,1,0,0.0003097134,0.0000000000,False,True,1,1,0,0.0000000000,0.0000000000,0.0000000000,0.4828736655,0.0000000000,0.0000000000,0.0000000000,0.3752644303,0.0000000000,0.6247355697,0.3315388066,0.2626738448,0.0000000000
100000000955444100,peripheral,0.7397249924,23,0.1429230000,in_deg=1; out_deg=0; in=6910; out=0 KZT; tx=1/0; role_score=0.740; depth=2; truncated=0; is_seed=0,2,False,1,0,6910.0000000000,0.0000000000,1,0,0.0003505539,0.0000000000,False,True,1,1,0,0.0000000000,0.0000000000,0.0000000000,0.6314501779,0.0000000000,0.0000000000,0.0000000000,0.2602750076,0.0000000000,0.7397249924,0.0352175864,0.2626738448,0.0000000000
100000000955529100,peripheral,0.7879530460,2,0.3344330777,in_deg=1; out_deg=1; in=27000; out=63500 KZT; tx=1/1; role_score=0.788; depth=3; truncated=0; is_seed=0,3,False,1,1,27000.0000000000,63500.0000000000,1,1,0.0002940271,2.3518518519,False,True,2,8,0,0.0000000000,0.0000033685,0.1686143573,0.3133896797,0.0000000000,0.2066927243,0.0000000000,0.0000000000,0.2120469540,0.7879530460,0.5502467474,0.6056527591,0.0000000000
100000000957746100,peripheral,1.0000000000,28,0.1371930276,in_deg=1; out_deg=0; in=5300; out=0 KZT; tx=1/0; role_score=1.000; depth=4; truncated=1; is_seed=0,4,False,1,0,5300.0000000000,0.0000000000,1,0,0.0003453405,0.0000000000,True,True,1,1,0,0.0000000000,0.0000000000,0.0000000000,0.6216637011,0.0000000000,0.0000000000,0.0000000000,0.0000000000,0.0000000000,1.0000000000,0.0181695828,0.2626738448,0.0000000000
100000000961900100,consolidator,0.7039135691,0,0.2379897280,in_deg=2; out_deg=0; in=36000; out=0 KZT; tx=3/0; role_score=0.704; depth=1; truncated=0; is_seed=0,1,False,2,0,36000.0000000000,0.0000000000,3,0,0.0002927218,0.0000000000,False,True,3,9,0,0.0000000000,0.0000000000,0.0000000000,0.2880338078,0.7039135691,0.0000000000,0.0000000000,0.7039135691,0.0000000000,0.2960864309,0.3445491252,0.7243158367,0.0000000000
100000000967918100,terminal,0.5049108492,0,0.2774243623,in_deg=1; out_deg=0; in=21200; out=0 KZT; tx=3/0; out/in=0; prev_day=0.000; depth=2; truncated=0; is_seed=0,2,False,1,0,21200.0000000000,0.0000000000,3,0,0.0004764349,0.0000000000,False,True,3,30,0,0.0000000000,0.0000000000,0.0000000000,0.7617882562,0.0000000000,0.0000000000,0.0000000000,0.5049108492,0.0000000000,0.4950891508,0.2180349933,0.7243158367,0.0000000000
100000000968253100,peripheral,0.7004381989,22,0.0893998544,in_deg=1; out_deg=0; in=15000; out=0 KZT; tx=1/0; role_score=0.700; depth=1; truncated=0; is_seed=0,1,False,1,0,15000.0000000000,0.0000000000,1,0,0.0002871619,0.0000000000,False,True,1,1,0,0.0000000000,0.0000000000,0.0000000000,0.1149911032,0.0000000000,0.0000000000,0.0000000000,0.2995618011,0.0000000000,0.7004381989,0.1310004486,0.2626738448,0.0000000000
100000000971908100,peripheral,0.5501662134,1,0.2369124831,in_deg=1; out_deg=0; in=89000; out=0 KZT; tx=1/0; role_score=0.550; depth=2; truncated=0; is_seed=0,2,False,1,0,89000.0000000000,0.0000000000,1,0,0.0003007920,0.0000000000,False,True,1,1,0,0.0000000000,0.0000000000,0.0000000000,0.4112544484,0.0000000000,0.0000000000,0.0000000000,0.4498337866,0.0000000000,0.5501662134,0.5432929565,0.2626738448,0.0000000000
100000000976943100,coordinator,0.5267389228,11,0.5455475682,in_deg=1; out_deg=1; in=70000; out=84000 KZT; tx=1/3; bet_pct=0.467; pr_pct=0.667; depth=3; truncated=0; is_seed=0,3,False,1,1,70000.0000000000,84000.0000000000,1,3,0.0003712880,1.2000000000,False,True,3,11,0,0.0000000000,0.0000217962,0.4666110184,0.6670373665,0.0000000000,0.3545469100,0.0000000000,0.0000000000,0.5267389228,0.4732610772,0.6572454015,0.7857783760,0.0000000000
100000000978041100,peripheral,0.6063009973,22,0.1802466905,in_deg=1; out_deg=0; in=44445; out=0 KZT; tx=1/0; role_score=0.606; depth=1; truncated=0; is_seed=0,1,False,1,0,44445.0000000000,0.0000000000,1,0,0.0002932955,0.0000000000,False,True,1,1,0,0.0000000000,0.0000000000,0.0000000000,0.3000444840,0.0000000000,0.0000000000,0.0000000000,0.3936990027,0.0000000000,0.6063009973,0.3833557649,0.2626738448,0.0000000000
100000000979567100,peripheral,0.7238591720,22,0.1770726215,in_deg=1; out_deg=0; in=10000; out=0 KZT; tx=1/0; role_score=0.724; depth=2; truncated=0; is_seed=0,2,False,1,0,10000.0000000000,0.0000000000,1,0,0.0005275937,0.0000000000,False,True,1,1,0,0.0000000000,0.0000000000,0.0000000000,0.8000444840,0.0000000000,0.0000000000,0.0000000000,0.2761408280,0.0000000000,0.7238591720,0.0706594886,0.2626738448,0.0000000000
100000000979923100,peripheral,0.5423088546,11,0.2395127507,in_deg=1; out_deg=0; in=97900; out=0 KZT; tx=1/0; role_score=0.542; depth=1; truncated=0; is_seed=0,1,False,1,0,97900.0000000000,0.0000000000,1,0,0.0002988029,0.0000000000,False,True,1,1,0,0.0000000000,0.0000000000,0.0000000000,0.3863434164,0.0000000000,0.0000000000,0.0000000000,0.4576911454,0.0000000000,0.5423088546,0.5686406460,0.2626738448,0.0000000000
100000000981693100,peripheral,1.0000000000,0,0.1973710892,in_deg=1; out_deg=0; in=16500; out=0 KZT; tx=1/0; role_score=1.000; depth=4; truncated=1; is_seed=0,4,False,1,0,16500.0000000000,0.0000000000,1,0,0.0005259600,0.0000000000,True,True,1,1,0,0.0000000000,0.0000000000,0.0000000000,0.7929270463,0.0000000000,0.0000000000,0.0000000000,0.0000000000,0.0000000000,1.0000000000,0.1561238223,0.2626738448,0.0000000000
100000000993112100,peripheral,0.5172257480,41,0.3091244907,in_deg=1; out_deg=0; in=141000; out=0 KZT; tx=1/0; role_score=0.517; depth=2; truncated=0; is_seed=0,2,False,1,0,141000.0000000000,0.0000000000,1,0,0.0004384961,0.0000000000,False,True,1,1,0,0.0000000000,0.0000000000,0.0000000000,0.7408807829,0.0000000000,0.0000000000,0.0000000000,0.4827742520,0.0000000000,0.5172257480,0.6343651862,0.2626738448,0.0000000000
100000000998559100,peripheral,0.5390601390,2,0.2492036588,in_deg=1; out_deg=0; in=100000; out=0 KZT; tx=1/0; role_score=0.539; depth=1; truncated=0; is_seed=0,1,False,1,0,100000.0000000000,0.0000000000,1,0,0.0003038989,0.0000000000,False,True,1,1,0,0.0000000000,0.0000000000,0.0000000000,0.4386120996,0.0000000000,0.0000000000,0.0000000000,0.4609398610,0.0000000000,0.5390601390,0.5760430686,0.2626738448,0.0000000000
100000001009583100,terminal,0.5410244787,10,0.2970044007,in_deg=1; out_deg=0; in=393740; out=0 KZT; tx=1/0; out/in=0; prev_day=0.000; depth=3; truncated=0; is_seed=0,3,False,1,0,393740.0000000000,0.0000000000,1,0,0.0002966924,0.0000000000,False,True,1,1,0,0.0000000000,0.0000000000,0.0000000000,0.3516459075,0.0000000000,0.0000000000,0.0000000000,0.5410244787,0.0000000000,0.4589755213,0.8194257515,0.2626738448,0.0000000000
100000001046057100,peripheral,0.5540193412,42,0.2511257751,in_deg=1; out_deg=0; in=83420; out=0 KZT; tx=1/0; role_score=0.554; depth=3; truncated=0; is_seed=0,3,False,1,0,83420.0000000000,0.0000000000,1,0,0.0003167599,0.0000000000,False,True,1,1,0,0.0000000000,0.0000000000,0.0000000000,0.5318060498,0.0000000000,0.0000000000,0.0000000000,0.4459806588,0.0000000000,0.5540193412,0.5278151638,0.2626738448,0.0000000000
100000001046626100,peripheral,0.5135237232,10,0.2287800661,in_deg=1; out_deg=0; in=150000; out=0 KZT; tx=1/0; role_score=0.514; depth=3; truncated=0; is_seed=0,3,False,1,0,150000.0000000000,0.0000000000,1,0,0.0002888584,0.0000000000,False,True,1,1,0,0.0000000000,0.0000000000,0.0000000000,0.1839412811,0.0000000000,0.0000000000,0.0000000000,0.4864762768,0.0000000000,0.5135237232,0.6471511889,0.2626738448,0.0000000000
100000001049200100,coordinator,0.7650431250,43,0.6629275741,in_deg=2; out_deg=4; in=76624; out=36000 KZT; tx=2/5; bet_pct=0.942; pr_pct=0.351; depth=1; truncated=0; is_seed=0,1,False,2,4,76624.0000000000,36000.0000000000,2,5,0.0002966693,0.4698266862,False,True,6,25,0,0.0000000000,0.0011596534,0.9424040067,0.3512010676,0.4857459454,0.4515535171,0.4903138008,0.3862943063,0.7650431250,0.2349568750,0.6004934948,0.8685509197,0.0000000000
100000001052789100,peripheral,0.5641432457,43,0.2163926830,in_deg=1; out_deg=0; in=70975; out=0 KZT; tx=1/0; role_score=0.564; depth=3; truncated=0; is_seed=0,3,False,1,0,70975.0000000000,0.0000000000,1,0,0.0002960889,0.0000000000,False,True,1,1,0,0.0000000000,0.0000000000,0.0000000000,0.3458629893,0.0000000000,0.0000000000,0.0000000000,0.4358567543,0.0000000000,0.5641432457,0.5004486317,0.2626738448,0.0000000000
100000001052945100,distributor,0.6875600384,44,0.6563431244,in_deg=1; out_deg=3; in=56520; out=1.5957e+06 KZT; tx=1/6; role_score=0.688; depth=3; truncated=0; is_seed=0,3,False,1,3,56520.0000000000,1595700.0000000000,1,6,0.0002999581,28.2324840764,False,True,6,25,0,0.0000000000,0.0000576607,0.6460767947,0.4028024911,0.0000000000,0.2777086969,0.6875600384,0.0000000000,0.5730945036,0.3124399616,0.9580529385,0.8685509197,0.0000000000
100000001053894100,peripheral,1.0000000000,30,0.4844233357,in_deg=1; out_deg=0; in=2e+06; out=0 KZT; tx=7/0; role_score=1.000; depth=4; truncated=1; is_seed=0,4,False,1,0,2000000.0000000000,0.0000000000,7,0,0.0004459360,0.0000000000,True,True,7,27,0,0.0000000000,0.0000000000,0.0000000000,0.7439946619,0.0000000000,0.0000000000,0.0000000000,0.0000000000,0.0000000000,1.0000000000,0.9701659937,0.8685509197,0.0000000000
100000001056414100,terminal,0.5194922937,24,0.2779702241,in_deg=1; out_deg=0; in=250000; out=0 KZT; tx=1/0; out/in=0; prev_day=0.000; depth=3; truncated=0; is_seed=0,3,False,1,0,250000.0000000000,0.0000000000,1,0,0.0002958600,0.0000000000,False,True,1,1,0,0.0000000000,0.0000000000,0.0000000000,0.3436387900,0.0000000000,0.0000000000,0.0000000000,0.5194922937,0.0000000000,0.4805077063,0.7480933154,0.2626738448,0.0000000000
100000001063678100,coordinator,0.5823709370,29,0.5541621397,in_deg=1; out_deg=2; in=35000; out=90000 KZT; tx=1/2; bet_pct=0.588; pr_pct=0.570; depth=3; truncated=0; is_seed=0,3,False,1,2,35000.0000000000,90000.0000000000,1,2,0.0003264695,2.5714285714,False,True,3,13,0,0.0000000000,0.0000396294,0.5876460768,0.5700622776,0.0000000000,0.2823253501,0.4060598783,0.0000000000,0.5823709370,0.4176290630,0.6173171826,0.7243158367,0.0000000000
100000001065234100,peripheral,1.0000000000,3,0.3675614005,in_deg=1; out_deg=0; in=360000; out=0 KZT; tx=1/0; role_score=1.000; depth=4; truncated=1; is_seed=0,4,False,1,0,360000.0000000000,0.0000000000,1,0,0.0005452430,0.0000000000,True,True,1,1,0,0.0000000000,0.0000000000,0.0000000000,0.8440836299,0.0000000000,0.0000000000,0.0000000000,0.0000000000,0.0000000000,1.0000000000,0.8061911171,0.2626738448,0.0000000000
100000001065481100,peripheral,1.0000000000,12,0.2383518663,in_deg=1; out_deg=0; in=16000; out=0 KZT; tx=2/0; role_score=1.000; depth=4; truncated=1; is_seed=0,4,False,1,0,16000.0000000000,0.0000000000,2,0,0.0004297363,0.0000000000,True,True,2,8,0,0.0000000000,0.0000000000,0.0000000000,0.7328736655,0.0000000000,0.0000000000,0.0000000000,0.0000000000,0.0000000000,1.0000000000,0.1502916106,0.6056527591,0.0000000000
100000001066017100,coordinator,0.6103242578,0,0.6379010253,in_deg=2; out_deg=4; in=136123; out=82500 KZT; tx=3/4; bet_pct=0.701; pr_pct=0.398; depth=3; truncated=0; is_seed=0,3,False,2,4,136123.0000000000,82500.0000000000,3,4,0.0002995846,0.6060695107,False,True,5,24,1,0.2500000000,0.0000768810,0.7011686144,0.3983540925,0.5353077465,0.5194514835,0.5237351905,0.3163110638,0.6103242578,0.3896757422,0.7229699417,0.8685509197,0.2171377299
100000001072022100,consolidator,0.9527047446,2,0.4831822943,in_deg=3; out_deg=0; in=1.684e+06; out=0 KZT; tx=6/0; role_score=0.953; depth=1; truncated=0; is_seed=0,1,False,3,0,1684000.0000000000,0.0000000000,6,0,0.0004988742,0.0000000000,False,True,3,28,0,0.0000000000,0.0000000000,0.0000000000,0.7760231317,0.9527047446,0.0000000000,0.0000000000,0.9527047446,0.0000000000,0.0472952554,0.9585015702,0.8476895469,0.0000000000
100000001073568100,terminal,0.5171434646,40,0.5757431026,in_deg=1; out_deg=2; in=707465; out=219503 KZT; tx=4/3; out/in=0.31; prev_day=0.000; depth=3; truncated=0; is_seed=0,3,False,1,2,707465.0000000000,219503.0000000000,4,3,0.0004833191,0.3102669390,False,True,3,6,0,0.0000000000,0.0000192202,0.2863105175,0.7662366548,0.0000000000,0.4205699161,0.4817082933,0.5171434646,0.4302883587,0.4828565354,0.9212651413,0.8685509197,0.0000000000
100000001074553100,consolidator,0.6482320943,4,0.1858325939,in_deg=2; out_deg=0; in=28971; out=0 KZT; tx=2/0; role_score=0.648; depth=1; truncated=0; is_seed=0,1,False,2,0,28971.0000000000,0.0000000000,2,0,0.0002879411,0.0000000000,False,True,2,4,0,0.0000000000,0.0000000000,0.0000000000,0.1505782918,0.6482320943,0.0000000000,0.0000000000,0.6482320943,0.0000000000,0.3517679057,0.2895917452,0.6056527591,0.0000000000
100000001083990100,terminal,0.5417044424,7,0.3115688947,in_deg=1; out_deg=0; in=49900; out=0 KZT; tx=2/0; out/in=0; prev_day=0.000; depth=2; truncated=0; is_seed=0,2,False,1,0,49900.0000000000,0.0000000000,2,0,0.0004991465,0.0000000000,False,True,1,1,0,0.0000000000,0.0000000000,0.0000000000,0.7764679715,0.0000000000,0.0000000000,0.0000000000,0.5417044424,0.0000000000,0.4582955576,0.4170031404,0.6056527591,0.0000000000
100000001089055100,peripheral,1.0000000000,28,0.1522286746,in_deg=1; out_deg=0; in=13000; out=0 KZT; tx=1/0; role_score=1.000; depth=4; truncated=1; is_seed=0,4,False,1,0,13000.0000000000,0.0000000000,1,0,0.0003274706,0.0000000000,True,True,1,1,0,0.0000000000,0.0000000000,0.0000000000,0.5727313167,0.0000000000,0.0000000000,0.0000000000,0.0000000000,0.0000000000,1.0000000000,0.1076716016,0.2626738448,0.0000000000
100000001102676100,peripheral,0.5047736367,2,0.4824718627,in_deg=1; out_deg=1; in=50000; out=50000 KZT; tx=1/1; role_score=0.505; depth=2; truncated=0; is_seed=0,2,False,1,1,50000.0000000000,50000.0000000000,1,1,0.0003113145,1.0000000000,False,True,1,1,0,0.0000000000,0.0000239758,0.4949916528,0.4957740214,0.0000000000,0.2299711816,0.0000000000,0.0000000000,0.4952263633,0.5047736367,0.5760430686,0.6056527591,0.0000000000
100000001103905100,peripheral,0.6834391055,22,0.1052651707,in_deg=1; out_deg=0; in=18000; out=0 KZT; tx=1/0; role_score=0.683; depth=1; truncated=0; is_seed=0,1,False,1,0,18000.0000000000,0.0000000000,1,0,0.0002877868,0.0000000000,False,True,1,1,0,0.0000000000,0.0000000000,0.0000000000,0.1452402135,0.0000000000,0.0000000000,0.0000000000,0.3165608945,0.0000000000,0.6834391055,0.1763122476,0.2626738448,0.0000000000
100000001110358100,consolidator,0.6597159263,0,0.2097220210,in_deg=2; out_deg=0; in=32000; out=0 KZT; tx=2/0; role_score=0.660; depth=3; truncated=0; is_seed=0,3,False,2,0,32000.0000000000,0.0000000000,2,0,0.0002913944,0.0000000000,False,True,1,1,0,0.0000000000,0.0000000000,0.0000000000,0.2560053381,0.6597159263,0.0000000000,0.0000000000,0.6597159263,0.0000000000,0.3402840737,0.3218932257,0.6056527591,0.0000000000
100000001111763100,peripheral,0.6896343306,22,0.0999958989,in_deg=1; out_deg=0; in=17144; out=0 KZT; tx=1/0; role_score=0.690; depth=1; truncated=0; is_seed=0,1,False,1,0,17144.0000000000,0.0000000000,1,0,0.0002876085,0.0000000000,False,True,1,1,0,0.0000000000,0.0000000000,0.0000000000,0.1347864769,0.0000000000,0.0000000000,0.0000000000,0.3103656694,0.0000000000,0.6896343306,0.1615074024,0.2626738448,0.0000000000
100000001114385100,peripheral,0.6378815352,2,0.1395108947,in_deg=1; out_deg=0; in=29500; out=0 KZT; tx=1/0; role_score=0.638; depth=2; truncated=0; is_seed=0,2,False,1,0,29500.0000000000,0.0000000000,1,0,0.0002886566,0.0000000000,False,True,1,1,0,0.0000000000,0.0000000000,0.0000000000,0.1772686833,0.0000000000,0.0000000000,0.0000000000,0.3621184648,0.0000000000,0.6378815352,0.2940780619,0.2626738448,0.0000000000
100000001126374100,terminal,0.7512148685,0,0.6397770667,in_deg=4; out_deg=2; in=182500; out=29200 KZT; tx=7/4; out/in=0.16; prev_day=0.500; depth=1; truncated=0; is_seed=0,1,False,4,2,182500.0000000000,29200.0000000000,7,4,0.0003117653,0.1600000000,False,True,9,30,2,0.5000000000,0.0000392331,0.5792988314,0.5006672598,0.7452528458,0.3552497598,0.3200448287,0.7512148685,0.5557093599,0.2487851315,0.7162404666,0.9143113504,0.4571556752
100000001130176100,peripheral,0.5163946812,0,0.2832772494,in_deg=1; out_deg=0; in=25000; out=0 KZT; tx=2/0; role_score=0.516; depth=3; truncated=0; is_seed=0,3,False,1,0,25000.0000000000,0.0000000000,2,0,0.0005546793,0.0000000000,False,True,2,3,0,0.0000000000,0.0000000000,0.0000000000,0.8596530249,0.0000000000,0.0000000000,0.0000000000,0.4836053188,0.0000000000,0.5163946812,0.2539255271,0.6056527591,0.0000000000
100000001130553100,peripheral,1.0000000000,10,0.2603374526,in_deg=1; out_deg=0; in=18000; out=0 KZT; tx=2/0; role_score=1.000; depth=4; truncated=1; is_seed=0,4,False,1,0,18000.0000000000,0.0000000000,2,0,0.0005400820,0.0000000000,True,True,1,1,0,0.0000000000,0.0000000000,0.0000000000,0.8360765125,0.0000000000,0.0000000000,0.0000000000,0.0000000000,0.0000000000,1.0000000000,0.1763122476,0.6056527591,0.0000000000
100000001131403100,peripheral,1.0000000000,44,0.4712977160,in_deg=1; out_deg=0; in=1.57e+06; out=0 KZT; tx=3/0; role_score=1.000; depth=4; truncated=1; is_seed=0,4,False,1,0,1570000.0000000000,0.0000000000,3,0,0.0005348953,0.0000000000,True,True,3,8,0,0.0000000000,0.0000000000,0.0000000000,0.8254003559,0.0000000000,0.0000000000,0.0000000000,0.0000000000,0.0000000000,1.0000000000,0.9553611485,0.7243158367,0.0000000000
100000001138283100,peripheral,0.6297630484,8,0.4027938923,in_deg=1; out_deg=2; in=81805; out=50000 KZT; tx=1/2; role_score=0.630; depth=3; truncated=0; is_seed=0,3,False,1,2,81805.0000000000,50000.0000000000,1,2,0.0003005501,0.6112095838,False,True,2,14,0,0.0000000000,0.0000190221,0.2195325543,0.4090302491,0.0000000000,0.3566725342,0.3702369516,0.1728642792,0.2763818627,0.6297630484,0.6238223419,0.7243158367,0.0000000000
100000001138376100,peripheral,0.6974161378,3,0.1017264387,in_deg=1; out_deg=0; in=15300; out=0 KZT; tx=1/0; role_score=0.697; depth=2; truncated=0; is_seed=0,2,False,1,0,15300.0000000000,0.0000000000,1,0,0.0002888673,0.0000000000,False,True,1,1,0,0.0000000000,0.0000000000,0.0000000000,0.1848309609,0.0000000000,0.0000000000,0.0000000000,0.3025838622,0.0000000000,0.6974161378,0.1384028712,0.2626738448,0.0000000000
100000001140785100,consolidator,0.7978241160,42,0.3478375923,in_deg=2; out_deg=0; in=215000; out=0 KZT; tx=2/0; role_score=0.798; depth=3; truncated=0; is_seed=0,3,False,2,0,215000.0000000000,0.0000000000,2,0,0.0003136189,0.0000000000,False,True,1,1,0,0.0000000000,0.0000000000,0.0000000000,0.5157918149,0.7978241160,0.0000000000,0.0000000000,0.7978241160,0.0000000000,0.2021758840,0.7184836249,0.6056527591,0.0000000000
100000001141268100,terminal,0.8196710990,35,0.6605638172,in_deg=2; out_deg=1; in=480000; out=10000 KZT; tx=2/1; out/in=0.0208; prev_day=1.000; depth=3; truncated=0; is_seed=0,3,False,2,1,480000.0000000000,10000.0000000000,2,1,0.0003627987,0.0208333333,False,True,2,2,1,1.0000000000,0.0000223906,0.4766277129,0.6559163701,0.6975924247,0.1249612252,0.0000000000,0.8196710990,0.5304143100,0.1803289010,0.8571108120,0.7243158367,0.7243158367
100000001145749100,peripheral,0.7238591720,2,0.1712674613,in_deg=1; out_deg=0; in=10000; out=0 KZT; tx=1/0; role_score=0.724; depth=3; truncated=0; is_seed=0,3,False,1,0,10000.0000000000,0.0000000000,1,0,0.0004755849,0.0000000000,False,True,1,1,0,0.0000000000,0.0000000000,0.0000000000,0.7613434164,0.0000000000,0.0000000000,0.0000000000,0.2761408280,0.0000000000,0.7238591720,0.0706594886,0.2626738448,0.0000000000
100000001149815100,peripheral,0.7137352675,22,0.0726124782,in_deg=1; out_deg=0; in=12000; out=0 KZT; tx=1/0; role_score=0.714; depth=3; truncated=0; is_seed=0,3,False,1,0,12000.0000000000,0.0000000000,1,0,0.0002858965,0.0000000000,False,True,1,1,0,0.0000000000,0.0000000000,0.0000000000,0.0602758007,0.0000000000,0.0000000000,0.0000000000,0.2862647325,0.0000000000,0.7137352675,0.0966801256,0.2626738448,0.0000000000
100000001155773100,peripheral,0.6665911151,22,0.1133072127,in_deg=1; out_deg=0; in=21500; out=0 KZT; tx=1/0; role_score=0.667; depth=3; truncated=0; is_seed=0,3,False,1,0,21500.0000000000,0.0000000000,1,0,0.0002873684,0.0000000000,False,True,1,1,0,0.0000000000,0.0000000000,0.0000000000,0.1274466192,0.0000000000,0.0000000000,0.0000000000,0.3334088849,0.0000000000,0.6665911151,0.2191565725,0.2626738448,0.0000000000
100000001160401100,terminal,0.5370957993,0,0.2571055484,in_deg=1; out_deg=0; in=47190; out=0 KZT; tx=2/0; out/in=0; prev_day=0.000; depth=3; truncated=0; is_seed=0,3,False,1,0,47190.0000000000,0.0000000000,2,0,0.0003032145,0.0000000000,False,True,2,4,0,0.0000000000,0.0000000000,0.0000000000,0.4339412811,0.0000000000,0.0000000000,0.0000000000,0.5370957993,0.0000000000,0.4629042007,0.4046657694,0.6056527591,0.0000000000
100000001162560100,distributor,0.8881068499,4,0.5283975922,in_deg=1; out_deg=12; in=331300; out=2.9044e+06 KZT; tx=2/14; role_score=0.888; depth=1; truncated=0; is_seed=0,1,False,1,12,331300.0000000000,2904398.0000000000,2,14,0.0003193846,8.7666706912,False,True,9,30,0,0.0000000000,0.0000029722,0.1661101836,0.5500444840,0.0000000000,0.4538826215,0.8881068499,0.0000000000,0.2812904737,0.1118931501,0.9845222073,0.9441453567,0.0000000000
100000001164648100,consolidator,0.5803868238,18,0.1453123029,in_deg=2; out_deg=0; in=13660; out=0 KZT; tx=2/0; role_score=0.580; depth=1; truncated=0; is_seed=0,1,False,2,0,13660.0000000000,0.0000000000,2,0,0.0002885804,0.0000000000,False,True,2,15,0,0.0000000000,0.0000000000,0.0000000000,0.1750444840,0.5803868238,0.0000000000,0.0000000000,0.5803868238,0.0000000000,0.4196131762,0.1128308659,0.6056527591,0.0000000000
100000001166289100,terminal,0.8954589658,22,0.6016301465,in_deg=2; out_deg=1; in=721039; out=25000 KZT; tx=10/1; out/in=0.0347; prev_day=1.000; depth=2; truncated=0; is_seed=0,2,False,2,1,721039.0000000000,25000.0000000000,10,1,0.0021162375,0.0346721883,False,True,11,28,1,1.0000000000,0.0000000000,0.0000000000,0.9882117438,0.7730180316,0.1603333049,0.0000000000,0.8954589658,0.0000000000,0.1045410342,0.8992821893,0.9143113504,0.9143113504
100000001169666100,terminal,0.5769100799,18,0.5405211522,in_deg=1; out_deg=1; in=220000; out=24000 KZT; tx=2/1; out/in=0.109; prev_day=0.000; depth=3; truncated=0; is_seed=0,3,False,1,1,220000.0000000000,24000.0000000000,2,1,0.0003177810,0.1090909091,False,True,3,13,0,0.0000000000,0.0000219943,0.4716193656,0.5393683274,0.0000000000,0.1400412628,0.0000000000,0.5769100799,0.4919440541,0.4230899201,0.7436069987,0.7243158367,0.0000000000
100000001184915100,terminal,0.6435478997,3,0.3626365403,in_deg=1; out_deg=0; in=201000; out=0 KZT; tx=2/0; out/in=0; prev_day=0.000; depth=2; truncated=0; is_seed=0,2,False,1,0,201000.0000000000,0.0000000000,2,0,0.0003474900,0.0000000000,False,True,1,1,0,0.0000000000,0.0000000000,0.0000000000,0.6256672598,0.0000000000,0.0000000000,0.0000000000,0.6435478997,0.0000000000,0.3564521003,0.7117541498,0.6056527591,0.0000000000
100000001194266100,peripheral,0.5913417951,2,0.1919636207,in_deg=1; out_deg=0; in=50000; out=0 KZT; tx=1/0; role_score=0.591; depth=1; truncated=0; is_seed=0,1,False,1,0,50000.0000000000,0.0000000000,1,0,0.0002939681,0.0000000000,False,True,1,1,0,0.0000000000,0.0000000000,0.0000000000,0.3116103203,0.0000000000,0.0000000000,0.0000000000,0.4086582049,0.0000000000,0.5913417951,0.4232839838,0.2626738448,0.0000000000
100000001202637100,peripheral,1.0000000000,18,0.1838786713,in_deg=1; out_deg=0; in=10000; out=0 KZT; tx=1/0; role_score=1.000; depth=4; truncated=1; is_seed=0,4,False,1,0,10000.0000000000,0.0000000000,1,0,0.0005454813,0.0000000000,True,True,1,1,0,0.0000000000,0.0000000000,0.0000000000,0.8454181495,0.0000000000,0.0000000000,0.0000000000,0.0000000000,0.0000000000,1.0000000000,0.0706594886,0.2626738448,0.0000000000
100000001202787100,consolidator,0.5843155032,0,0.2162221810,in_deg=2; out_deg=0; in=14850; out=0 KZT; tx=2/0; role_score=0.584; depth=4; truncated=1; is_seed=0,4,False,2,0,14850.0000000000,0.0000000000,2,0,0.0003491793,0.0000000000,True,True,2,9,0,0.0000000000,0.0000000000,0.0000000000,0.6283362989,0.5843155032,0.0000000000,0.0000000000,0.0000000000,0.0000000000,0.4156844968,0.1244952894,0.6056527591,0.0000000000
100000001220124100,peripheral,1.0000000000,8,0.2552523084,in_deg=1; out_deg=0; in=40000; out=0 KZT; tx=1/0; role_score=1.000; depth=4; truncated=1; is_seed=0,4,False,1,0,40000.0000000000,0.0000000000,1,0,0.0005363353,0.0000000000,True,True,1,1,0,0.0000000000,0.0000000000,0.0000000000,0.8307384342,0.0000000000,0.0000000000,0.0000000000,0.0000000000,0.0000000000,1.0000000000,0.3649618663,0.2626738448,0.0000000000
100000001222245100,peripheral,1.0000000000,10,0.4580357806,in_deg=1; out_deg=0; in=420000; out=0 KZT; tx=5/0; role_score=1.000; depth=4; truncated=1; is_seed=0,4,False,1,0,420000.0000000000,0.0000000000,5,0,0.0005458377,0.0000000000,True,True,5,13,0,0.0000000000,0.0000000000,0.0000000000,0.8467526690,0.0000000000,0.0000000000,0.0000000000,0.0000000000,0.0000000000,1.0000000000,0.8304172275,0.8227904890,0.0000000000
100000001222263100,peripheral,0.5609022023,10,0.5323001000,in_deg=1; out_deg=1; in=745570; out=420000 KZT; tx=1/5; role_score=0.561; depth=3; truncated=0; is_seed=0,3,False,1,1,745570.0000000000,420000.0000000000,1,5,0.0003080004,0.5633273871,False,True,5,13,0,0.0000000000,0.0000192202,0.2863105175,0.4713078292,0.0000000000,0.4390977977,0.0000000000,0.2460159923,0.3418097110,0.5609022023,0.9369672499,0.8476895469,0.0000000000
100000001223977100,peripheral,0.5192008552,45,0.3882237088,in_deg=1; out_deg=1; in=5000; out=18000 KZT; tx=1/1; role_score=0.519; depth=3; truncated=0; is_seed=0,3,False,1,1,5000.0000000000,18000.0000000000,1,1,0.0003038639,3.6000000000,False,True,2,20,0,0.0000000000,0.0000241739,0.4991652755,0.4379448399,0.0000000000,0.1383945725,0.0000000000,0.0000000000,0.4807991448,0.5192008552,0.2279048901,0.6056527591,0.0000000000
100000001227106100,peripheral,0.5077818072,10,0.2365899193,in_deg=1; out_deg=0; in=164765; out=0 KZT; tx=1/0; role_score=0.508; depth=3; truncated=0; is_seed=0,3,False,1,0,164765.0000000000,0.0000000000,1,0,0.0002893329,0.0000000000,False,True,1,1,0,0.0000000000,0.0000000000,0.0000000000,0.1986209964,0.0000000000,0.0000000000,0.0000000000,0.4922181928,0.0000000000,0.5077818072,0.6695827725,0.2626738448,0.0000000000
100000001229743100,peripheral,0.7692223174,0,0.2438096578,in_deg=1; out_deg=1; in=7000; out=9000 KZT; tx=1/1; role_score=0.769; depth=3; truncated=0; is_seed=0,3,False,1,1,7000.0000000000,9000.0000000000,1,1,0.0002868820,1.2857142857,False,True,2,7,0,0.0000000000,0.0000192202,0.2863105175,0.1012010676,0.0000000000,0.1334400683,0.0000000000,0.0000000000,0.2307776826,0.7692223174,0.1502916106,0.6056527591,0.0000000000
100000001232297100,peripheral,0.6385686840,12,0.2497997772,in_deg=1; out_deg=2; in=5000; out=45000 KZT; tx=1/2; role_score=0.639; depth=2; truncated=0; is_seed=0,2,False,1,2,5000.0000000000,45000.0000000000,1,2,0.0002905637,9.0000000000,False,True,3,15,0,0.0000000000,0.0000000000,0.0000000000,0.2355427046,0.0000000000,0.1679594372,0.3614313160,0.0000000000,0.0000000000,0.6385686840,0.4232839838,0.7243158367,0.0000000000
100000001236706100,coordinator,0.6823552674,12,0.6356931115,in_deg=3; out_deg=2; in=142700; out=36000 KZT; tx=3/2; bet_pct=0.579; pr_pct=0.923; depth=3; truncated=0; is_seed=0,3,False,3,2,142700.0000000000,36000.0000000000,3,2,0.0007612755,0.2522775053,False,True,4,20,0,0.0000000000,0.0000392331,0.5792988314,0.9228202847,0.6674524025,0.3000234263,0.2945244957,0.6238364694,0.6823552674,0.3176447326,0.6843876178,0.8227904890,0.0000000000
100000001241318100,peripheral,0.5838621940,0,0.2705321085,in_deg=1; out_deg=0; in=53000; out=0 KZT; tx=1/0; role_score=0.584; depth=2; truncated=0; is_seed=0,2,False,1,0,53000.0000000000,0.0000000000,1,0,0.0005276997,0.0000000000,False,True,1,1,0,0.0000000000,0.0000000000,0.0000000000,0.8013790036,0.0000000000,0.0000000000,0.0000000000,0.4161378060,0.0000000000,0.5838621940,0.4436967250,0.2626738448,0.0000000000
100000001246806100,peripheral,1.0000000000,4,0.3167056575,in_deg=1; out_deg=0; in=130000; out=0 KZT; tx=1/0; role_score=1.000; depth=4; truncated=1; is_seed=0,4,False,1,0,130000.0000000000,0.0000000000,1,0,0.0005298235,0.0000000000,True,True,1,1,0,0.0000000000,0.0000000000,0.0000000000,0.8116103203,0.0000000000,0.0000000000,0.0000000000,0.0000000000,0.0000000000,1.0000000000,0.6222521310,0.2626738448,0.0000000000
100000001248999100,peripheral,0.6616047144,28,0.1184494138,in_deg=1; out_deg=0; in=23425; out=0 KZT; tx=1/0; role_score=0.662; depth=3; truncated=0; is_seed=0,3,False,1,0,23425.0000000000,0.0000000000,1,0,0.0002876975,0.0000000000,False,True,1,1,0,0.0000000000,0.0000000000,0.0000000000,0.1407918149,0.0000000000,0.0000000000,0.0000000000,0.3383952856,0.0000000000,0.6616047144,0.2317182593,0.2626738448,0.0000000000
100000001249054100,peripheral,1.0000000000,18,0.1158866353,in_deg=1; out_deg=0; in=17375; out=0 KZT; tx=1/0; role_score=1.000; depth=4; truncated=1; is_seed=0,4,False,1,0,17375.0000000000,0.0000000000,1,0,0.0002904919,0.0000000000,True,True,1,1,0,0.0000000000,0.0000000000,0.0000000000,0.2328736655,0.0000000000,0.0000000000,0.0000000000,0.0000000000,0.0000000000,1.0000000000,0.1662180350,0.2626738448,0.0000000000
100000001250022100,peripheral,0.5913417951,1,0.1905623752,in_deg=1; out_deg=0; in=50000; out=0 KZT; tx=1/0; role_score=0.591; depth=2; truncated=0; is_seed=0,2,False,1,0,50000.0000000000,0.0000000000,1,0,0.0002934500,0.0000000000,False,True,1,1,0,0.0000000000,0.0000000000,0.0000000000,0.3022686833,0.0000000000,0.0000000000,0.0000000000,0.4086582049,0.0000000000,0.5913417951,0.4232839838,0.2626738448,0.0000000000
100000001251686100,peripheral,0.6834391055,2,0.1328229998,in_deg=1; out_deg=0; in=18000; out=0 KZT; tx=1/0; role_score=0.683; depth=2; truncated=0; is_seed=0,2,False,1,0,18000.0000000000,0.0000000000,1,0,0.0002949529,0.0000000000,False,True,1,1,0,0.0000000000,0.0000000000,0.0000000000,0.3289590747,0.0000000000,0.0000000000,0.0000000000,0.3165608945,0.0000000000,0.6834391055,0.1763122476,0.2626738448,0.0000000000
100000001252290100,peripheral,0.5341261778,10,0.3773974020,in_deg=1; out_deg=1; in=141005; out=5000 KZT; tx=1/1; role_score=0.534; depth=3; truncated=0; is_seed=0,3,False,1,1,141005.0000000000,5000.0000000000,1,1,0.0002885693,0.0354597355,False,True,2,19,0,0.0000000000,0.0000192202,0.2863105175,0.1741548043,0.0000000000,0.0914562756,0.0000000000,0.4658738222,0.2526638036,0.5341261778,0.6408703454,0.6056527591,0.0000000000
100000001253557100,consolidator,0.8995164702,42,0.3966837029,in_deg=5; out_deg=0; in=210200; out=0 KZT; tx=5/0; role_score=0.900; depth=1; truncated=0; is_seed=0,1,False,5,0,210200.0000000000,0.0000000000,5,0,0.0003492014,0.0000000000,False,True,5,19,0,0.0000000000,0.0000000000,0.0000000000,0.6287811388,0.8995164702,0.0000000000,0.0000000000,0.8995164702,0.0000000000,0.1004835298,0.7157918349,0.8227904890,0.0000000000
100000001256409100,peripheral,1.0000000000,8,0.1767168992,in_deg=1; out_deg=0; in=8000; out=0 KZT; tx=1/0; role_score=1.000; depth=4; truncated=1; is_seed=0,4,False,1,0,8000.0000000000,0.0000000000,1,0,0.0005438890,0.0000000000,True,True,1,1,0,0.0000000000,0.0000000000,0.0000000000,0.8414145907,0.0000000000,0.0000000000,0.0000000000,0.0000000000,0.0000000000,1.0000000000,0.0444145357,0.2626738448,0.0000000000
100000001262647100,peripheral,0.6599425808,3,0.1616722416,in_deg=1; out_deg=0; in=23650; out=0 KZT; tx=1/0; role_score=0.660; depth=2; truncated=0; is_seed=0,2,False,1,0,23650.0000000000,0.0000000000,1,0,0.0003017427,0.0000000000,False,True,1,1,0,0.0000000000,0.0000000000,0.0000000000,0.4237099644,0.0000000000,0.0000000000,0.0000000000,0.3400574192,0.0000000000,0.6599425808,0.2348586810,0.2626738448,0.0000000000
100000001270349100,terminal,0.5061952251,46,0.3115708804,in_deg=1; out_deg=0; in=200000; out=0 KZT; tx=1/0; out/in=0; prev_day=0.000; depth=3; truncated=0; is_seed=0,3,False,1,0,200000.0000000000,0.0000000000,1,0,0.0003533025,0.0000000000,False,True,1,1,0,0.0000000000,0.0000000000,0.0000000000,0.6345640569,0.0000000000,0.0000000000,0.0000000000,0.5061952251,0.0000000000,0.4938047749,0.7079407806,0.2626738448,0.0000000000
100000001270470100,peripheral,1.0000000000,0,0.2716443179,in_deg=1; out_deg=0; in=28300; out=0 KZT; tx=2/0; role_score=1.000; depth=4; truncated=1; is_seed=0,4,False,1,0,28300.0000000000,0.0000000000,2,0,0.0004272626,0.0000000000,True,True,2,2,0,0.0000000000,0.0000000000,0.0000000000,0.7297597865,0.0000000000,0.0000000000,0.0000000000,0.0000000000,0.0000000000,1.0000000000,0.2853297443,0.6056527591,0.0000000000
100000001273783100,peripheral,0.6622091266,18,0.1465836389,in_deg=1; out_deg=0; in=23200; out=0 KZT; tx=1/0; role_score=0.662; depth=2; truncated=0; is_seed=0,2,False,1,0,23200.0000000000,0.0000000000,1,0,0.0002950112,0.0000000000,False,True,1,1,0,0.0000000000,0.0000000000,0.0000000000,0.3298487544,0.0000000000,0.0000000000,0.0000000000,0.3377908734,0.0000000000,0.6622091266,0.2308209960,0.2626738448,0.0000000000
100000001275557100,peripheral,1.0000000000,29,0.1821896469,in_deg=1; out_deg=0; in=20000; out=0 KZT; tx=1/0; role_score=1.000; depth=4; truncated=1; is_seed=0,4,False,1,0,20000.0000000000,0.0000000000,1,0,0.0003457038,0.0000000000,True,True,1,1,0,0.0000000000,0.0000000000,0.0000000000,0.6225533808,0.0000000000,0.0000000000,0.0000000000,0.0000000000,0.0000000000,1.0000000000,0.1976222521,0.2626738448,0.0000000000
100000001275752100,peripheral,0.5118615896,4,0.2425824251,in_deg=1; out_deg=0; in=151500; out=0 KZT; tx=1/0; role_score=0.512; depth=3; truncated=0; is_seed=0,3,False,1,0,151500.0000000000,0.0000000000,1,0,0.0002917899,0.0000000000,False,True,1,1,0,0.0000000000,0.0000000000,0.0000000000,0.2662366548,0.0000000000,0.0000000000,0.0000000000,0.4881384104,0.0000000000,0.5118615896,0.6529834006,0.2626738448,0.0000000000
100000001276409100,peripheral,1.0000000000,18,0.2617821644,in_deg=1; out_deg=0; in=94760; out=0 KZT; tx=1/0; role_score=1.000; depth=4; truncated=1; is_seed=0,4,False,1,0,94760.0000000000,0.0000000000,1,0,0.0003192393,0.0000000000,True,True,1,1,0,0.0000000000,0.0000000000,0.0000000000,0.5482651246,0.0000000000,0.0000000000,0.0000000000,0.0000000000,0.0000000000,1.0000000000,0.5605652759,0.2626738448,0.0000000000
100000001279272100,coordinator,0.7442170447,0,0.6851637041,in_deg=1; out_deg=2; in=250000; out=136758 KZT; tx=1/2; bet_pct=0.867; pr_pct=0.457; depth=3; truncated=0; is_seed=0,3,False,1,2,250000.0000000000,136758.0000000000,1,2,0.0003060392,0.5470320000,False,True,3,5,0,0.0000000000,0.0002991955,0.8672787980,0.4570729537,0.0000000000,0.4013145994,0.4250720461,0.2353133853,0.7442170447,0.2557829553,0.8176312248,0.7243158367,0.0000000000
100000001279875100,peripheral,0.5951193714,24,0.2063352310,in_deg=1; out_deg=0; in=49235; out=0 KZT; tx=1/0; role_score=0.595; depth=2; truncated=0; is_seed=0,2,False,1,0,49235.0000000000,0.0000000000,1,0,0.0003016251,0.0000000000,False,True,1,1,0,0.0000000000,0.0000000000,0.0000000000,0.4223754448,0.0000000000,0.0000000000,0.0000000000,0.4048806286,0.0000000000,0.5951193714,0.4143113504,0.2626738448,0.0000000000
100000001280798100,peripheral,0.6584315503,18,0.1426425753,in_deg=1; out_deg=0; in=23785; out=0 KZT; tx=1/0; role_score=0.658; depth=3; truncated=0; is_seed=0,3,False,1,0,23785.0000000000,0.0000000000,1,0,0.0002928376,0.0000000000,False,True,1,1,0,0.0000000000,0.0000000000,0.0000000000,0.2893683274,0.0000000000,0.0000000000,0.0000000000,0.3415684497,0.0000000000,0.6584315503,0.2393449978,0.2626738448,0.0000000000
100000001282143100,consolidator,0.9682683590,24,0.4731762414,in_deg=5; out_deg=0; in=1.7e+06; out=0 KZT; tx=6/0; role_score=0.968; depth=3; truncated=0; is_seed=0,3,False,5,0,1700000.0000000000,0.0000000000,6,0,0.0003994492,0.0000000000,False,True,3,25,0,0.0000000000,0.0000000000,0.0000000000,0.7070729537,0.9682683590,0.0000000000,0.0000000000,0.9682683590,0.0000000000,0.0317316410,0.9598474652,0.8476895469,0.0000000000
100000001285440100,consolidator,0.8052281656,35,0.3580978566,in_deg=2; out_deg=0; in=243000; out=0 KZT; tx=2/0; role_score=0.805; depth=3; truncated=0; is_seed=0,3,False,2,0,243000.0000000000,0.0000000000,2,0,0.0003185998,0.0000000000,False,True,1,1,0,0.0000000000,0.0000000000,0.0000000000,0.5438167260,0.8052281656,0.0000000000,0.0000000000,0.8052281656,0.0000000000,0.1947718344,0.7427097353,0.6056527591,0.0000000000
100000001286703100,peripheral,1.0000000000,30,0.1005909196,in_deg=1; out_deg=0; in=20500; out=0 KZT; tx=1/0; role_score=1.000; depth=4; truncated=1; is_seed=0,4,False,1,0,20500.0000000000,0.0000000000,1,0,0.0002856967,0.0000000000,True,True,1,1,0,0.0000000000,0.0000000000,0.0000000000,0.0553825623,0.0000000000,0.0000000000,0.0000000000,0.0000000000,0.0000000000,1.0000000000,0.2115298340,0.2626738448,0.0000000000
100000001287955100,coordinator,0.7262283224,24,0.7214048745,in_deg=1; out_deg=4; in=17520; out=310000 KZT; tx=1/5; bet_pct=0.917; pr_pct=0.280; depth=2; truncated=0; is_seed=0,2,False,1,4,17520.0000000000,310000.0000000000,1,5,0.0002923245,17.6940639269,False,True,4,7,2,0.4000000000,0.0006803042,0.9173622705,0.2802491103,0.0000000000,0.2204526073,0.6527377522,0.0000000000,0.7262283224,0.2737716776,0.7889187977,0.8476895469,0.3390758188
100000001290243100,peripheral,0.7238591720,16,0.1381046499,in_deg=1; out_deg=0; in=10000; out=0 KZT; tx=1/0; role_score=0.724; depth=2; truncated=0; is_seed=0,2,False,1,0,10000.0000000000,0.0000000000,1,0,0.0003181872,0.0000000000,False,True,1,1,0,0.0000000000,0.0000000000,0.0000000000,0.5402580071,0.0000000000,0.0000000000,0.0000000000,0.2761408280,0.0000000000,0.7238591720,0.0706594886,0.2626738448,0.0000000000
100000001297206100,peripheral,1.0000000000,0,0.1011283995,in_deg=1; out_deg=0; in=6758; out=0 KZT; tx=1/0; role_score=1.000; depth=4; truncated=1; is_seed=0,4,False,1,0,6758.0000000000,0.0000000000,1,0,0.0002968920,0.0000000000,True,True,1,1,0,0.0000000000,0.0000000000,0.0000000000,0.3543149466,0.0000000000,0.0000000000,0.0000000000,0.0000000000,0.0000000000,1.0000000000,0.0343203230,0.2626738448,0.0000000000
100000001298099100,peripheral,0.6804170444,18,0.1226068504,in_deg=1; out_deg=0; in=19000; out=0 KZT; tx=1/0; role_score=0.680; depth=3; truncated=0; is_seed=0,3,False,1,0,19000.0000000000,0.0000000000,1,0,0.0002910672,0.0000000000,False,True,1,1,0,0.0000000000,0.0000000000,0.0000000000,0.2488879004,0.0000000000,0.0000000000,0.0000000000,0.3195829556,0.0000000000,0.6804170444,0.1834903544,0.2626738448,0.0000000000
100000001299323100,peripheral,1.0000000000,4,0.2446031735,in_deg=1; out_deg=0; in=109000; out=0 KZT; tx=1/0; role_score=1.000; depth=4; truncated=1; is_seed=0,4,False,1,0,109000.0000000000,0.0000000000,1,0,0.0002982779,0.0000000000,True,True,1,1,0,0.0000000000,0.0000000000,0.0000000000,0.3787811388,0.0000000000,0.0000000000,0.0000000000,0.0000000000,0.0000000000,1.0000000000,0.5935397039,0.2626738448,0.0000000000
100000001299443100,peripheral,1.0000000000,18,0.0753601377,in_deg=1; out_deg=0; in=8000; out=0 KZT; tx=1/0; role_score=1.000; depth=4; truncated=1; is_seed=0,4,False,1,0,8000.0000000000,0.0000000000,1,0,0.0002882903,0.0000000000,True,True,1,1,0,0.0000000000,0.0000000000,0.0000000000,0.1657028470,0.0000000000,0.0000000000,0.0000000000,0.0000000000,0.0000000000,1.0000000000,0.0444145357,0.2626738448,0.0000000000
100000001299828100,peripheral,1.0000000000,0,0.3096907585,in_deg=1; out_deg=0; in=100000; out=0 KZT; tx=1/0; role_score=1.000; depth=4; truncated=1; is_seed=0,4,False,1,0,100000.0000000000,0.0000000000,1,0,0.0005439724,0.0000000000,True,True,1,1,0,0.0000000000,0.0000000000,0.0000000000,0.8418594306,0.0000000000,0.0000000000,0.0000000000,0.0000000000,0.0000000000,1.0000000000,0.5760430686,0.2626738448,0.0000000000
100000001303311100,consolidator,0.9616198247,35,0.4754551825,in_deg=5; out_deg=0; in=1.324e+06; out=0 KZT; tx=5/0; role_score=0.962; depth=3; truncated=0; is_seed=0,3,False,5,0,1324000.0000000000,0.0000000000,5,0,0.0004987326,0.0000000000,False,True,2,2,0,0.0000000000,0.0000000000,0.0000000000,0.7755782918,0.9616198247,0.0000000000,0.0000000000,0.9616198247,0.0000000000,0.0383801753,0.9427994616,0.8227904890,0.0000000000
100000001307612100,peripheral,0.6161226957,22,0.1695136567,in_deg=1; out_deg=0; in=38483; out=0 KZT; tx=1/0; role_score=0.616; depth=1; truncated=0; is_seed=0,1,False,1,0,38483.0000000000,0.0000000000,1,0,0.0002920536,0.0000000000,False,True,1,1,0,0.0000000000,0.0000000000,0.0000000000,0.2733540925,0.0000000000,0.0000000000,0.0000000000,0.3838773043,0.0000000000,0.6161226957,0.3564378645,0.2626738448,0.0000000000
100000001308856100,peripheral,0.6425657298,22,0.1536361667,in_deg=1; out_deg=0; in=27000; out=0 KZT; tx=1/0; role_score=0.643; depth=2; truncated=0; is_seed=0,2,False,1,0,27000.0000000000,0.0000000000,1,0,0.0002931383,0.0000000000,False,True,1,1,0,0.0000000000,0.0000000000,0.0000000000,0.2964857651,0.0000000000,0.0000000000,0.0000000000,0.3574342702,0.0000000000,0.6425657298,0.2790489009,0.2626738448,0.0000000000
100000001311175100,peripheral,1.0000000000,24,0.3543644647,in_deg=1; out_deg=0; in=300000; out=0 KZT; tx=1/0; role_score=1.000; depth=4; truncated=1; is_seed=0,4,False,1,0,300000.0000000000,0.0000000000,1,0,0.0005283364,0.0000000000,True,True,1,1,0,0.0000000000,0.0000000000,0.0000000000,0.8058274021,0.0000000000,0.0000000000,0.0000000000,0.0000000000,0.0000000000,1.0000000000,0.7763571108,0.2626738448,0.0000000000
100000001317336100,coordinator,0.5982878121,36,0.6588792134,in_deg=1; out_deg=2; in=131196; out=1.752e+06 KZT; tx=1/3; bet_pct=0.593; pr_pct=0.611; depth=3; truncated=0; is_seed=0,3,False,1,2,131196.0000000000,1752000.0000000000,1,3,0.0003417889,13.3540656727,False,True,3,9,0,0.0000000000,0.0000400257,0.5926544240,0.6114323843,0.0000000000,0.3195572402,0.5589577329,0.0000000000,0.5982878121,0.4017121879,0.9674742037,0.7857783760,0.0000000000
100000001325618100,peripheral,1.0000000000,18,0.0813747358,in_deg=1; out_deg=0; in=9300; out=0 KZT; tx=1/0; role_score=1.000; depth=4; truncated=1; is_seed=0,4,False,1,0,9300.0000000000,0.0000000000,1,0,0.0002889814,0.0000000000,True,True,1,1,0,0.0000000000,0.0000000000,0.0000000000,0.1897241993,0.0000000000,0.0000000000,0.0000000000,0.0000000000,0.0000000000,1.0000000000,0.0540601166,0.2626738448,0.0000000000
100000001329153100,peripheral,0.5121637957,0,0.2444904967,in_deg=1; out_deg=0; in=150687; out=0 KZT; tx=1/0; role_score=0.512; depth=3; truncated=0; is_seed=0,3,False,1,0,150687.0000000000,0.0000000000,1,0,0.0002924647,0.0000000000,False,True,1,1,0,0.0000000000,0.0000000000,0.0000000000,0.2826957295,0.0000000000,0.0000000000,0.0000000000,0.4878362043,0.0000000000,0.5121637957,0.6507402423,0.2626738448,0.0000000000
100000001330595100,consolidator,0.7249357812,34,0.4857945344,in_deg=3; out_deg=1; in=87000; out=154000 KZT; tx=6/1; role_score=0.725; depth=2; truncated=0; is_seed=0,2,False,3,1,87000.0000000000,154000.0000000000,6,1,0.0006711400,1.7701149425,False,True,6,22,0,0.0000000000,0.0000011889,0.0976627713,0.9054715302,0.7249357812,0.2591841636,0.0000000000,0.0000000000,0.3400053990,0.2750642188,0.7420367878,0.8685509197,0.0000000000
100000001330685100,terminal,0.9197727977,10,0.5879368536,in_deg=3; out_deg=1; in=2.43592e+06; out=100500 KZT; tx=7/1; out/in=0.0413; prev_day=0.000; depth=1; truncated=0; is_seed=0,1,False,3,1,2435923.0000000000,100500.0000000000,7,1,0.0004354366,0.0412574618,False,True,6,29,0,0.0000000000,0.0000192202,0.2863105175,0.7382117438,0.8394341191,0.2039299409,0.0000000000,0.9197727977,0.4218808854,0.0802272023,0.9782413638,0.8829071332,0.0000000000
100000001339466100,peripheral,0.6345572681,2,0.1792299152,in_deg=1; out_deg=0; in=30000; out=0 KZT; tx=1/0; role_score=0.635; depth=2; truncated=0; is_seed=0,2,False,1,0,30000.0000000000,0.0000000000,1,0,0.0003022301,0.0000000000,False,True,1,1,0,0.0000000000,0.0000000000,0.0000000000,0.4286032028,0.0000000000,0.0000000000,0.0000000000,0.3654427319,0.0000000000,0.6345572681,0.3021534320,0.2626738448,0.0000000000
100000001346560100,coordinator,0.6186767017,8,0.4989076644,in_deg=2; out_deg=1; in=10000; out=22200 KZT; tx=2/1; bet_pct=0.508; pr_pct=0.876; depth=2; truncated=0; is_seed=0,2,False,2,1,10000.0000000000,22200.0000000000,2,1,0.0005829775,2.2200000000,False,True,3,13,0,0.0000000000,0.0000257591,0.5083472454,0.8761120996,0.4696786542,0.1560388919,0.0000000000,0.0000000000,0.6186767017,0.3813232983,0.3236877524,0.7243158367,0.0000000000
100000001362940100,peripheral,0.5560592324,2,0.2298096339,in_deg=1; out_deg=0; in=81000; out=0 KZT; tx=1/0; role_score=0.556; depth=1; truncated=0; is_seed=0,1,False,1,0,81000.0000000000,0.0000000000,1,0,0.0003001252,0.0000000000,False,True,1,1,0,0.0000000000,0.0000000000,0.0000000000,0.4050266904,0.0000000000,0.0000000000,0.0000000000,0.4439407676,0.0000000000,0.5560592324,0.5186182144,0.2626738448,0.0000000000
100000001363952100,consolidator,0.6590611464,8,0.4781758518,in_deg=2; out_deg=1; in=196655; out=91000 KZT; tx=2/2; role_score=0.659; depth=1; truncated=0; is_seed=0,1,False,2,1,196655.0000000000,91000.0000000000,2,2,0.0003054045,0.4627393150,False,True,3,21,0,0.0000000000,0.0000192202,0.2863105175,0.4512900356,0.6590611464,0.2905336286,0.0000000000,0.4249051715,0.3358043729,0.3409388536,0.7696276357,0.7857783760,0.0000000000
100000001373265100,peripheral,0.5333654325,8,0.4283817374,in_deg=1; out_deg=1; in=142482; out=5000 KZT; tx=1/1; role_score=0.533; depth=3; truncated=0; is_seed=0,3,False,1,1,142482.0000000000,5000.0000000000,1,1,0.0003127981,0.0350921520,False,True,2,8,0,0.0000000000,0.0000192202,0.2863105175,0.5095640569,0.0000000000,0.0914435197,0.0000000000,0.4666345675,0.3532865794,0.5333654325,0.6435621355,0.6056527591,0.0000000000
100000001378288100,peripheral,1.0000000000,8,0.4165675656,in_deg=1; out_deg=0; in=268000; out=0 KZT; tx=3/0; role_score=1.000; depth=4; truncated=1; is_seed=0,4,False,1,0,268000.0000000000,0.0000000000,3,0,0.0005202989,0.0000000000,True,True,3,8,0,0.0000000000,0.0000000000,0.0000000000,0.7880338078,0.0000000000,0.0000000000,0.0000000000,0.0000000000,0.0000000000,1.0000000000,0.7588604755,0.7243158367,0.0000000000
100000001379511100,peripheral,0.5803112723,42,0.2210335362,in_deg=1; out_deg=0; in=55000; out=0 KZT; tx=1/0; role_score=0.580; depth=3; truncated=0; is_seed=0,3,False,1,0,55000.0000000000,0.0000000000,1,0,0.0003056118,0.0000000000,False,True,1,1,0,0.0000000000,0.0000000000,0.0000000000,0.4530693950,0.0000000000,0.0000000000,0.0000000000,0.4196887277,0.0000000000,0.5803112723,0.4546882010,0.2626738448,0.0000000000
100000001380054100,distributor,0.5513928915,27,0.5337590924,in_deg=2; out_deg=3; in=127050; out=360000 KZT; tx=2/4; role_score=0.551; depth=1; truncated=0; is_seed=0,1,False,2,3,127050.0000000000,360000.0000000000,2,4,0.0007111851,2.8335301063,False,True,4,21,0,0.0000000000,0.0000027741,0.1585976628,0.9143683274,0.5342550620,0.5088178935,0.5513928915,0.0000000000,0.3853288622,0.4486071085,0.8557649170,0.8476895469,0.0000000000
100000001380107100,peripheral,0.7429737081,31,0.0761238792,in_deg=1; out_deg=0; in=6000; out=0 KZT; tx=1/0; role_score=0.743; depth=3; truncated=0; is_seed=0,3,False,1,0,6000.0000000000,0.0000000000,1,0,0.0002893770,0.0000000000,False,True,1,1,0,0.0000000000,0.0000000000,0.0000000000,0.1999555160,0.0000000000,0.0000000000,0.0000000000,0.2570262919,0.0000000000,0.7429737081,0.0269179004,0.2626738448,0.0000000000
100000001380986100,peripheral,0.5644454518,4,0.1998417965,in_deg=1; out_deg=0; in=70170; out=0 KZT; tx=1/0; role_score=0.564; depth=2; truncated=0; is_seed=0,2,False,1,0,70170.0000000000,0.0000000000,1,0,0.0002905961,0.0000000000,False,True,1,1,0,0.0000000000,0.0000000000,0.0000000000,0.2377669039,0.0000000000,0.0000000000,0.0000000000,0.4355545482,0.0000000000,0.5644454518,0.4991027367,0.2626738448,0.0000000000
100000001382002100,peripheral,0.6554417128,0,0.4086925730,in_deg=1; out_deg=1; in=55000; out=56500 KZT; tx=2/3; role_score=0.655; depth=2; truncated=0; is_seed=0,2,False,1,1,55000.0000000000,56500.0000000000,2,3,0.0006580610,1.0272727273,False,True,5,15,0,0.0000000000,0.0000000000,0.0000000000,0.9032473310,0.0000000000,0.3445582872,0.0000000000,0.0000000000,0.0000000000,0.6554417128,0.5991475998,0.8227904890,0.0000000000
100000001384826100,terminal,0.5229387716,10,0.4452185369,in_deg=1; out_deg=1; in=364260; out=10000 KZT; tx=1/1; out/in=0.0275; prev_day=0.000; depth=3; truncated=0; is_seed=0,3,False,1,1,364260.0000000000,10000.0000000000,1,1,0.0002957449,0.0274529182,False,True,2,13,0,0.0000000000,0.0000192202,0.2863105175,0.3414145907,0.0000000000,0.1086884643,0.0000000000,0.5229387716,0.3028417395,0.4770612284,0.8117990130,0.6056527591,0.0000000000
100000001386612100,peripheral,0.5729072227,47,0.2687909566,in_deg=1; out_deg=0; in=62264; out=0 KZT; tx=1/0; role_score=0.573; depth=2; truncated=0; is_seed=0,2,False,1,0,62264.0000000000,0.0000000000,1,0,0.0004309682,0.0000000000,False,True,1,1,0,0.0000000000,0.0000000000,0.0000000000,0.7333185053,0.0000000000,0.0000000000,0.0000000000,0.4270927773,0.0000000000,0.5729072227,0.4775684163,0.2626738448,0.0000000000
100000001389255100,peripheral,0.6930341493,22,0.0969747447,in_deg=1; out_deg=0; in=16136; out=0 KZT; tx=1/0; role_score=0.693; depth=1; truncated=0; is_seed=0,1,False,1,0,16136.0000000000,0.0000000000,1,0,0.0002873985,0.0000000000,False,True,1,1,0,0.0000000000,0.0000000000,0.0000000000,0.1292259786,0.0000000000,0.0000000000,0.0000000000,0.3069658507,0.0000000000,0.6930341493,0.1527590848,0.2626738448,0.0000000000
100000001411870100,consolidator,0.9064672106,1,0.4614766438,in_deg=2; out_deg=0; in=900000; out=0 KZT; tx=4/0; role_score=0.906; depth=1; truncated=0; is_seed=0,1,False,2,0,900000.0000000000,0.0000000000,4,0,0.0004752114,0.0000000000,False,True,2,8,0,0.0000000000,0.0000000000,0.0000000000,0.7608985765,0.9064672106,0.0000000000,0.0000000000,0.9064672106,0.0000000000,0.0935327894,0.9179004038,0.7857783760,0.0000000000
100000001415126100,peripheral,0.6425657298,47,0.2162251347,in_deg=1; out_deg=0; in=27000; out=0 KZT; tx=1/0; role_score=0.643; depth=0; truncated=0; is_seed=1,0,True,1,0,27000.0000000000,0.0000000000,1,0,0.0004071793,0.0000000000,False,True,1,1,0,0.0000000000,0.0000000000,0.0000000000,0.7137455516,0.0000000000,0.0000000000,0.0000000000,0.3574342702,0.0000000000,0.6425657298,0.2790489009,0.2626738448,0.0000000000
100000001418900100,terminal,0.5246297975,22,0.2376675833,in_deg=1; out_deg=0; in=40140; out=0 KZT; tx=2/0; out/in=0; prev_day=0.000; depth=2; truncated=0; is_seed=0,2,False,1,0,40140.0000000000,0.0000000000,2,0,0.0002975674,0.0000000000,False,True,2,11,0,0.0000000000,0.0000000000,0.0000000000,0.3645462633,0.0000000000,0.0000000000,0.0000000000,0.5246297975,0.0000000000,0.4753702025,0.3685509197,0.6056527591,0.0000000000
100000001420847100,peripheral,0.5386068299,43,0.2026089039,in_deg=1; out_deg=0; in=20000; out=0 KZT; tx=2/0; role_score=0.539; depth=2; truncated=0; is_seed=0,2,False,1,0,20000.0000000000,0.0000000000,2,0,0.0003011803,0.0000000000,False,True,2,25,0,0.0000000000,0.0000000000,0.0000000000,0.4157028470,0.0000000000,0.0000000000,0.0000000000,0.4613931701,0.0000000000,0.5386068299,0.1976222521,0.6056527591,0.0000000000
100000001427082100,coordinator,0.7248189078,32,0.6479747298,in_deg=1; out_deg=5; in=5000; out=124900 KZT; tx=1/6; bet_pct=0.719; pr_pct=0.739; depth=3; truncated=0; is_seed=0,3,False,1,5,5000.0000000000,124900.0000000000,1,6,0.0004366539,24.9800000000,False,True,7,14,0,0.0000000000,0.0000784662,0.7186978297,0.7391014235,0.0000000000,0.1635559278,0.6447926673,0.0000000000,0.7248189078,0.2751810922,0.6211305518,0.8685509197,0.0000000000
100000001429930100,peripheral,0.6476276821,12,0.1997473204,in_deg=1; out_deg=0; in=26000; out=0 KZT; tx=1/0; role_score=0.648; depth=0; truncated=0; is_seed=1,0,True,1,0,26000.0000000000,0.0000000000,1,0,0.0003487903,0.0000000000,False,True,1,1,0,0.0000000000,0.0000000000,0.0000000000,0.6274466192,0.0000000000,0.0000000000,0.0000000000,0.3523723179,0.0000000000,0.6476276821,0.2649170031,0.2626738448,0.0000000000
100000001439416100,peripheral,0.5304995197,0,0.5223298009,in_deg=1; out_deg=2; in=10000; out=165000 KZT; tx=1/3; role_score=0.530; depth=3; truncated=0; is_seed=0,3,False,1,2,10000.0000000000,165000.0000000000,1,3,0.0003411062,16.5000000000,False,True,4,27,0,0.0000000000,0.0000198147,0.4065108514,0.6109875445,0.0000000000,0.1836754902,0.4695004803,0.0000000000,0.4678538593,0.5304995197,0.6821444594,0.7857783760,0.0000000000
100000001445848100,transit,0.5270602306,38,0.5543728352,in_deg=1; out_deg=1; in=546000; out=351850 KZT; tx=13/14; out/in=0.644; prev_day=0.429; depth=3; truncated=0; is_seed=0,3,False,1,1,546000.0000000000,351850.0000000000,13,14,0.0006963650,0.6444139194,False,True,19,27,6,0.4285714286,0.0000000000,0.0000000000,0.9108096085,0.0000000000,0.5270602306,0.0000000000,0.2748834071,0.0000000000,0.4729397694,0.9172274563,0.9771197847,0.4187656220
100000001463701100,consolidator,0.8476881233,11,0.4428772388,in_deg=2; out_deg=0; in=621000; out=0 KZT; tx=2/0; role_score=0.848; depth=1; truncated=0; is_seed=0,1,False,2,0,621000.0000000000,0.0000000000,2,0,0.0005688589,0.0000000000,False,True,1,1,0,0.0000000000,0.0000000000,0.0000000000,0.8689946619,0.8476881233,0.0000000000,0.0000000000,0.8476881233,0.0000000000,0.1523118767,0.8867205025,0.6056527591,0.0000000000
100000001471706100,peripheral,1.0000000000,47,0.4604437981,in_deg=1; out_deg=0; in=377000; out=0 KZT; tx=8/0; role_score=1.000; depth=4; truncated=1; is_seed=0,4,False,1,0,377000.0000000000,0.0000000000,8,0,0.0005369137,0.0000000000,True,True,7,17,0,0.0000000000,0.0000000000,0.0000000000,0.8318505338,0.0000000000,0.0000000000,0.0000000000,0.0000000000,0.0000000000,1.0000000000,0.8129205922,0.8829071332,0.0000000000
100000001477796100,peripheral,0.5013599275,2,0.2978146119,in_deg=1; out_deg=0; in=182000; out=0 KZT; tx=1/0; role_score=0.501; depth=1; truncated=0; is_seed=0,1,False,1,0,182000.0000000000,0.0000000000,1,0,0.0003288357,0.0000000000,False,True,1,1,0,0.0000000000,0.0000000000,0.0000000000,0.5776245552,0.0000000000,0.0000000000,0.0000000000,0.4986400725,0.0000000000,0.5013599275,0.6870794078,0.2626738448,0.0000000000
100000001484381100,consolidator,0.7961619825,18,0.3415908952,in_deg=2; out_deg=0; in=95585; out=0 KZT; tx=4/0; role_score=0.796; depth=3; truncated=0; is_seed=0,3,False,2,0,95585.0000000000,0.0000000000,4,0,0.0003195103,0.0000000000,False,True,3,15,0,0.0000000000,0.0000000000,0.0000000000,0.5504893238,0.7961619825,0.0000000000,0.0000000000,0.7961619825,0.0000000000,0.2038380175,0.5646029610,0.7857783760,0.0000000000
100000001490461100,peripheral,0.5055203587,18,0.4015691163,in_deg=1; out_deg=1; in=20000; out=5000 KZT; tx=1/1; role_score=0.506; depth=2; truncated=0; is_seed=0,2,False,1,1,20000.0000000000,5000.0000000000,1,1,0.0003192164,0.2500000000,False,True,2,13,0,0.0000000000,0.0000219943,0.4716193656,0.5478202847,0.0000000000,0.0989012968,0.0000000000,0.2441069810,0.4944796413,0.5055203587,0.2539255271,0.6056527591,0.0000000000
100000001498732100,peripheral,1.0000000000,48,0.0668482398,in_deg=1; out_deg=0; in=5500; out=0 KZT; tx=1/0; role_score=1.000; depth=4; truncated=1; is_seed=0,4,False,1,0,5500.0000000000,0.0000000000,1,0,0.0002878525,0.0000000000,True,True,1,1,0,0.0000000000,0.0000000000,0.0000000000,0.1474644128,0.0000000000,0.0000000000,0.0000000000,0.0000000000,0.0000000000,1.0000000000,0.0213100045,0.2626738448,0.0000000000
100000001524952100,peripheral,0.5349803566,0,0.2511600412,in_deg=1; out_deg=0; in=103807; out=0 KZT; tx=1/0; role_score=0.535; depth=1; truncated=0; is_seed=0,1,False,1,0,103807.0000000000,0.0000000000,1,0,0.0003033649,0.0000000000,False,True,1,1,0,0.0000000000,0.0000000000,0.0000000000,0.4348309609,0.0000000000,0.0000000000,0.0000000000,0.4650196434,0.0000000000,0.5349803566,0.5861372813,0.2626738448,0.0000000000
100000001526235100,coordinator,0.8799304074,13,0.8066181622,in_deg=3; out_deg=8; in=82000; out=432750 KZT; tx=4/9; bet_pct=0.854; pr_pct=0.941; depth=2; truncated=0; is_seed=0,2,False,3,8,82000.0000000000,432750.0000000000,4,9,0.0008722876,5.2774390244,False,True,11,29,1,0.1111111111,0.0002566002,0.8539232053,0.9406138790,0.5163122613,0.5748258045,0.7118155620,0.0000000000,0.8799304074,0.1200695926,0.8669807088,0.9304620906,0.1033846767
100000001527186100,terminal,0.6965850710,2,0.4223185626,in_deg=1; out_deg=0; in=678000; out=0 KZT; tx=2/0; out/in=0; prev_day=0.000; depth=1; truncated=0; is_seed=0,1,False,1,0,678000.0000000000,0.0000000000,2,0,0.0004186989,0.0000000000,False,True,1,1,0,0.0000000000,0.0000000000,0.0000000000,0.7199733096,0.0000000000,0.0000000000,0.0000000000,0.6965850710,0.0000000000,0.3034149290,0.8938986092,0.6056527591,0.0000000000
100000001530709100,peripheral,0.5819734059,0,0.1678415558,in_deg=1; out_deg=0; in=53961; out=0 KZT; tx=1/0; role_score=0.582; depth=3; truncated=0; is_seed=0,3,False,1,0,53961.0000000000,0.0000000000,1,0,0.0002870552,0.0000000000,False,True,1,1,0,0.0000000000,0.0000000000,0.0000000000,0.1074288256,0.0000000000,0.0000000000,0.0000000000,0.4180265941,0.0000000000,0.5819734059,0.4493046209,0.2626738448,0.0000000000
100000001530740100,peripheral,0.7004381989,16,0.1914238757,in_deg=1; out_deg=0; in=15000; out=0 KZT; tx=1/0; role_score=0.700; depth=2; truncated=0; is_seed=0,2,False,1,0,15000.0000000000,0.0000000000,1,0,0.0005266933,0.0000000000,False,True,1,1,0,0.0000000000,0.0000000000,0.0000000000,0.7951512456,0.0000000000,0.0000000000,0.0000000000,0.2995618011,0.0000000000,0.7004381989,0.1310004486,0.2626738448,0.0000000000
100000001530983100,coordinator,0.8095508751,16,0.7990204168,in_deg=4; out_deg=11; in=564158; out=1.82954e+06 KZT; tx=4/17; bet_pct=0.884; pr_pct=0.636; depth=1; truncated=0; is_seed=0,1,False,4,11,564158.0000000000,1829538.0000000000,4,17,0.0003540742,3.2429532152,False,True,12,20,1,0.0588235294,0.0003320721,0.8839732888,0.6358985765,0.5918958396,0.6741798707,0.7971501761,0.0000000000,0.8095508751,0.1904491249,0.9755495738,0.9645580978,0.0567387116
100000001533161100,peripheral,1.0000000000,49,0.2671863101,in_deg=1; out_deg=0; in=100000; out=0 KZT; tx=1/0; role_score=1.000; depth=4; truncated=1; is_seed=0,4,False,1,0,100000.0000000000,0.0000000000,1,0,0.0003225459,0.0000000000,True,True,1,1,0,0.0000000000,0.0000000000,0.0000000000,0.5584964413,0.0000000000,0.0000000000,0.0000000000,0.0000000000,0.0000000000,1.0000000000,0.5760430686,0.2626738448,0.0000000000
100000001534244100,terminal,0.7239830269,4,0.5680498600,in_deg=2; out_deg=1; in=366000; out=45000 KZT; tx=2/1; out/in=0.123; prev_day=0.000; depth=3; truncated=0; is_seed=0,3,False,2,1,366000.0000000000,45000.0000000000,2,1,0.0003396808,0.1229508197,False,True,2,27,0,0.0000000000,0.0000215980,0.4607679466,0.6087633452,0.6878966455,0.1667513110,0.0000000000,0.7239830269,0.5051665662,0.2760169731,0.8272768057,0.7243158367,0.0000000000
100000001537524100,peripheral,1.0000000000,24,0.2546697458,in_deg=1; out_deg=0; in=150000; out=0 KZT; tx=1/0; role_score=1.000; depth=4; truncated=1; is_seed=0,4,False,1,0,150000.0000000000,0.0000000000,1,0,0.0002970542,0.0000000000,True,True,1,1,0,0.0000000000,0.0000000000,0.0000000000,0.3565391459,0.0000000000,0.0000000000,0.0000000000,0.0000000000,0.0000000000,1.0000000000,0.6471511889,0.2626738448,0.0000000000
100000001538095100,consolidator,0.8126322152,24,0.3682963541,in_deg=2; out_deg=0; in=280000; out=0 KZT; tx=2/0; role_score=0.813; depth=3; truncated=0; is_seed=0,3,False,2,0,280000.0000000000,0.0000000000,2,0,0.0003283092,0.0000000000,False,True,1,1,0,0.0000000000,0.0000000000,0.0000000000,0.5762900356,0.8126322152,0.0000000000,0.0000000000,0.8126322152,0.0000000000,0.1873677848,0.7640197398,0.6056527591,0.0000000000
100000001541418100,consolidator,0.7443336355,4,0.2962039584,in_deg=2; out_deg=0; in=96900; out=0 KZT; tx=2/0; role_score=0.744; depth=2; truncated=0; is_seed=0,2,False,2,0,96900.0000000000,0.0000000000,2,0,0.0003019218,0.0000000000,False,True,2,8,0,0.0000000000,0.0000000000,0.0000000000,0.4250444840,0.7443336355,0.0000000000,0.0000000000,0.7443336355,0.0000000000,0.2556663645,0.5663974877,0.6056527591,0.0000000000
100000001549194100,peripheral,0.6013145966,40,0.1923312373,in_deg=1; out_deg=0; in=46500; out=0 KZT; tx=1/0; role_score=0.601; depth=3; truncated=0; is_seed=0,3,False,1,0,46500.0000000000,0.0000000000,1,0,0.0002971356,0.0000000000,False,True,1,1,0,0.0000000000,0.0000000000,0.0000000000,0.3574288256,0.0000000000,0.0000000000,0.0000000000,0.3986854034,0.0000000000,0.6013145966,0.3972633468,0.2626738448,0.0000000000
100000001550388100,peripheral,0.5913417951,0,0.1904622862,in_deg=1; out_deg=0; in=50000; out=0 KZT; tx=1/0; role_score=0.591; depth=1; truncated=0; is_seed=0,1,False,1,0,50000.0000000000,0.0000000000,1,0,0.0002933467,0.0000000000,False,True,1,1,0,0.0000000000,0.0000000000,0.0000000000,0.3016014235,0.0000000000,0.0000000000,0.0000000000,0.4086582049,0.0000000000,0.5913417951,0.4232839838,0.2626738448,0.0000000000
100000001550419100,peripheral,0.6630401934,40,0.1315752530,in_deg=1; out_deg=0; in=23000; out=0 KZT; tx=1/0; role_score=0.663; depth=3; truncated=0; is_seed=0,3,False,1,0,23000.0000000000,0.0000000000,1,0,0.0002905160,0.0000000000,False,True,1,1,0,0.0000000000,0.0000000000,0.0000000000,0.2346530249,0.0000000000,0.0000000000,0.0000000000,0.3369598066,0.0000000000,0.6630401934,0.2279048901,0.2626738448,0.0000000000
100000001554432100,peripheral,0.5821245089,2,0.2004251274,in_deg=1; out_deg=0; in=53920; out=0 KZT; tx=1/0; role_score=0.582; depth=1; truncated=0; is_seed=0,1,False,1,0,53920.0000000000,0.0000000000,1,0,0.0002947467,0.0000000000,False,True,1,1,0,0.0000000000,0.0000000000,0.0000000000,0.3254003559,0.0000000000,0.0000000000,0.0000000000,0.4178754911,0.0000000000,0.5821245089,0.4488559892,0.2626738448,0.0000000000
100000001557930100,peripheral,0.6233756422,1,0.1582794846,in_deg=1; out_deg=0; in=34610; out=0 KZT; tx=1/0; role_score=0.623; depth=2; truncated=0; is_seed=0,2,False,1,0,34610.0000000000,0.0000000000,1,0,0.0002905528,0.0000000000,False,True,1,1,0,0.0000000000,0.0000000000,0.0000000000,0.2350978648,0.0000000000,0.0000000000,0.0000000000,0.3766243578,0.0000000000,0.6233756422,0.3344549125,0.2626738448,0.0000000000
100000001567366100,terminal,0.7537020248,16,0.4459259185,in_deg=1; out_deg=0; in=824070; out=0 KZT; tx=4/0; out/in=0; prev_day=0.000; depth=1; truncated=0; is_seed=0,1,False,1,0,824070.0000000000,0.0000000000,4,0,0.0003720569,0.0000000000,False,True,4,12,0,0.0000000000,0.0000000000,0.0000000000,0.6688167260,0.0000000000,0.0000000000,0.0000000000,0.7537020248,0.0000000000,0.2462979752,0.9109466128,0.7857783760,0.0000000000
100000001578517100,peripheral,0.6345572681,16,0.1432979756,in_deg=1; out_deg=0; in=30000; out=0 KZT; tx=1/0; role_score=0.635; depth=2; truncated=0; is_seed=0,2,False,1,0,30000.0000000000,0.0000000000,1,0,0.0002889724,0.0000000000,False,True,1,1,0,0.0000000000,0.0000000000,0.0000000000,0.1890569395,0.0000000000,0.0000000000,0.0000000000,0.3654427319,0.0000000000,0.6345572681,0.3021534320,0.2626738448,0.0000000000
100000001584286100,consolidator,0.8866727108,24,0.4188196746,in_deg=2; out_deg=0; in=738699; out=0 KZT; tx=3/0; role_score=0.887; depth=2; truncated=0; is_seed=0,2,False,2,0,738699.0000000000,0.0000000000,3,0,0.0003266208,0.0000000000,False,True,2,2,0,0.0000000000,0.0000000000,0.0000000000,0.5705071174,0.8866727108,0.0000000000,0.0000000000,0.8866727108,0.0000000000,0.1133272892,0.8983849260,0.7243158367,0.0000000000
100000001590795100,peripheral,1.0000000000,18,0.0572041855,in_deg=1; out_deg=0; in=5060; out=0 KZT; tx=1/0; role_score=1.000; depth=4; truncated=1; is_seed=0,4,False,1,0,5060.0000000000,0.0000000000,1,0,0.0002867273,0.0000000000,True,True,1,1,0,0.0000000000,0.0000000000,0.0000000000,0.0936387900,0.0000000000,0.0000000000,0.0000000000,0.0000000000,0.0000000000,1.0000000000,0.0150291611,0.2626738448,0.0000000000
100000001597424100,peripheral,0.5975370202,40,0.1964938427,in_deg=1; out_deg=0; in=48100; out=0 KZT; tx=1/0; role_score=0.598; depth=3; truncated=0; is_seed=0,3,False,1,0,48100.0000000000,0.0000000000,1,0,0.0002975863,0.0000000000,False,True,1,1,0,0.0000000000,0.0000000000,0.0000000000,0.3649911032,0.0000000000,0.0000000000,0.0000000000,0.4024629798,0.0000000000,0.5975370202,0.4093764020,0.2626738448,0.0000000000
100000001597505100,peripheral,0.7024065539,41,0.3297635243,in_deg=1; out_deg=1; in=26460; out=12920 KZT; tx=1/1; role_score=0.702; depth=2; truncated=0; is_seed=0,2,False,1,1,26460.0000000000,12920.0000000000,1,1,0.0003130230,0.4882842026,False,True,2,25,0,0.0000000000,0.0000097885,0.2061769616,0.5108985765,0.0000000000,0.1368368000,0.0000000000,0.1821315444,0.2975934461,0.7024065539,0.3604755496,0.6056527591,0.0000000000
100000001598625100,peripheral,1.0000000000,8,0.2122463375,in_deg=1; out_deg=0; in=25000; out=0 KZT; tx=1/0; role_score=1.000; depth=4; truncated=1; is_seed=0,4,False,1,0,25000.0000000000,0.0000000000,1,0,0.0004263475,0.0000000000,True,True,1,1,0,0.0000000000,0.0000000000,0.0000000000,0.7290925267,0.0000000000,0.0000000000,0.0000000000,0.0000000000,0.0000000000,1.0000000000,0.2539255271,0.2626738448,0.0000000000
100000001600934100,terminal,0.5953466964,8,0.4316715651,in_deg=1; out_deg=1; in=180300; out=11000 KZT; tx=2/1; out/in=0.061; prev_day=0.000; depth=3; truncated=0; is_seed=0,3,False,1,1,180300.0000000000,11000.0000000000,2,1,0.0025102211,0.0610094287,False,True,3,19,0,0.0000000000,0.0000000000,0.0000000000,0.9926601423,0.0000000000,0.1159878029,0.0000000000,0.5953466964,0.0000000000,0.4046533036,0.6965006729,0.7243158367,0.0000000000
100000001601320100,consolidator,0.5667623653,1,0.4129383337,in_deg=2; out_deg=1; in=43500; out=46200 KZT; tx=2/1; role_score=0.567; depth=2; truncated=0; is_seed=0,2,False,2,1,43500.0000000000,46200.0000000000,2,1,0.0008063299,1.0620689655,False,True,3,10,0,0.0000000000,0.0000009907,0.0809682805,0.9308274021,0.5667623653,0.2190084771,0.0000000000,0.0000000000,0.3359260170,0.4332376347,0.5453117990,0.7243158367,0.0000000000
100000001609499100,terminal,0.8026255516,0,0.7277436991,in_deg=3; out_deg=2; in=263113; out=21000 KZT; tx=3/2; out/in=0.0798; prev_day=0.500; depth=1; truncated=0; is_seed=0,1,False,3,2,263113.0000000000,21000.0000000000,3,2,0.0003191105,0.0798136162,False,True,5,6,1,0.5000000000,0.0001842232,0.8272120200,0.5469306050,0.6977938954,0.2814803414,0.2736791547,0.8026255516,0.7431275955,0.1973744484,0.7664872140,0.8227904890,0.4113952445
100000001611488100,consolidator,0.8877304322,10,0.4757270158,in_deg=2; out_deg=0; in=779300; out=0 KZT; tx=3/0; role_score=0.888; depth=3; truncated=0; is_seed=0,3,False,2,0,779300.0000000000,0.0000000000,3,0,0.0008715937,0.0000000000,False,True,3,20,0,0.0000000000,0.0000000000,0.0000000000,0.9401690391,0.8877304322,0.0000000000,0.0000000000,0.8877304322,0.0000000000,0.1122695678,0.9042171377,0.7243158367,0.0000000000
100000001616816100,coordinator,0.8204860637,1,0.7953148129,in_deg=5; out_deg=3; in=176195; out=181326 KZT; tx=12/10; bet_pct=0.747; pr_pct=0.992; depth=0; truncated=0; is_seed=1,0,True,5,3,176195.0000000000,181326.0000000000,12,10,0.0024119394,1.0291211442,False,True,12,22,4,0.4000000000,0.0001047010,0.7470784641,0.9917704626,0.7361362950,0.6776849183,0.4956472142,0.0000000000,0.8204860637,0.1795139363,0.8055181696,0.9668012562,0.3867205025
100000001632325100,terminal,0.6198247205,22,0.2964558048,in_deg=1; out_deg=0; in=85600; out=0 KZT; tx=3/0; out/in=0; prev_day=0.000; depth=3; truncated=0; is_seed=0,3,False,1,0,85600.0000000000,0.0000000000,3,0,0.0002972996,0.0000000000,False,True,2,6,0,0.0000000000,0.0000000000,0.0000000000,0.3596530249,0.0000000000,0.0000000000,0.0000000000,0.6198247205,0.0000000000,0.3801752795,0.5354419022,0.7243158367,0.0000000000
100000001633685100,consolidator,0.7461468722,0,0.2726717703,in_deg=3; out_deg=0; in=45000; out=0 KZT; tx=3/0; role_score=0.746; depth=2; truncated=0; is_seed=0,2,False,3,0,45000.0000000000,0.0000000000,3,0,0.0003045185,0.0000000000,False,True,3,6,0,0.0000000000,0.0000000000,0.0000000000,0.4437277580,0.7461468722,0.0000000000,0.0000000000,0.7461468722,0.0000000000,0.2538531278,0.3898609242,0.7243158367,0.0000000000
100000001637376100,peripheral,0.6668557525,10,0.4311456618,in_deg=1; out_deg=1; in=116700; out=234250 KZT; tx=1/2; role_score=0.667; depth=3; truncated=0; is_seed=0,3,False,1,1,116700.0000000000,234250.0000000000,1,2,0.0002877881,2.0072836332,False,True,2,8,0,0.0000000000,0.0000192202,0.2863105175,0.1461298932,0.0000000000,0.3331442475,0.0000000000,0.0000000000,0.2442563302,0.6668557525,0.8014804845,0.7243158367,0.0000000000
100000001639766100,peripheral,0.6745240254,1,0.2236264796,in_deg=1; out_deg=0; in=20000; out=0 KZT; tx=1/0; role_score=0.675; depth=3; truncated=0; is_seed=0,3,False,1,0,20000.0000000000,0.0000000000,1,0,0.0006471818,0.0000000000,False,True,1,1,0,0.0000000000,0.0000000000,0.0000000000,0.8987989324,0.0000000000,0.0000000000,0.0000000000,0.3254759746,0.0000000000,0.6745240254,0.1976222521,0.2626738448,0.0000000000
100000001641789100,peripheral,0.6850256875,1,0.1976614725,in_deg=1; out_deg=0; in=17826; out=0 KZT; tx=1/0; role_score=0.685; depth=1; truncated=0; is_seed=0,1,False,1,0,17826.0000000000,0.0000000000,1,0,0.0004855856,0.0000000000,False,True,1,1,0,0.0000000000,0.0000000000,0.0000000000,0.7675711744,0.0000000000,0.0000000000,0.0000000000,0.3149743125,0.0000000000,0.6850256875,0.1724988784,0.2626738448,0.0000000000
100000001641951100,terminal,0.5357358719,8,0.2615861275,in_deg=1; out_deg=0; in=25000; out=0 KZT; tx=4/0; out/in=0; prev_day=0.000; depth=2; truncated=0; is_seed=0,2,False,1,0,25000.0000000000,0.0000000000,4,0,0.0003172792,0.0000000000,False,True,4,21,0,0.0000000000,0.0000000000,0.0000000000,0.5349199288,0.0000000000,0.0000000000,0.0000000000,0.5357358719,0.0000000000,0.4642641281,0.2539255271,0.7857783760,0.0000000000
100000001648936100,peripheral,0.5464641886,1,0.2407946937,in_deg=1; out_deg=0; in=92740; out=0 KZT; tx=1/0; role_score=0.546; depth=2; truncated=0; is_seed=0,2,False,1,0,92740.0000000000,0.0000000000,1,0,0.0003014961,0.0000000000,False,True,1,1,0,0.0000000000,0.0000000000,0.0000000000,0.4188167260,0.0000000000,0.0000000000,0.0000000000,0.4535358114,0.0000000000,0.5464641886,0.5542844325,0.2626738448,0.0000000000
100000001650895100,peripheral,0.5298086149,18,0.4928906679,in_deg=1; out_deg=1; in=153500; out=10000 KZT; tx=1/1; role_score=0.530; depth=3; truncated=0; is_seed=0,3,False,1,1,153500.0000000000,10000.0000000000,1,1,0.0003075812,0.0651465798,False,True,2,10,0,0.0000000000,0.0000219943,0.4716193656,0.4668594306,0.0000000000,0.1102477181,0.0000000000,0.4570441585,0.4701913851,0.5298086149,0.6677882459,0.6056527591,0.0000000000
100000001660397100,coordinator,0.7227170210,0,0.6517521848,in_deg=2; out_deg=3; in=48600; out=49000 KZT; tx=2/4; bet_pct=0.902; pr_pct=0.304; depth=1; truncated=0; is_seed=0,1,False,2,3,48600.0000000000,49000.0000000000,2,4,0.0002935451,1.0082304527,False,True,4,9,1,0.2500000000,0.0005032951,0.9023372287,0.3036032028,0.4836430946,0.5188874757,0.4497598463,0.0000000000,0.7227170210,0.2772829790,0.5681920144,0.8476895469,0.2119223867
100000001669260100,peripheral,1.0000000000,8,0.3844184163,in_deg=1; out_deg=0; in=500000; out=0 KZT; tx=1/0; role_score=1.000; depth=4; truncated=1; is_seed=0,4,False,1,0,500000.0000000000,0.0000000000,1,0,0.0005567292,0.0000000000,True,True,1,1,0,0.0000000000,0.0000000000,0.0000000000,0.8618772242,0.0000000000,0.0000000000,0.0000000000,0.0000000000,0.0000000000,1.0000000000,0.8629430238,0.2626738448,0.0000000000
100000001674850100,consolidator,0.8035660320,42,0.3510135274,in_deg=2; out_deg=0; in=237000; out=0 KZT; tx=2/0; role_score=0.804; depth=3; truncated=0; is_seed=0,3,False,2,0,237000.0000000000,0.0000000000,2,0,0.0003123925,0.0000000000,False,True,1,1,0,0.0000000000,0.0000000000,0.0000000000,0.5055604982,0.8035660320,0.0000000000,0.0000000000,0.8035660320,0.0000000000,0.1964339680,0.7373261552,0.6056527591,0.0000000000
100000001677389100,peripheral,0.7669536342,28,0.2459534207,in_deg=1; out_deg=1; in=11000; out=5400 KZT; tx=1/1; role_score=0.767; depth=3; truncated=0; is_seed=0,3,False,1,1,11000.0000000000,5400.0000000000,1,1,0.0002870768,0.4909090909,False,True,2,17,0,0.0000000000,0.0000192202,0.2863105175,0.1087633452,0.0000000000,0.1120862807,0.0000000000,0.1444655073,0.2330463658,0.7669536342,0.1543292956,0.6056527591,0.0000000000
100000001677929100,consolidator,0.6609247507,1,0.5215762731,in_deg=3; out_deg=2; in=126777; out=286098 KZT; tx=3/4; role_score=0.661; depth=2; truncated=0; is_seed=0,2,False,3,2,126777.0000000000,286098.0000000000,3,4,0.0034897207,2.2567027142,False,True,6,26,0,0.0000000000,0.0000011889,0.0976627713,0.9993327402,0.6609247507,0.4726562669,0.4348943324,0.0000000000,0.3681637620,0.3390752493,0.8288470166,0.8685509197,0.0000000000
100000001680944100,terminal,0.5405711695,35,0.3366154941,in_deg=1; out_deg=0; in=393000; out=0 KZT; tx=1/0; out/in=0; prev_day=0.000; depth=3; truncated=0; is_seed=0,3,False,1,0,393000.0000000000,0.0000000000,1,0,0.0003436539,0.0000000000,False,True,1,1,0,0.0000000000,0.0000000000,0.0000000000,0.6172153025,0.0000000000,0.0000000000,0.0000000000,0.5405711695,0.0000000000,0.4594288305,0.8185284881,0.2626738448,0.0000000000
100000001684867100,peripheral,0.6309307948,16,0.1358992301,in_deg=1; out_deg=0; in=30550; out=0 KZT; tx=1/0; role_score=0.631; depth=1; truncated=0; is_seed=0,1,False,1,0,30550.0000000000,0.0000000000,1,0,0.0002873004,0.0000000000,False,True,1,1,0,0.0000000000,0.0000000000,0.0000000000,0.1247775801,0.0000000000,0.0000000000,0.0000000000,0.3690692052,0.0000000000,0.6309307948,0.3111260655,0.2626738448,0.0000000000
100000001686328100,peripheral,0.5182834693,4,0.2745440990,in_deg=1; out_deg=0; in=140000; out=0 KZT; tx=1/0; role_score=0.518; depth=3; truncated=0; is_seed=0,3,False,1,0,140000.0000000000,0.0000000000,1,0,0.0003133259,0.0000000000,False,True,1,1,0,0.0000000000,0.0000000000,0.0000000000,0.5144572954,0.0000000000,0.0000000000,0.0000000000,0.4817165307,0.0000000000,0.5182834693,0.6318977120,0.2626738448,0.0000000000
100000001688676100,peripheral,0.5215321850,43,0.2650334967,in_deg=1; out_deg=0; in=133700; out=0 KZT; tx=1/0; role_score=0.522; depth=3; truncated=0; is_seed=0,3,False,1,0,133700.0000000000,0.0000000000,1,0,0.0003067398,0.0000000000,False,True,1,1,0,0.0000000000,0.0000000000,0.0000000000,0.4615213523,0.0000000000,0.0000000000,0.0000000000,0.4784678150,0.0000000000,0.5215321850,0.6256168686,0.2626738448,0.0000000000
100000001689968100,consolidator,0.8853883348,10,0.3979397818,in_deg=3; out_deg=0; in=344334; out=0 KZT; tx=3/0; role_score=0.885; depth=3; truncated=0; is_seed=0,3,False,3,0,344333.7500000000,0.0000000000,3,0,0.0003372213,0.0000000000,False,True,3,18,0,0.0000000000,0.0000000000,0.0000000000,0.6025355872,0.8853883348,0.0000000000,0.0000000000,0.8853883348,0.0000000000,0.1146116652,0.7956482728,0.7243158367,0.0000000000
100000001690439100,peripheral,0.7044424297,10,0.1833940074,in_deg=1; out_deg=0; in=14200; out=0 KZT; tx=1/0; role_score=0.704; depth=3; truncated=0; is_seed=0,3,False,1,0,14200.0000000000,0.0000000000,1,0,0.0004741000,0.0000000000,False,True,1,1,0,0.0000000000,0.0000000000,0.0000000000,0.7595640569,0.0000000000,0.0000000000,0.0000000000,0.2955575703,0.0000000000,0.7044424297,0.1202332885,0.2626738448,0.0000000000
100000001690558100,terminal,0.5632366274,43,0.3716383807,in_deg=1; out_deg=0; in=740000; out=0 KZT; tx=1/0; out/in=0; prev_day=0.000; depth=3; truncated=0; is_seed=0,3,False,1,0,740000.0000000000,0.0000000000,1,0,0.0004096904,0.0000000000,False,True,1,1,0,0.0000000000,0.0000000000,0.0000000000,0.7168594306,0.0000000000,0.0000000000,0.0000000000,0.5632366274,0.0000000000,0.4367633726,0.8988335576,0.2626738448,0.0000000000
100000001696818100,peripheral,0.5828044727,2,0.2048474922,in_deg=1; out_deg=0; in=53550; out=0 KZT; tx=1/0; role_score=0.583; depth=1; truncated=0; is_seed=0,1,False,1,0,53550.0000000000,0.0000000000,1,0,0.0002972184,0.0000000000,False,True,1,1,0,0.0000000000,0.0000000000,0.0000000000,0.3578736655,0.0000000000,0.0000000000,0.0000000000,0.4171955273,0.0000000000,0.5828044727,0.4470614625,0.2626738448,0.0000000000
100000001697501100,distributor,0.9233880415,22,0.8227046202,in_deg=3; out_deg=38; in=123700; out=1.48261e+06 KZT; tx=3/55; role_score=0.923; depth=1; truncated=0; is_seed=0,1,False,3,38,123700.0000000000,1482606.0000000000,3,55,0.0005879373,11.9854971706,False,True,24,31,5,0.0909090909,0.0002054783,0.8388981636,0.8783362989,0.4426545489,0.5609223376,0.9233880415,0.0000000000,0.8507296042,0.0766119585,0.9567070435,0.9941677882,0.0903788898
100000001703168100,peripheral,0.7246493637,2,0.3852078439,in_deg=1; out_deg=1; in=45000; out=90000 KZT; tx=1/1; role_score=0.725; depth=2; truncated=0; is_seed=0,2,False,1,1,45000.0000000000,90000.0000000000,1,1,0.0002910837,2.0000000000,False,True,2,3,0,0.0000000000,0.0000192202,0.2863105175,0.2497775801,0.0000000000,0.2313460615,0.0000000000,0.0000000000,0.2753506363,0.7246493637,0.6267384477,0.6056527591,0.0000000000
100000001714173100,terminal,0.7616349350,35,0.4799465683,in_deg=1; out_deg=0; in=638905; out=0 KZT; tx=6/0; out/in=0; prev_day=0.000; depth=3; truncated=0; is_seed=0,3,False,1,0,638905.0000000000,0.0000000000,6,0,0.0005672616,0.0000000000,False,True,3,3,0,0.0000000000,0.0000000000,0.0000000000,0.8681049822,0.0000000000,0.0000000000,0.0000000000,0.7616349350,0.0000000000,0.2383650650,0.8903095559,0.8476895469,0.0000000000
100000001714413100,terminal,0.5201722575,10,0.2678974452,in_deg=1; out_deg=0; in=250172; out=0 KZT; tx=1/0; out/in=0; prev_day=0.000; depth=3; truncated=0; is_seed=0,3,False,1,0,250172.0000000000,0.0000000000,1,0,0.0002920780,0.0000000000,False,True,1,1,0,0.0000000000,0.0000000000,0.0000000000,0.2742437722,0.0000000000,0.0000000000,0.0000000000,0.5201722575,0.0000000000,0.4798277425,0.7494392104,0.2626738448,0.0000000000
100000001714883100,peripheral,1.0000000000,18,0.0693455396,in_deg=1; out_deg=0; in=6900; out=0 KZT; tx=1/0; role_score=1.000; depth=4; truncated=1; is_seed=0,4,False,1,0,6900.0000000000,0.0000000000,1,0,0.0002877055,0.0000000000,True,True,1,1,0,0.0000000000,0.0000000000,0.0000000000,0.1416814947,0.0000000000,0.0000000000,0.0000000000,0.0000000000,0.0000000000,1.0000000000,0.0347689547,0.2626738448,0.0000000000
100000001716579100,peripheral,0.7066334240,22,0.0834590570,in_deg=1; out_deg=0; in=13916; out=0 KZT; tx=1/0; role_score=0.707; depth=1; truncated=0; is_seed=0,1,False,1,0,13916.0000000000,0.0000000000,1,0,0.0002869361,0.0000000000,False,True,1,1,0,0.0000000000,0.0000000000,0.0000000000,0.1034252669,0.0000000000,0.0000000000,0.0000000000,0.2933665760,0.0000000000,0.7066334240,0.1141767609,0.2626738448,0.0000000000
100000001724740100,peripheral,1.0000000000,4,0.4135297224,in_deg=1; out_deg=0; in=185000; out=0 KZT; tx=4/0; role_score=1.000; depth=4; truncated=1; is_seed=0,4,False,1,0,185000.0000000000,0.0000000000,4,0,0.0005332984,0.0000000000,True,True,2,2,0,0.0000000000,0.0000000000,0.0000000000,0.8218416370,0.0000000000,0.0000000000,0.0000000000,0.0000000000,0.0000000000,1.0000000000,0.6895468820,0.7857783760,0.0000000000
100000001726614100,peripheral,0.5192656392,0,0.2489610674,in_deg=1; out_deg=0; in=138717; out=0 KZT; tx=1/0; role_score=0.519; depth=3; truncated=0; is_seed=0,3,False,1,0,138717.0000000000,0.0000000000,1,0,0.0002962454,0.0000000000,False,True,1,1,0,0.0000000000,0.0000000000,0.0000000000,0.3476423488,0.0000000000,0.0000000000,0.0000000000,0.4807343608,0.0000000000,0.5192656392,0.6296545536,0.2626738448,0.0000000000
100000001732159100,transit,0.8423547592,42,0.7459805292,in_deg=2; out_deg=4; in=2.3781e+06; out=1.50597e+06 KZT; tx=30/23; out/in=unavailable; prev_day=0.565; depth=0; truncated=0; is_seed=1,0,True,2,4,2378100.0000000000,1505966.0000000000,30,23,0.0010857051,0.6332643707,False,True,18,21,13,0.5652173913,0.0000202709,0.4298831386,0.9561832740,0.6321144354,0.8423547592,0.7338696766,0.0000000000,0.5877731792,0.1576452408,0.9876626290,0.9934948407,0.5615405622
100000001733216100,peripheral,1.0000000000,0,0.3152283511,in_deg=1; out_deg=0; in=60000; out=0 KZT; tx=2/0; role_score=1.000; depth=4; truncated=1; is_seed=0,4,False,1,0,60000.0000000000,0.0000000000,2,0,0.0004053236,0.0000000000,True,True,1,1,0,0.0000000000,0.0000000000,0.0000000000,0.7126334520,0.0000000000,0.0000000000,0.0000000000,0.0000000000,0.0000000000,1.0000000000,0.4699416779,0.6056527591,0.0000000000
100000001733687100,terminal,0.5290873376,4,0.3007835039,in_deg=1; out_deg=0; in=300000; out=0 KZT; tx=1/0; out/in=0; prev_day=0.000; depth=3; truncated=0; is_seed=0,3,False,1,0,300000.0000000000,0.0000000000,1,0,0.0003050677,0.0000000000,False,True,1,1,0,0.0000000000,0.0000000000,0.0000000000,0.4486209964,0.0000000000,0.0000000000,0.0000000000,0.5290873376,0.0000000000,0.4709126624,0.7763571108,0.2626738448,0.0000000000
100000001737722100,peripheral,0.5741160471,2,0.2379337288,in_deg=1; out_deg=0; in=60460; out=0 KZT; tx=1/0; role_score=0.574; depth=2; truncated=0; is_seed=0,2,False,1,0,60460.0000000000,0.0000000000,1,0,0.0003170209,0.0000000000,False,True,1,1,0,0.0000000000,0.0000000000,0.0000000000,0.5335854093,0.0000000000,0.0000000000,0.0000000000,0.4258839529,0.0000000000,0.5741160471,0.4739793629,0.2626738448,0.0000000000
100000001740277100,peripheral,0.8863522681,1,0.2201575569,in_deg=1; out_deg=1; in=8700; out=5000 KZT; tx=1/1; role_score=0.886; depth=3; truncated=0; is_seed=0,3,False,1,1,8700.0000000000,5000.0000000000,1,1,0.0003742388,0.5747126437,False,True,2,3,0,0.0000000000,0.0000000000,0.0000000000,0.6732651246,0.0000000000,0.1101695430,0.0000000000,0.1136477319,0.0000000000,0.8863522681,0.1132794975,0.6056527591,0.0000000000
100000001745217100,peripheral,0.5913417951,0,0.1708782115,in_deg=1; out_deg=0; in=50000; out=0 KZT; tx=1/0; role_score=0.591; depth=3; truncated=0; is_seed=0,3,False,1,0,50000.0000000000,0.0000000000,1,0,0.0002884377,0.0000000000,False,True,1,1,0,0.0000000000,0.0000000000,0.0000000000,0.1710409253,0.0000000000,0.0000000000,0.0000000000,0.4086582049,0.0000000000,0.5913417951,0.4232839838,0.2626738448,0.0000000000
100000001746925100,coordinator,0.6460103657,2,0.5387409388,in_deg=1; out_deg=1; in=65250; out=5000 KZT; tx=1/1; bet_pct=0.770; pr_pct=0.356; depth=1; truncated=0; is_seed=0,1,False,1,1,65250.0000000000,5000.0000000000,1,1,0.0002969970,0.0766283525,False,True,2,15,0,0.0000000000,0.0001188881,0.7704507513,0.3556494662,0.0000000000,0.0928849176,0.0000000000,0.3974348954,0.6460103657,0.3539896343,0.4995513683,0.6056527591,0.0000000000
100000001782980100,peripheral,0.7258041904,27,0.4585493908,in_deg=1; out_deg=1; in=50000; out=596200 KZT; tx=1/3; role_score=0.726; depth=2; truncated=0; is_seed=0,2,False,1,1,50000.0000000000,596200.0000000000,1,3,0.0003679966,11.9240000000,False,True,4,18,0,0.0000000000,0.0000005944,0.0517529215,0.6643683274,0.0000000000,0.2741958096,0.0000000000,0.0000000000,0.2355375433,0.7258041904,0.8916554509,0.7857783760,0.0000000000
100000001784279100,peripheral,0.6203535811,0,0.1425279227,in_deg=1; out_deg=0; in=35674; out=0 KZT; tx=1/0; role_score=0.620; depth=3; truncated=0; is_seed=0,3,False,1,0,35674.0000000000,0.0000000000,1,0,0.0002871769,0.0000000000,False,True,1,1,0,0.0000000000,0.0000000000,0.0000000000,0.1158807829,0.0000000000,0.0000000000,0.0000000000,0.3796464189,0.0000000000,0.6203535811,0.3429789143,0.2626738448,0.0000000000
100000001785161100,consolidator,0.6529162889,33,0.2531634071,in_deg=2; out_deg=0; in=30000; out=0 KZT; tx=2/0; role_score=0.653; depth=3; truncated=0; is_seed=0,3,False,2,0,30000.0000000000,0.0000000000,2,0,0.0003292254,0.0000000000,False,True,2,22,0,0.0000000000,0.0000000000,0.0000000000,0.5785142349,0.6529162889,0.0000000000,0.0000000000,0.6529162889,0.0000000000,0.3470837111,0.3021534320,0.6056527591,0.0000000000
100000001788284100,distributor,0.7062119757,13,0.6185494210,in_deg=1; out_deg=5; in=8000; out=296700 KZT; tx=1/8; role_score=0.706; depth=3; truncated=0; is_seed=0,3,False,1,5,8000.0000000000,296700.0000000000,1,8,0.0002977439,37.0875000000,False,True,6,28,0,0.0000000000,0.0000594441,0.6686143573,0.3676601423,0.0000000000,0.1739102870,0.7062119757,0.0000000000,0.5783280928,0.2937880243,0.7817406909,0.8930013459,0.0000000000
100000001805543100,peripheral,0.5765336960,16,0.1898285291,in_deg=1; out_deg=0; in=59000; out=0 KZT; tx=1/0; role_score=0.577; depth=1; truncated=0; is_seed=0,1,False,1,0,59000.0000000000,0.0000000000,1,0,0.0002903391,0.0000000000,False,True,1,1,0,0.0000000000,0.0000000000,0.0000000000,0.2270907473,0.0000000000,0.0000000000,0.0000000000,0.4234663040,0.0000000000,0.5765336960,0.4654553611,0.2626738448,0.0000000000
100000001808684100,peripheral,0.7344492293,1,0.4018224315,in_deg=1; out_deg=1; in=48400; out=37700 KZT; tx=3/2; role_score=0.734; depth=3; truncated=0; is_seed=0,3,False,1,1,48400.0000000000,37700.0000000000,3,2,0.0011628471,0.7789256198,False,True,4,28,0,0.0000000000,0.0000000000,0.0000000000,0.9606316726,0.0000000000,0.2655507707,0.0000000000,0.1270726718,0.0000000000,0.7344492293,0.5372364289,0.8227904890,0.0000000000
100000001816678100,peripheral,1.0000000000,2,0.2275159446,in_deg=1; out_deg=0; in=60000; out=0 KZT; tx=1/0; role_score=1.000; depth=4; truncated=1; is_seed=0,4,False,1,0,60000.0000000000,0.0000000000,1,0,0.0003079647,0.0000000000,True,True,1,1,0,0.0000000000,0.0000000000,0.0000000000,0.4708629893,0.0000000000,0.0000000000,0.0000000000,0.0000000000,0.0000000000,1.0000000000,0.4699416779,0.2626738448,0.0000000000
100000001818442100,peripheral,0.6087186461,18,0.1931531732,in_deg=1; out_deg=0; in=42215; out=0 KZT; tx=1/0; role_score=0.609; depth=3; truncated=0; is_seed=0,3,False,1,0,42215.0000000000,0.0000000000,1,0,0.0002996565,0.0000000000,False,True,1,1,0,0.0000000000,0.0000000000,0.0000000000,0.3987989324,0.0000000000,0.0000000000,0.0000000000,0.3912813539,0.0000000000,0.6087186461,0.3757290265,0.2626738448,0.0000000000
100000001819396100,peripheral,0.5067240858,14,0.2925119771,in_deg=1; out_deg=0; in=166080; out=0 KZT; tx=1/0; role_score=0.507; depth=3; truncated=0; is_seed=0,3,False,1,0,166080.0000000000,0.0000000000,1,0,0.0003253147,0.0000000000,False,True,1,1,0,0.0000000000,0.0000000000,0.0000000000,0.5669483986,0.0000000000,0.0000000000,0.0000000000,0.4932759142,0.0000000000,0.5067240858,0.6722745626,0.2626738448,0.0000000000
100000001822623100,terminal,0.5077818072,29,0.3008258824,in_deg=1; out_deg=0; in=201300; out=0 KZT; tx=1/0; out/in=0; prev_day=0.000; depth=2; truncated=0; is_seed=0,2,False,1,0,201300.0000000000,0.0000000000,1,0,0.0003217042,0.0000000000,False,True,1,1,0,0.0000000000,0.0000000000,0.0000000000,0.5558274021,0.0000000000,0.0000000000,0.0000000000,0.5077818072,0.0000000000,0.4922181928,0.7122027815,0.2626738448,0.0000000000
100000001822650100,peripheral,1.0000000000,4,0.2555817474,in_deg=1; out_deg=0; in=112000; out=0 KZT; tx=1/0; role_score=1.000; depth=4; truncated=1; is_seed=0,4,False,1,0,112000.0000000000,0.0000000000,1,0,0.0003042414,0.0000000000,True,True,1,1,0,0.0000000000,0.0000000000,0.0000000000,0.4415035587,0.0000000000,0.0000000000,0.0000000000,0.0000000000,0.0000000000,1.0000000000,0.5998205473,0.2626738448,0.0000000000
100000001825934100,peripheral,0.7157198905,26,0.3900651333,in_deg=1; out_deg=1; in=40000; out=97000 KZT; tx=1/1; role_score=0.716; depth=3; truncated=0; is_seed=0,3,False,1,1,40000.0000000000,97000.0000000000,1,1,0.0004729185,2.4250000000,False,True,2,6,0,0.0000000000,0.0000009907,0.0809682805,0.7586743772,0.0000000000,0.2286045337,0.0000000000,0.0000000000,0.2842801095,0.7157198905,0.6283086586,0.6056527591,0.0000000000
100000001831496100,peripheral,0.7681768465,11,0.3836793951,in_deg=1; out_deg=1; in=25000; out=373000 KZT; tx=1/1; role_score=0.768; depth=3; truncated=0; is_seed=0,3,False,1,1,25000.0000000000,373000.0000000000,1,1,0.0002910794,14.9200000000,False,True,2,19,0,0.0000000000,0.0000018494,0.1427378965,0.2493327402,0.0000000000,0.2318231535,0.0000000000,0.0000000000,0.1747163496,0.7681768465,0.8218932257,0.6056527591,0.0000000000
100000001835625100,peripheral,0.5605167724,10,0.1780636025,in_deg=1; out_deg=0; in=75130; out=0 KZT; tx=1/0; role_score=0.561; depth=3; truncated=0; is_seed=0,3,False,1,0,75130.0000000000,0.0000000000,1,0,0.0002864520,0.0000000000,False,True,1,1,0,0.0000000000,0.0000000000,0.0000000000,0.0776245552,0.0000000000,0.0000000000,0.0000000000,0.4394832276,0.0000000000,0.5605167724,0.5080753701,0.2626738448,0.0000000000
100000001837130100,peripheral,0.5041553339,0,0.2689776137,in_deg=1; out_deg=0; in=172900; out=0 KZT; tx=1/0; role_score=0.504; depth=3; truncated=0; is_seed=0,3,False,1,0,172900.0000000000,0.0000000000,1,0,0.0002992538,0.0000000000,False,True,1,1,0,0.0000000000,0.0000000000,0.0000000000,0.3943505338,0.0000000000,0.0000000000,0.0000000000,0.4958446661,0.0000000000,0.5041553339,0.6816958277,0.2626738448,0.0000000000
100000001845505100,peripheral,1.0000000000,8,0.2206238106,in_deg=1; out_deg=0; in=20000; out=0 KZT; tx=1/0; role_score=1.000; depth=4; truncated=1; is_seed=0,4,False,1,0,20000.0000000000,0.0000000000,1,0,0.0005886412,0.0000000000,True,True,1,1,0,0.0000000000,0.0000000000,0.0000000000,0.8787811388,0.0000000000,0.0000000000,0.0000000000,0.0000000000,0.0000000000,1.0000000000,0.1976222521,0.2626738448,0.0000000000
100000001848426100,peripheral,0.5435932306,1,0.2443965096,in_deg=1; out_deg=0; in=95530; out=0 KZT; tx=1/0; role_score=0.544; depth=2; truncated=0; is_seed=0,2,False,1,0,95530.0000000000,0.0000000000,1,0,0.0003020213,0.0000000000,False,True,1,1,0,0.0000000000,0.0000000000,0.0000000000,0.4263790036,0.0000000000,0.0000000000,0.0000000000,0.4564067694,0.0000000000,0.5435932306,0.5641543293,0.2626738448,0.0000000000
100000001851289100,terminal,0.6400725295,16,0.3083460010,in_deg=1; out_deg=0; in=109510; out=0 KZT; tx=3/0; out/in=0; prev_day=0.000; depth=1; truncated=0; is_seed=0,1,False,1,0,109510.0000000000,0.0000000000,3,0,0.0002957341,0.0000000000,False,True,1,1,0,0.0000000000,0.0000000000,0.0000000000,0.3409697509,0.0000000000,0.0000000000,0.0000000000,0.6400725295,0.0000000000,0.3599274705,0.5942126514,0.7243158367,0.0000000000
100000001852140100,peripheral,0.6345572681,50,0.2540297372,in_deg=1; out_deg=0; in=30000; out=0 KZT; tx=1/0; role_score=0.635; depth=3; truncated=0; is_seed=0,3,False,1,0,30000.0000000000,0.0000000000,1,0,0.0007982887,0.0000000000,False,True,1,1,0,0.0000000000,0.0000000000,0.0000000000,0.9272686833,0.0000000000,0.0000000000,0.0000000000,0.3654427319,0.0000000000,0.6345572681,0.3021534320,0.2626738448,0.0000000000
100000001853812100,peripheral,0.5658809308,8,0.2199525694,in_deg=1; out_deg=0; in=70000; out=0 KZT; tx=1/0; role_score=0.566; depth=3; truncated=0; is_seed=0,3,False,1,0,70000.0000000000,0.0000000000,1,0,0.0002981672,0.0000000000,False,True,1,1,0,0.0000000000,0.0000000000,0.0000000000,0.3774466192,0.0000000000,0.0000000000,0.0000000000,0.4341190692,0.0000000000,0.5658809308,0.4957379991,0.2626738448,0.0000000000
100000001857829100,coordinator,0.9383395888,8,0.8798850815,in_deg=6; out_deg=16; in=888535; out=2.39099e+06 KZT; tx=9/16; bet_pct=0.959; pr_pct=0.890; depth=2; truncated=0; is_seed=0,2,False,6,16,888535.0000000000,2390993.0000000000,9,16,0.0006165474,2.6909384549,False,True,9,21,3,0.1875000000,0.0019595994,0.9590984975,0.8899021352,0.6201131899,0.7119017512,0.8072220767,0.0000000000,0.9383395888,0.0616604112,0.9849708389,0.9746523105,0.1827473082
100000001860090100,peripheral,0.7521909943,1,0.1426418069,in_deg=1; out_deg=0; in=5000; out=0 KZT; tx=1/0; role_score=0.752; depth=3; truncated=0; is_seed=0,3,False,1,0,5000.0000000000,0.0000000000,1,0,0.0003756256,0.0000000000,False,True,1,1,0,0.0000000000,0.0000000000,0.0000000000,0.6759341637,0.0000000000,0.0000000000,0.0000000000,0.2478090057,0.0000000000,0.7521909943,0.0074024226,0.2626738448,0.0000000000
100000001870116100,peripheral,0.6574493805,22,0.1284569236,in_deg=1; out_deg=0; in=24000; out=0 KZT; tx=1/0; role_score=0.657; depth=1; truncated=0; is_seed=0,1,False,1,0,24000.0000000000,0.0000000000,1,0,0.0002890367,0.0000000000,False,True,1,1,0,0.0000000000,0.0000000000,0.0000000000,0.1910587189,0.0000000000,0.0000000000,0.0000000000,0.3425506195,0.0000000000,0.6574493805,0.2415881561,0.2626738448,0.0000000000
100000001872484100,distributor,0.6745317003,39,0.5592173513,in_deg=1; out_deg=3; in=871400; out=514580 KZT; tx=13/9; role_score=0.675; depth=1; truncated=0; is_seed=0,1,False,1,3,871400.0000000000,514580.0000000000,13,9,0.0023583032,0.5905210007,False,True,18,31,1,0.1111111111,0.0000005944,0.0517529215,0.9908807829,0.0000000000,0.6234533549,0.6745317003,0.3208142356,0.3334912800,0.3254682997,0.9468371467,0.9668012562,0.1074223618
100000001875167100,terminal,0.7037624660,10,0.4016456830,in_deg=1; out_deg=0; in=1e+06; out=0 KZT; tx=2/0; out/in=0; prev_day=0.000; depth=3; truncated=0; is_seed=0,3,False,1,0,1000000.0000000000,0.0000000000,2,0,0.0003161780,0.0000000000,False,True,1,1,0,0.0000000000,0.0000000000,0.0000000000,0.5286921708,0.0000000000,0.0000000000,0.0000000000,0.7037624660,0.0000000000,0.2962375340,0.9259757739,0.6056527591,0.0000000000
100000001875239100,consolidator,0.9125868843,4,0.4208399042,in_deg=3; out_deg=0; in=712000; out=0 KZT; tx=3/0; role_score=0.913; depth=3; truncated=0; is_seed=0,3,False,3,0,712000.0000000000,0.0000000000,3,0,0.0003321903,0.0000000000,False,True,1,1,0,0.0000000000,0.0000000000,0.0000000000,0.5869661922,0.9125868843,0.0000000000,0.0000000000,0.9125868843,0.0000000000,0.0874131157,0.8965903993,0.7243158367,0.0000000000
100000001884825100,consolidator,0.9018585675,4,0.4142665621,in_deg=3; out_deg=0; in=495000; out=0 KZT; tx=3/0; role_score=0.902; depth=3; truncated=0; is_seed=0,3,False,3,0,495000.0000000000,0.0000000000,3,0,0.0003382972,0.0000000000,False,True,2,10,0,0.0000000000,0.0000000000,0.0000000000,0.6052046263,0.9018585675,0.0000000000,0.0000000000,0.9018585675,0.0000000000,0.0981414325,0.8593539704,0.7243158367,0.0000000000
100000001887715100,consolidator,0.8209901028,35,0.6727158134,in_deg=3; out_deg=1; in=1.3315e+06; out=750000 KZT; tx=4/1; role_score=0.821; depth=3; truncated=0; is_seed=0,3,False,3,1,1331500.0000000000,750000.0000000000,4,1,0.0007264886,0.5632745024,False,True,1,1,0,0.0000000000,0.0000225887,0.4816360601,0.9174822064,0.8209901028,0.3262791544,0.0000000000,0.4097683556,0.6123899040,0.1790098972,0.9724091521,0.8227904890,0.0000000000
100000001893287100,peripheral,0.6575469825,1,0.4663593749,in_deg=1; out_deg=1; in=18000; out=152700 KZT; tx=3/14; role_score=0.658; depth=3; truncated=0; is_seed=0,3,False,1,1,18000.0000000000,152700.0000000000,3,14,0.0006137551,8.4833333333,False,True,12,17,3,0.2142857143,0.0000000000,0.0000000000,0.8894572954,0.0000000000,0.3424530175,0.0000000000,0.0000000000,0.0000000000,0.6575469825,0.6803499327,0.9499775684,0.2035666218
100000001899164100,coordinator,0.8358187801,7,0.7523979499,in_deg=4; out_deg=3; in=291675; out=76500 KZT; tx=5/3; bet_pct=0.782; pr_pct=0.961; depth=1; truncated=0; is_seed=0,1,False,4,3,291675.0000000000,76500.0000000000,5,3,0.0011663048,0.2622782206,False,True,6,31,0,0.0000000000,0.0001266158,0.7821368948,0.9610765125,0.7176261710,0.4045270732,0.4038012900,0.6737925802,0.8358187801,0.1641812199,0.8082099596,0.8829071332,0.0000000000
100000001904863100,terminal,0.5523572076,40,0.3695385231,in_deg=1; out_deg=0; in=500000; out=0 KZT; tx=1/0; out/in=0; prev_day=0.000; depth=2; truncated=0; is_seed=0,2,False,1,0,500000.0000000000,0.0000000000,1,0,0.0004782396,0.0000000000,False,True,1,1,0,0.0000000000,0.0000000000,0.0000000000,0.7626779359,0.0000000000,0.0000000000,0.0000000000,0.5523572076,0.0000000000,0.4476427924,0.8629430238,0.2626738448,0.0000000000
100000001924185100,consolidator,0.7754608643,11,0.3248538205,in_deg=2; out_deg=0; in=151000; out=0 KZT; tx=2/0; role_score=0.775; depth=1; truncated=0; is_seed=0,1,False,2,0,151000.0000000000,0.0000000000,2,0,0.0003085321,0.0000000000,False,True,2,3,0,0.0000000000,0.0000000000,0.0000000000,0.4739768683,0.7754608643,0.0000000000,0.0000000000,0.7754608643,0.0000000000,0.2245391357,0.6516375056,0.6056527591,0.0000000000
100000001927599100,consolidator,0.7881535207,18,0.3492515305,in_deg=2; out_deg=0; in=188000; out=0 KZT; tx=2/0; role_score=0.788; depth=3; truncated=0; is_seed=0,3,False,2,0,188000.0000000000,0.0000000000,2,0,0.0003254364,0.0000000000,False,True,1,1,0,0.0000000000,0.0000000000,0.0000000000,0.5678380783,0.7881535207,0.0000000000,0.0000000000,0.7881535207,0.0000000000,0.2118464793,0.6929116196,0.6056527591,0.0000000000
100000001929088100,consolidator,0.8291024479,1,0.3749655893,in_deg=2; out_deg=0; in=396010; out=0 KZT; tx=2/0; role_score=0.829; depth=1; truncated=0; is_seed=0,1,False,2,0,396010.0000000000,0.0000000000,2,0,0.0003158465,0.0000000000,False,True,2,15,0,0.0000000000,0.0000000000,0.0000000000,0.5269128114,0.8291024479,0.0000000000,0.0000000000,0.8291024479,0.0000000000,0.1708975521,0.8203230148,0.6056527591,0.0000000000
100000001934935100,peripheral,0.5269718948,0,0.2278571382,in_deg=1; out_deg=0; in=118935; out=0 KZT; tx=1/0; role_score=0.527; depth=3; truncated=0; is_seed=0,3,False,1,0,118935.0000000000,0.0000000000,1,0,0.0002906889,0.0000000000,False,True,1,1,0,0.0000000000,0.0000000000,0.0000000000,0.2391014235,0.0000000000,0.0000000000,0.0000000000,0.4730281052,0.0000000000,0.5269718948,0.6103633917,0.2626738448,0.0000000000
100000001937767100,distributor,0.7355187320,40,0.7368052690,in_deg=1; out_deg=4; in=53000; out=1.933e+06 KZT; tx=1/6; role_score=0.736; depth=1; truncated=0; is_seed=0,1,False,1,4,53000.0000000000,1933000.0000000000,1,6,0.0008832777,36.4716981132,False,True,4,17,0,0.0000000000,0.0000566999,0.6368948247,0.9419483986,0.0000000000,0.2733420446,0.7355187320,0.0000000000,0.7284108969,0.2644812680,0.9692687304,0.8685509197,0.0000000000
100000001952325100,terminal,0.5779691750,22,0.2801668329,in_deg=1; out_deg=0; in=77888; out=0 KZT; tx=2/0; out/in=0; prev_day=0.000; depth=1; truncated=0; is_seed=0,1,False,1,0,77888.0000000000,0.0000000000,2,0,0.0003002620,0.0000000000,False,True,2,14,0,0.0000000000,0.0000000000,0.0000000000,0.4063612100,0.0000000000,0.0000000000,0.0000000000,0.5779691750,0.0000000000,0.4220308250,0.5134589502,0.6056527591,0.0000000000
100000001953577100,peripheral,0.6957540042,22,0.0937974226,in_deg=1; out_deg=0; in=15600; out=0 KZT; tx=1/0; role_score=0.696; depth=1; truncated=0; is_seed=0,1,False,1,0,15600.0000000000,0.0000000000,1,0,0.0002872869,0.0000000000,False,True,1,1,0,0.0000000000,0.0000000000,0.0000000000,0.1229982206,0.0000000000,0.0000000000,0.0000000000,0.3042459958,0.0000000000,0.6957540042,0.1437864513,0.2626738448,0.0000000000
100000001954534100,peripheral,0.5342778816,0,0.4346331543,in_deg=1; out_deg=1; in=13000; out=40000 KZT; tx=1/1; role_score=0.534; depth=3; truncated=0; is_seed=0,3,False,1,1,13000.0000000000,40000.0000000000,1,1,0.0003647527,3.0769230769,False,True,2,22,0,0.0000000000,0.0000196165,0.3823038397,0.6603647687,0.0000000000,0.1749099424,0.0000000000,0.0000000000,0.4657221184,0.5342778816,0.4436967250,0.6056527591,0.0000000000
100000001954903100,peripheral,0.6416591115,18,0.1628393925,in_deg=1; out_deg=0; in=27118; out=0 KZT; tx=1/0; role_score=0.642; depth=2; truncated=0; is_seed=0,2,False,1,0,27118.0000000000,0.0000000000,1,0,0.0002968645,0.0000000000,False,True,1,1,0,0.0000000000,0.0000000000,0.0000000000,0.3529804270,0.0000000000,0.0000000000,0.0000000000,0.3583408885,0.0000000000,0.6416591115,0.2819650067,0.2626738448,0.0000000000
100000001957974100,peripheral,1.0000000000,40,0.3365091636,in_deg=1; out_deg=0; in=500000; out=0 KZT; tx=1/0; role_score=1.000; depth=4; truncated=1; is_seed=0,4,False,1,0,500000.0000000000,0.0000000000,1,0,0.0003184072,0.0000000000,True,True,1,1,0,0.0000000000,0.0000000000,0.0000000000,0.5424822064,0.0000000000,0.0000000000,0.0000000000,0.0000000000,0.0000000000,1.0000000000,0.8629430238,0.2626738448,0.0000000000
100000001960517100,terminal,0.5061952251,1,0.3130388519,in_deg=1; out_deg=0; in=200000; out=0 KZT; tx=1/0; out/in=0; prev_day=0.000; depth=1; truncated=0; is_seed=0,1,False,1,0,200000.0000000000,0.0000000000,1,0,0.0003571884,0.0000000000,False,True,1,1,0,0.0000000000,0.0000000000,0.0000000000,0.6443505338,0.0000000000,0.0000000000,0.0000000000,0.5061952251,0.0000000000,0.4938047749,0.7079407806,0.2626738448,0.0000000000
100000001961048100,peripheral,0.5135237232,33,0.2656128063,in_deg=1; out_deg=0; in=150000; out=0 KZT; tx=1/0; role_score=0.514; depth=2; truncated=0; is_seed=0,2,False,1,0,150000.0000000000,0.0000000000,1,0,0.0003026058,0.0000000000,False,True,1,1,0,0.0000000000,0.0000000000,0.0000000000,0.4294928826,0.0000000000,0.0000000000,0.0000000000,0.4864762768,0.0000000000,0.5135237232,0.6471511889,0.2626738448,0.0000000000
100000001965374100,transit,0.6543505702,21,0.6150486228,in_deg=2; out_deg=3; in=1.75972e+06; out=3.0821e+06 KZT; tx=8/5; out/in=1.75; prev_day=0.400; depth=2; truncated=0; is_seed=0,2,False,2,3,1759720.0000000000,3082100.0000000000,8,5,0.0012704822,1.7514718251,False,True,9,25,2,0.4000000000,0.0000015852,0.1285475793,0.9659697509,0.6538304624,0.6543505702,0.6286263208,0.0000000000,0.3797742308,0.3456494298,0.9934948407,0.9304620906,0.3721848362
100000001969496100,peripheral,0.6638712602,40,0.1303791447,in_deg=1; out_deg=0; in=22740; out=0 KZT; tx=1/0; role_score=0.664; depth=3; truncated=0; is_seed=0,3,False,1,0,22740.0000000000,0.0000000000,1,0,0.0002904428,0.0000000000,False,True,1,1,0,0.0000000000,0.0000000000,0.0000000000,0.2315391459,0.0000000000,0.0000000000,0.0000000000,0.3361287398,0.0000000000,0.6638712602,0.2249887842,0.2626738448,0.0000000000
100000001985793100,terminal,0.5438954367,46,0.3469275366,in_deg=1; out_deg=0; in=420000; out=0 KZT; tx=1/0; out/in=0; prev_day=0.000; depth=2; truncated=0; is_seed=0,2,False,1,0,420000.0000000000,0.0000000000,1,0,0.0003705551,0.0000000000,False,True,1,1,0,0.0000000000,0.0000000000,0.0000000000,0.6661476868,0.0000000000,0.0000000000,0.0000000000,0.5438954367,0.0000000000,0.4561045633,0.8304172275,0.2626738448,0.0000000000
100000001987030100,consolidator,0.5473708069,3,0.4788050833,in_deg=2; out_deg=1; in=30864; out=19000 KZT; tx=2/1; role_score=0.547; depth=1; truncated=0; is_seed=0,1,False,2,1,30864.0000000000,19000.0000000000,2,1,0.0002922775,0.6156039399,False,True,3,15,0,0.0000000000,0.0000570663,0.6402337229,0.2795818505,0.5473708069,0.1559923141,0.0000000000,0.2524886179,0.5320381612,0.4526291931,0.4165545087,0.7243158367,0.0000000000
100000001991973100,peripheral,1.0000000000,18,0.1423187941,in_deg=1; out_deg=0; in=20800; out=0 KZT; tx=1/0; role_score=1.000; depth=4; truncated=1; is_seed=0,4,False,1,0,20800.0000000000,0.0000000000,1,0,0.0002950950,0.0000000000,True,True,1,1,0,0.0000000000,0.0000000000,0.0000000000,0.3320729537,0.0000000000,0.0000000000,0.0000000000,0.0000000000,0.0000000000,1.0000000000,0.2124270974,0.2626738448,0.0000000000
100000002015633100,peripheral,0.5441976428,10,0.1963026853,in_deg=1; out_deg=0; in=94970; out=0 KZT; tx=1/0; role_score=0.544; depth=3; truncated=0; is_seed=0,3,False,1,0,94970.0000000000,0.0000000000,1,0,0.0002870897,0.0000000000,False,True,1,1,0,0.0000000000,0.0000000000,0.0000000000,0.1109875445,0.0000000000,0.0000000000,0.0000000000,0.4558023572,0.0000000000,0.5441976428,0.5610139076,0.2626738448,0.0000000000
100000002028158100,peripheral,0.6230734361,3,0.1728498858,in_deg=1; out_deg=0; in=34800; out=0 KZT; tx=1/0; role_score=0.623; depth=2; truncated=0; is_seed=0,2,False,1,0,34800.0000000000,0.0000000000,1,0,0.0002950231,0.0000000000,False,True,1,1,0,0.0000000000,0.0000000000,0.0000000000,0.3307384342,0.0000000000,0.0000000000,0.0000000000,0.3769265639,0.0000000000,0.6230734361,0.3353521759,0.2626738448,0.0000000000
100000002032323100,peripheral,0.5197316182,42,0.5848179056,in_deg=1; out_deg=1; in=300000; out=1.05e+06 KZT; tx=1/2; role_score=0.520; depth=3; truncated=0; is_seed=0,3,False,1,1,300000.0000000000,1050000.0000000000,1,2,0.0004017165,3.5000000000,False,True,2,2,0,0.0000000000,0.0000196165,0.3823038397,0.7088523132,0.0000000000,0.3626200768,0.0000000000,0.0000000000,0.4802683818,0.5197316182,0.9441453567,0.7243158367,0.0000000000
100000002087788100,peripheral,0.5363402841,10,0.3203463494,in_deg=1; out_deg=0; in=100500; out=0 KZT; tx=1/0; role_score=0.536; depth=2; truncated=0; is_seed=0,2,False,1,0,100500.0000000000,0.0000000000,1,0,0.0006541584,0.0000000000,False,True,1,1,0,0.0000000000,0.0000000000,0.0000000000,0.9028024911,0.0000000000,0.0000000000,0.0000000000,0.4636597159,0.0000000000,0.5363402841,0.5820995962,0.2626738448,0.0000000000
100000002095257100,peripheral,0.7335297673,7,0.1565394004,in_deg=1; out_deg=0; in=8500; out=0 KZT; tx=1/0; role_score=0.734; depth=3; truncated=0; is_seed=0,3,False,1,0,8500.0000000000,0.0000000000,1,0,0.0003940862,0.0000000000,False,True,1,1,0,0.0000000000,0.0000000000,0.0000000000,0.7012900356,0.0000000000,0.0000000000,0.0000000000,0.2664702327,0.0000000000,0.7335297673,0.0477792732,0.2626738448,0.0000000000
100000002103448100,peripheral,0.6425657298,22,0.1337851881,in_deg=1; out_deg=0; in=27000; out=0 KZT; tx=1/0; role_score=0.643; depth=3; truncated=0; is_seed=0,3,False,1,0,27000.0000000000,0.0000000000,1,0,0.0002882205,0.0000000000,False,True,1,1,0,0.0000000000,0.0000000000,0.0000000000,0.1641459075,0.0000000000,0.0000000000,0.0000000000,0.3574342702,0.0000000000,0.6425657298,0.2790489009,0.2626738448,0.0000000000
100000002109656100,terminal,0.5523572076,24,0.3254326512,in_deg=1; out_deg=0; in=500000; out=0 KZT; tx=1/0; out/in=0; prev_day=0.000; depth=3; truncated=0; is_seed=0,3,False,1,0,500000.0000000000,0.0000000000,1,0,0.0003076827,0.0000000000,False,True,1,1,0,0.0000000000,0.0000000000,0.0000000000,0.4686387900,0.0000000000,0.0000000000,0.0000000000,0.5523572076,0.0000000000,0.4476427924,0.8629430238,0.2626738448,0.0000000000
100000002116705100,peripheral,0.6857812028,22,0.0963231611,in_deg=1; out_deg=0; in=17600; out=0 KZT; tx=1/0; role_score=0.686; depth=3; truncated=0; is_seed=0,3,False,1,0,17600.0000000000,0.0000000000,1,0,0.0002867641,0.0000000000,False,True,1,1,0,0.0000000000,0.0000000000,0.0000000000,0.0949733096,0.0000000000,0.0000000000,0.0000000000,0.3142187972,0.0000000000,0.6857812028,0.1707043517,0.2626738448,0.0000000000
100000002119762100,peripheral,1.0000000000,10,0.3744891676,in_deg=1; out_deg=0; in=77000; out=0 KZT; tx=6/0; role_score=1.000; depth=4; truncated=1; is_seed=0,4,False,1,0,77000.0000000000,0.0000000000,6,0,0.0005263978,0.0000000000,True,True,3,3,0,0.0000000000,0.0000000000,0.0000000000,0.7942615658,0.0000000000,0.0000000000,0.0000000000,0.0000000000,0.0000000000,1.0000000000,0.5127860027,0.8476895469,0.0000000000
100000002121357100,consolidator,0.6735418555,42,0.5566559826,in_deg=2; out_deg=1; in=255300; out=113000 KZT; tx=2/1; role_score=0.674; depth=3; truncated=0; is_seed=0,3,False,2,1,255300.0000000000,113000.0000000000,2,1,0.0003244778,0.4426165296,False,True,3,5,0,0.0000000000,0.0000215980,0.4607679466,0.5638345196,0.6735418555,0.2378414218,0.0000000000,0.4505053163,0.4916879185,0.3264581445,0.8086585913,0.7243158367,0.0000000000
100000002126791100,peripheral,1.0000000000,4,0.4744053984,in_deg=1; out_deg=0; in=1.313e+06; out=0 KZT; tx=3/0; role_score=1.000; depth=4; truncated=1; is_seed=0,4,False,1,0,1313000.0000000000,0.0000000000,3,0,0.0005683342,0.0000000000,True,True,3,7,0,0.0000000000,0.0000000000,0.0000000000,0.8685498221,0.0000000000,0.0000000000,0.0000000000,0.0000000000,0.0000000000,1.0000000000,0.9419021983,0.7243158367,0.0000000000
100000002130400100,peripheral,1.0000000000,26,0.1359026926,in_deg=1; out_deg=0; in=10000; out=0 KZT; tx=1/0; role_score=1.000; depth=4; truncated=1; is_seed=0,4,False,1,0,10000.0000000000,0.0000000000,1,0,0.0003157779,0.0000000000,True,True,1,1,0,0.0000000000,0.0000000000,0.0000000000,0.5255782918,0.0000000000,0.0000000000,0.0000000000,0.0000000000,0.0000000000,1.0000000000,0.0706594886,0.2626738448,0.0000000000
100000002132479100,peripheral,0.8328800242,40,0.3470862540,in_deg=1; out_deg=1; in=30000; out=20000 KZT; tx=2/1; role_score=0.833; depth=2; truncated=0; is_seed=0,2,False,1,1,30000.0000000000,20000.0000000000,2,1,0.0006016153,0.6666666667,False,True,3,9,0,0.0000000000,0.0000000000,0.0000000000,0.8841192171,0.0000000000,0.1619996798,0.0000000000,0.1671199758,0.0000000000,0.8328800242,0.4232839838,0.7243158367,0.0000000000
100000002152857100,distributor,0.7447366314,46,0.7279241350,in_deg=1; out_deg=5; in=105000; out=1.23e+06 KZT; tx=1/6; role_score=0.745; depth=1; truncated=0; is_seed=0,1,False,1,5,105000.0000000000,1230000.0000000000,1,6,0.0002980866,11.7142857143,False,True,5,14,0,0.0000000000,0.0003134683,0.8722871452,0.3761120996,0.0000000000,0.3126941766,0.7447366314,0.0000000000,0.7234346316,0.2552633686,0.9436967250,0.8685509197,0.0000000000
100000002156381100,coordinator,0.7126814635,11,0.6533947171,in_deg=2; out_deg=1; in=61000; out=21800 KZT; tx=7/3; bet_pct=0.609; pr_pct=0.956; depth=2; truncated=0; is_seed=0,2,False,2,1,61000.0000000000,21800.0000000000,7,3,0.0010744198,0.3573770492,False,True,8,31,1,0.3333333333,0.0000424034,0.6085141903,0.9557384342,0.6528281455,0.2490233750,0.0000000000,0.5034268191,0.7126814635,0.2873185365,0.5251233737,0.9042171377,0.3014057126
100000002158488100,peripheral,0.6283620429,22,0.1551120811,in_deg=1; out_deg=0; in=31723; out=0 KZT; tx=1/0; role_score=0.628; depth=1; truncated=0; is_seed=0,1,False,1,0,31723.0000000000,0.0000000000,1,0,0.0002906454,0.0000000000,False,True,1,1,0,0.0000000000,0.0000000000,0.0000000000,0.2386565836,0.0000000000,0.0000000000,0.0000000000,0.3716379571,0.0000000000,0.6283620429,0.3196500673,0.2626738448,0.0000000000
100000002170580100,peripheral,0.5135237232,18,0.2971074682,in_deg=1; out_deg=0; in=150000; out=0 KZT; tx=1/0; role_score=0.514; depth=2; truncated=0; is_seed=0,2,False,1,0,150000.0000000000,0.0000000000,1,0,0.0003549893,0.0000000000,False,True,1,1,0,0.0000000000,0.0000000000,0.0000000000,0.6394572954,0.0000000000,0.0000000000,0.0000000000,0.4864762768,0.0000000000,0.5135237232,0.6471511889,0.2626738448,0.0000000000
100000002173070100,peripheral,0.6345572681,16,0.1432979756,in_deg=1; out_deg=0; in=30000; out=0 KZT; tx=1/0; role_score=0.635; depth=2; truncated=0; is_seed=0,2,False,1,0,30000.0000000000,0.0000000000,1,0,0.0002889724,0.0000000000,False,True,1,1,0,0.0000000000,0.0000000000,0.0000000000,0.1890569395,0.0000000000,0.0000000000,0.0000000000,0.3654427319,0.0000000000,0.6345572681,0.3021534320,0.2626738448,0.0000000000
100000002173161100,consolidator,0.9466606225,16,0.4710413494,in_deg=3; out_deg=0; in=1.4275e+06; out=0 KZT; tx=5/0; role_score=0.947; depth=1; truncated=0; is_seed=0,1,False,3,0,1427500.0000000000,0.0000000000,5,0,0.0004328870,0.0000000000,False,True,3,8,0,0.0000000000,0.0000000000,0.0000000000,0.7364323843,0.9466606225,0.0000000000,0.0000000000,0.9466606225,0.0000000000,0.0533393775,0.9486316734,0.8227904890,0.0000000000
100000002175422100,coordinator,0.8513174018,36,0.8229380702,in_deg=3; out_deg=6; in=68500; out=1.62119e+06 KZT; tx=5/14; bet_pct=0.816; pr_pct=0.935; depth=2; truncated=0; is_seed=0,2,False,3,6,68500.0000000000,1621188.0000000000,5,14,0.0008395716,23.6669781022,False,True,11,28,2,0.1428571429,0.0001587156,0.8155258765,0.9348309609,0.5378261308,0.5444271039,0.7398735191,0.0000000000,0.8513174018,0.1486825982,0.9589502019,0.9589502019,0.1369928860
100000002182176100,peripheral,0.6084164400,0,0.1740269552,in_deg=1; out_deg=0; in=42465; out=0 KZT; tx=1/0; role_score=0.608; depth=1; truncated=0; is_seed=0,1,False,1,0,42465.0000000000,0.0000000000,1,0,0.0002919438,0.0000000000,False,True,1,1,0,0.0000000000,0.0000000000,0.0000000000,0.2697953737,0.0000000000,0.0000000000,0.0000000000,0.3915835600,0.0000000000,0.6084164400,0.3766262898,0.2626738448,0.0000000000
100000002184107100,peripheral,0.7419159867,38,0.0732269869,in_deg=1; out_deg=0; in=6066; out=0 KZT; tx=1/0; role_score=0.742; depth=3; truncated=0; is_seed=0,3,False,1,0,6066.0000000000,0.0000000000,1,0,0.0002886182,0.0000000000,False,True,1,1,0,0.0000000000,0.0000000000,0.0000000000,0.1761565836,0.0000000000,0.0000000000,0.0000000000,0.2580840133,0.0000000000,0.7419159867,0.0296096904,0.2626738448,0.0000000000
100000002185328100,coordinator,0.6639429818,32,0.5793245640,in_deg=1; out_deg=4; in=15000; out=55000 KZT; tx=1/4; bet_pct=0.679; pr_pct=0.630; depth=3; truncated=0; is_seed=0,3,False,1,4,15000.0000000000,55000.0000000000,1,4,0.0003497927,3.6666666667,False,True,5,29,0,0.0000000000,0.0000616237,0.6786310518,0.6296708185,0.0000000000,0.2151398390,0.5396974063,0.0000000000,0.6639429818,0.3360570182,0.4957379991,0.8227904890,0.0000000000
100000002188586100,peripheral,1.0000000000,18,0.1851488298,in_deg=1; out_deg=0; in=38310; out=0 KZT; tx=1/0; role_score=1.000; depth=4; truncated=1; is_seed=0,4,False,1,0,38310.0000000000,0.0000000000,1,0,0.0002982689,0.0000000000,True,True,1,1,0,0.0000000000,0.0000000000,0.0000000000,0.3783362989,0.0000000000,0.0000000000,0.0000000000,0.0000000000,0.0000000000,1.0000000000,0.3559892328,0.2626738448,0.0000000000
100000002188829100,terminal,0.5421577516,2,0.3439667272,in_deg=1; out_deg=0; in=400000; out=0 KZT; tx=1/0; out/in=0; prev_day=0.000; depth=1; truncated=0; is_seed=0,1,False,1,0,400000.0000000000,0.0000000000,1,0,0.0003634837,0.0000000000,False,True,1,1,0,0.0000000000,0.0000000000,0.0000000000,0.6572508897,0.0000000000,0.0000000000,0.0000000000,0.5421577516,0.0000000000,0.4578422484,0.8239120682,0.2626738448,0.0000000000
100000002193259100,coordinator,0.7600969365,7,0.6509547042,in_deg=2; out_deg=3; in=48000; out=58000 KZT; tx=2/3; bet_pct=0.682; pr_pct=0.942; depth=2; truncated=0; is_seed=0,2,False,2,3,48000.0000000000,58000.0000000000,2,3,0.0008834379,1.2083333333,False,True,4,10,0,0.0000000000,0.0000643977,0.6819699499,0.9423932384,0.4827440314,0.4696056511,0.4384245917,0.0000000000,0.7600969365,0.2399030635,0.5899506505,0.8227904890,0.0000000000
100000002194320100,peripheral,1.0000000000,3,0.3446231304,in_deg=1; out_deg=0; in=275000; out=0 KZT; tx=1/0; role_score=1.000; depth=4; truncated=1; is_seed=0,4,False,1,0,275000.0000000000,0.0000000000,1,0,0.0004835694,0.0000000000,True,True,1,1,0,0.0000000000,0.0000000000,0.0000000000,0.7666814947,0.0000000000,0.0000000000,0.0000000000,0.0000000000,0.0000000000,1.0000000000,0.7608793181,0.2626738448,0.0000000000
100000002194329100,peripheral,0.6496675733,0,0.1118819690,in_deg=1; out_deg=0; in=25170; out=0 KZT; tx=1/0; role_score=0.650; depth=3; truncated=0; is_seed=0,3,False,1,0,25170.0000000000,0.0000000000,1,0,0.0002854450,0.0000000000,False,True,1,1,0,0.0000000000,0.0000000000,0.0000000000,0.0491548043,0.0000000000,0.0000000000,0.0000000000,0.3503324267,0.0000000000,0.6496675733,0.2604306864,0.2626738448,0.0000000000
100000002199091100,peripheral,0.5702629193,22,0.2284331150,in_deg=1; out_deg=0; in=65000; out=0 KZT; tx=1/0; role_score=0.570; depth=2; truncated=0; is_seed=0,2,False,1,0,65000.0000000000,0.0000000000,1,0,0.0003059470,0.0000000000,False,True,1,1,0,0.0000000000,0.0000000000,0.0000000000,0.4552935943,0.0000000000,0.0000000000,0.0000000000,0.4297370807,0.0000000000,0.5702629193,0.4829519964,0.2626738448,0.0000000000
100000002205022100,coordinator,0.6953797180,31,0.6831990559,in_deg=1; out_deg=3; in=7100; out=518000 KZT; tx=1/3; bet_pct=0.634; pr_pct=0.840; depth=2; truncated=0; is_seed=0,2,False,1,3,7100.0000000000,518000.0000000000,1,3,0.0005423513,72.9577464789,False,True,4,12,0,0.0000000000,0.0000545124,0.6335559265,0.8396352313,0.0000000000,0.1714529105,0.5925792507,0.0000000000,0.6953797180,0.3046202820,0.8705697622,0.7857783760,0.0000000000
100000002208836100,peripheral,1.0000000000,10,0.2624103385,in_deg=1; out_deg=0; in=90000; out=0 KZT; tx=1/0; role_score=1.000; depth=4; truncated=1; is_seed=0,4,False,1,0,90000.0000000000,0.0000000000,1,0,0.0003279859,0.0000000000,True,True,1,1,0,0.0000000000,0.0000000000,0.0000000000,0.5745106762,0.0000000000,0.0000000000,0.0000000000,0.0000000000,0.0000000000,1.0000000000,0.5473306415,0.2626738448,0.0000000000
100000002211413100,peripheral,0.6184647930,22,0.1662937466,in_deg=1; out_deg=0; in=37000; out=0 KZT; tx=1/0; role_score=0.618; depth=1; truncated=0; is_seed=0,1,False,1,0,37000.0000000000,0.0000000000,1,0,0.0002917447,0.0000000000,False,True,1,1,0,0.0000000000,0.0000000000,0.0000000000,0.2653469751,0.0000000000,0.0000000000,0.0000000000,0.3815352070,0.0000000000,0.6184647930,0.3483624944,0.2626738448,0.0000000000
100000002212494100,peripheral,0.5092928377,36,0.3010358392,in_deg=1; out_deg=0; in=160000; out=0 KZT; tx=1/0; role_score=0.509; depth=3; truncated=0; is_seed=0,3,False,1,0,160000.0000000000,0.0000000000,1,0,0.0003544682,0.0000000000,False,True,1,1,0,0.0000000000,0.0000000000,0.0000000000,0.6372330961,0.0000000000,0.0000000000,0.0000000000,0.4907071623,0.0000000000,0.5092928377,0.6641991925,0.2626738448,0.0000000000
100000002214207100,peripheral,1.0000000000,26,0.3175232229,in_deg=1; out_deg=0; in=97000; out=0 KZT; tx=1/0; role_score=1.000; depth=4; truncated=1; is_seed=0,4,False,1,0,97000.0000000000,0.0000000000,1,0,0.0006860180,0.0000000000,True,True,1,1,0,0.0000000000,0.0000000000,0.0000000000,0.9090302491,0.0000000000,0.0000000000,0.0000000000,0.0000000000,0.0000000000,1.0000000000,0.5670704352,0.2626738448,0.0000000000
100000002214301100,coordinator,0.5619174380,0,0.4452139904,in_deg=1; out_deg=1; in=21438; out=8000 KZT; tx=1/1; bet_pct=0.737; pr_pct=0.153; depth=1; truncated=0; is_seed=0,1,False,1,1,21438.0000000000,8000.0000000000,1,1,0.0002880288,0.3731691389,False,True,2,20,0,0.0000000000,0.0000961012,0.7370617696,0.1532473310,0.0000000000,0.1158493499,0.0000000000,0.2088015463,0.5619174380,0.4380825620,0.2936294302,0.6056527591,0.0000000000
100000002214383100,peripheral,1.0000000000,22,0.3390258117,in_deg=1; out_deg=0; in=213000; out=0 KZT; tx=1/0; role_score=1.000; depth=4; truncated=1; is_seed=0,4,False,1,0,213000.0000000000,0.0000000000,1,0,0.0005277341,0.0000000000,True,True,1,1,0,0.0000000000,0.0000000000,0.0000000000,0.8022686833,0.0000000000,0.0000000000,0.0000000000,0.0000000000,0.0000000000,1.0000000000,0.7171377299,0.2626738448,0.0000000000
100000002214570100,peripheral,0.6439256573,22,0.1390252928,in_deg=1; out_deg=0; in=26471; out=0 KZT; tx=1/0; role_score=0.644; depth=1; truncated=0; is_seed=0,1,False,1,0,26471.0000000000,0.0000000000,1,0,0.0002895514,0.0000000000,False,True,1,1,0,0.0000000000,0.0000000000,0.0000000000,0.2061832740,0.0000000000,0.0000000000,0.0000000000,0.3560743427,0.0000000000,0.6439256573,0.2747869000,0.2626738448,0.0000000000
100000002214664100,peripheral,0.8216478686,22,0.2879412344,in_deg=1; out_deg=1; in=7950; out=76950 KZT; tx=1/2; role_score=0.822; depth=3; truncated=0; is_seed=0,3,False,1,1,7950.0000000000,76950.0000000000,1,2,0.0002852690,9.6792452830,False,True,1,1,0,0.0000000000,0.0000013870,0.1143572621,0.0420373665,0.0000000000,0.1783521314,0.0000000000,0.0000000000,0.0926612934,0.8216478686,0.5318528488,0.7243158367,0.0000000000
100000002216999100,peripheral,0.6593381686,22,0.1198833288,in_deg=1; out_deg=0; in=23677; out=0 KZT; tx=1/0; role_score=0.659; depth=3; truncated=0; is_seed=0,3,False,1,0,23677.0000000000,0.0000000000,1,0,0.0002877057,0.0000000000,False,True,1,1,0,0.0000000000,0.0000000000,0.0000000000,0.1421263345,0.0000000000,0.0000000000,0.0000000000,0.3406618314,0.0000000000,0.6593381686,0.2366532077,0.2626738448,0.0000000000
100000002217161100,coordinator,0.8502136939,38,0.8507154513,in_deg=2; out_deg=7; in=404750; out=995132 KZT; tx=15/19; bet_pct=0.811; pr_pct=0.943; depth=2; truncated=0; is_seed=0,2,False,2,7,404750.0000000000,995132.0000000000,15,19,0.0008841210,2.4586337245,False,True,21,30,8,0.4210526316,0.0001551490,0.8105175292,0.9428380783,0.5580151775,0.7059068327,0.7904792400,0.0000000000,0.8502136939,0.1497863061,0.9472857784,0.9827276806,0.4137800760
100000002217806100,peripheral,1.0000000000,19,0.3170533271,in_deg=1; out_deg=0; in=55000; out=0 KZT; tx=2/0; role_score=1.000; depth=4; truncated=1; is_seed=0,4,False,1,0,55000.0000000000,0.0000000000,2,0,0.0004609321,0.0000000000,True,True,2,16,0,0.0000000000,0.0000000000,0.0000000000,0.7502224199,0.0000000000,0.0000000000,0.0000000000,0.0000000000,0.0000000000,1.0000000000,0.4546882010,0.6056527591,0.0000000000
100000002224132100,consolidator,0.7656139821,21,0.6357470015,in_deg=5; out_deg=4; in=3.95102e+06; out=1.2115e+07 KZT; tx=10/25; role_score=0.766; depth=2; truncated=0; is_seed=0,2,False,5,4,3951020.0000000000,12115000.0000000000,10,25,0.0063384466,3.0662968044,False,True,15,28,5,0.2000000000,0.0000062416,0.1961602671,0.9997775801,0.7656139821,0.6847528304,0.6580478173,0.0000000000,0.4372454610,0.2343860179,0.9993270525,0.9840735756,0.1968147151
100000002227960100,peripheral,1.0000000000,32,0.1126486891,in_deg=1; out_deg=0; in=10000; out=0 KZT; tx=1/0; role_score=1.000; depth=4; truncated=1; is_seed=0,4,False,1,0,10000.0000000000,0.0000000000,1,0,0.0002977947,0.0000000000,True,True,1,1,0,0.0000000000,0.0000000000,0.0000000000,0.3705516014,0.0000000000,0.0000000000,0.0000000000,0.0000000000,0.0000000000,1.0000000000,0.0706594886,0.2626738448,0.0000000000
100000002227989100,peripheral,1.0000000000,32,0.1935330632,in_deg=1; out_deg=0; in=20000; out=0 KZT; tx=1/0; role_score=1.000; depth=4; truncated=1; is_seed=0,4,False,1,0,20000.0000000000,0.0000000000,1,0,0.0003921550,0.0000000000,True,True,1,1,0,0.0000000000,0.0000000000,0.0000000000,0.6981761566,0.0000000000,0.0000000000,0.0000000000,0.0000000000,0.0000000000,1.0000000000,0.1976222521,0.2626738448,0.0000000000
100000002229615100,peripheral,1.0000000000,32,0.2401711596,in_deg=1; out_deg=0; in=25000; out=0 KZT; tx=1/0; role_score=1.000; depth=4; truncated=1; is_seed=0,4,False,1,0,25000.0000000000,0.0000000000,1,0,0.0007137726,0.0000000000,True,True,1,1,0,0.0000000000,0.0000000000,0.0000000000,0.9152580071,0.0000000000,0.0000000000,0.0000000000,0.0000000000,0.0000000000,1.0000000000,0.2539255271,0.2626738448,0.0000000000
100000002231144100,peripheral,1.0000000000,32,0.1713393561,in_deg=1; out_deg=0; in=15000; out=0 KZT; tx=1/0; role_score=1.000; depth=4; truncated=1; is_seed=0,4,False,1,0,15000.0000000000,0.0000000000,1,0,0.0003651256,0.0000000000,True,True,1,1,0,0.0000000000,0.0000000000,0.0000000000,0.6612544484,0.0000000000,0.0000000000,0.0000000000,0.0000000000,0.0000000000,1.0000000000,0.1310004486,0.2626738448,0.0000000000
100000002232266100,peripheral,0.6044122091,8,0.1812724466,in_deg=1; out_deg=0; in=45000; out=0 KZT; tx=1/0; role_score=0.604; depth=3; truncated=0; is_seed=0,3,False,1,0,45000.0000000000,0.0000000000,1,0,0.0002931208,0.0000000000,False,True,1,1,0,0.0000000000,0.0000000000,0.0000000000,0.2960409253,0.0000000000,0.0000000000,0.0000000000,0.3955877909,0.0000000000,0.6044122091,0.3898609242,0.2626738448,0.0000000000
100000002236528100,peripheral,0.5692807495,1,0.2288178645,in_deg=1; out_deg=0; in=66000; out=0 KZT; tx=1/0; role_score=0.569; depth=3; truncated=0; is_seed=0,3,False,1,0,66000.0000000000,0.0000000000,1,0,0.0003055513,0.0000000000,False,True,1,1,0,0.0000000000,0.0000000000,0.0000000000,0.4526245552,0.0000000000,0.0000000000,0.0000000000,0.4307192505,0.0000000000,0.5692807495,0.4860924181,0.2626738448,0.0000000000
100000002241986100,distributor,0.8295594895,30,0.6965074896,in_deg=1; out_deg=6; in=280000; out=3.077e+06 KZT; tx=1/12; role_score=0.830; depth=3; truncated=0; is_seed=0,3,False,1,6,280000.0000000000,3077000.0000000000,1,12,0.0002930367,10.9892857143,False,True,12,30,0,0.0000000000,0.0001153215,0.7612687813,0.2942615658,0.0000000000,0.3533001886,0.8295594895,0.0000000000,0.6211666167,0.1704405105,0.9854194706,0.9304620906,0.0000000000
100000002242066100,peripheral,1.0000000000,38,0.2792953040,in_deg=1; out_deg=0; in=60000; out=0 KZT; tx=1/0; role_score=1.000; depth=4; truncated=1; is_seed=0,4,False,1,0,60000.0000000000,0.0000000000,1,0,0.0005306042,0.0000000000,True,True,1,1,0,0.0000000000,0.0000000000,0.0000000000,0.8160587189,0.0000000000,0.0000000000,0.0000000000,0.0000000000,0.0000000000,1.0000000000,0.4699416779,0.2626738448,0.0000000000
100000002242455100,peripheral,1.0000000000,10,0.3098320834,in_deg=1; out_deg=0; in=110000; out=0 KZT; tx=1/0; role_score=1.000; depth=4; truncated=1; is_seed=0,4,False,1,0,110000.0000000000,0.0000000000,1,0,0.0005290205,0.0000000000,True,True,1,1,0,0.0000000000,0.0000000000,0.0000000000,0.8102758007,0.0000000000,0.0000000000,0.0000000000,0.0000000000,0.0000000000,1.0000000000,0.5955585464,0.2626738448,0.0000000000
100000002243354100,peripheral,0.6688576609,22,0.1177423399,in_deg=1; out_deg=0; in=20879; out=0 KZT; tx=1/0; role_score=0.669; depth=1; truncated=0; is_seed=0,1,False,1,0,20879.0000000000,0.0000000000,1,0,0.0002883865,0.0000000000,False,True,1,1,0,0.0000000000,0.0000000000,0.0000000000,0.1674822064,0.0000000000,0.0000000000,0.0000000000,0.3311423391,0.0000000000,0.6688576609,0.2128757290,0.2626738448,0.0000000000
100000002255058100,terminal,0.6867633726,2,0.4141466409,in_deg=1; out_deg=0; in=491500; out=0 KZT; tx=2/0; out/in=0; prev_day=0.000; depth=3; truncated=0; is_seed=0,3,False,1,0,491500.0000000000,0.0000000000,2,0,0.0004236117,0.0000000000,False,True,2,12,0,0.0000000000,0.0000000000,0.0000000000,0.7253113879,0.0000000000,0.0000000000,0.0000000000,0.6867633726,0.0000000000,0.3132366274,0.8580080754,0.6056527591,0.0000000000
100000002257794100,peripheral,0.5109549713,34,0.3442039751,in_deg=1; out_deg=0; in=154000; out=0 KZT; tx=1/0; role_score=0.511; depth=3; truncated=0; is_seed=0,3,False,1,0,154000.0000000000,0.0000000000,1,0,0.0008545063,0.0000000000,False,True,1,1,0,0.0000000000,0.0000000000,0.0000000000,0.9366103203,0.0000000000,0.0000000000,0.0000000000,0.4890450287,0.0000000000,0.5109549713,0.6572454015,0.2626738448,0.0000000000
100000002258492100,peripheral,1.0000000000,47,0.1771328964,in_deg=1; out_deg=0; in=9000; out=0 KZT; tx=1/0; role_score=1.000; depth=4; truncated=1; is_seed=0,4,False,1,0,9000.0000000000,0.0000000000,1,0,0.0005369137,0.0000000000,True,True,1,1,0,0.0000000000,0.0000000000,0.0000000000,0.8318505338,0.0000000000,0.0000000000,0.0000000000,0.0000000000,0.0000000000,1.0000000000,0.0518169583,0.2626738448,0.0000000000
100000002267998100,coordinator,0.7553647018,29,0.7656758458,in_deg=2; out_deg=3; in=420000; out=1.115e+06 KZT; tx=4/12; bet_pct=0.661; pr_pct=0.975; depth=2; truncated=0; is_seed=0,2,False,2,3,420000.0000000000,1115000.0000000000,4,12,0.0015903176,2.6547619048,False,True,12,27,1,0.0833333333,0.0000588496,0.6611018364,0.9753113879,0.6184496827,0.6128098396,0.6514889529,0.0000000000,0.7553647018,0.2446352982,0.9540152535,0.9441453567,0.0786787797
100000002284426100,terminal,0.5869598066,10,0.2431276383,in_deg=1; out_deg=0; in=90000; out=0 KZT; tx=2/0; out/in=0; prev_day=0.000; depth=3; truncated=0; is_seed=0,3,False,1,0,90000.0000000000,0.0000000000,2,0,0.0002869299,0.0000000000,False,True,2,14,0,0.0000000000,0.0000000000,0.0000000000,0.1029804270,0.0000000000,0.0000000000,0.0000000000,0.5869598066,0.0000000000,0.4130401934,0.5473306415,0.6056527591,0.0000000000
100000002289937100,peripheral,0.6745240254,22,0.1131949849,in_deg=1; out_deg=0; in=20000; out=0 KZT; tx=1/0; role_score=0.675; depth=1; truncated=0; is_seed=0,1,False,1,0,20000.0000000000,0.0000000000,1,0,0.0002882034,0.0000000000,False,True,1,1,0,0.0000000000,0.0000000000,0.0000000000,0.1625889680,0.0000000000,0.0000000000,0.0000000000,0.3254759746,0.0000000000,0.6745240254,0.1976222521,0.2626738448,0.0000000000
100000002293421100,consolidator,0.5570036265,0,0.5669844034,in_deg=2; out_deg=2; in=41000; out=47000 KZT; tx=6/5; role_score=0.557; depth=2; truncated=0; is_seed=0,2,False,2,2,41000.0000000000,47000.0000000000,6,5,0.0009669905,1.1463414634,False,True,8,31,1,0.2000000000,0.0000196165,0.3823038397,0.9495106762,0.5570036265,0.4700623378,0.3969740634,0.0000000000,0.5524658907,0.4429963735,0.5412741140,0.9143113504,0.1828622701
100000002299948100,peripheral,0.7404049562,41,0.0862804473,in_deg=1; out_deg=0; in=6750; out=0 KZT; tx=1/0; role_score=0.740; depth=2; truncated=0; is_seed=0,2,False,1,0,6750.0000000000,0.0000000000,1,0,0.0002914316,0.0000000000,False,True,1,1,0,0.0000000000,0.0000000000,0.0000000000,0.2564501779,0.0000000000,0.0000000000,0.0000000000,0.2595950438,0.0000000000,0.7404049562,0.0336473755,0.2626738448,0.0000000000
100000002301828100,peripheral,0.6004079782,28,0.1777239357,in_deg=1; out_deg=0; in=46977; out=0 KZT; tx=1/0; role_score=0.600; depth=3; truncated=0; is_seed=0,3,False,1,0,46977.0000000000,0.0000000000,1,0,0.0002913775,0.0000000000,False,True,1,1,0,0.0000000000,0.0000000000,0.0000000000,0.2555604982,0.0000000000,0.0000000000,0.0000000000,0.3995920218,0.0000000000,0.6004079782,0.3999551368,0.2626738448,0.0000000000
100000002304943100,peripheral,1.0000000000,32,0.1389772565,in_deg=1; out_deg=0; in=15000; out=0 KZT; tx=1/0; role_score=1.000; depth=4; truncated=1; is_seed=0,4,False,1,0,15000.0000000000,0.0000000000,1,0,0.0003046734,0.0000000000,True,True,1,1,0,0.0000000000,0.0000000000,0.0000000000,0.4455071174,0.0000000000,0.0000000000,0.0000000000,0.0000000000,0.0000000000,1.0000000000,0.1310004486,0.2626738448,0.0000000000
100000002305007100,peripheral,0.5786491387,22,0.1972208934,in_deg=1; out_deg=0; in=56000; out=0 KZT; tx=1/0; role_score=0.579; depth=3; truncated=0; is_seed=0,3,False,1,0,56000.0000000000,0.0000000000,1,0,0.0002927136,0.0000000000,False,True,1,1,0,0.0000000000,0.0000000000,0.0000000000,0.2875889680,0.0000000000,0.0000000000,0.0000000000,0.4213508613,0.0000000000,0.5786491387,0.4587258860,0.2626738448,0.0000000000
100000002305477100,peripheral,1.0000000000,32,0.1635730988,in_deg=1; out_deg=0; in=20000; out=0 KZT; tx=1/0; role_score=1.000; depth=4; truncated=1; is_seed=0,4,False,1,0,20000.0000000000,0.0000000000,1,0,0.0003115521,0.0000000000,True,True,1,1,0,0.0000000000,0.0000000000,0.0000000000,0.4984430605,0.0000000000,0.0000000000,0.0000000000,0.0000000000,0.0000000000,1.0000000000,0.1976222521,0.2626738448,0.0000000000
100000002306369100,distributor,0.7240805544,2,0.6300737853,in_deg=1; out_deg=6; in=73166; out=260900 KZT; tx=1/9; role_score=0.724; depth=1; truncated=0; is_seed=0,1,False,1,6,73166.0000000000,260900.0000000000,1,9,0.0002976599,3.5658639259,False,True,5,24,0,0.0000000000,0.0000702515,0.6903171953,0.3654359431,0.0000000000,0.3150613926,0.7240805544,0.0000000000,0.5928528196,0.2759194456,0.7920592194,0.9042171377,0.0000000000
100000002308091100,terminal,0.5000755515,24,0.3415953855,in_deg=1; out_deg=0; in=186720; out=0 KZT; tx=1/0; out/in=0; prev_day=0.000; depth=3; truncated=0; is_seed=0,3,False,1,0,186720.0000000000,0.0000000000,1,0,0.0005577183,0.0000000000,False,True,1,1,0,0.0000000000,0.0000000000,0.0000000000,0.8627669039,0.0000000000,0.0000000000,0.0000000000,0.5000755515,0.0000000000,0.4999244485,0.6911170929,0.2626738448,0.0000000000
100000002320495100,peripheral,1.0000000000,28,0.1905727029,in_deg=1; out_deg=0; in=13526.3; out=0 KZT; tx=1/0; role_score=1.000; depth=4; truncated=1; is_seed=0,4,False,1,0,13526.2700000000,0.0000000000,1,0,0.0005322429,0.0000000000,True,True,1,1,0,0.0000000000,0.0000000000,0.0000000000,0.8205071174,0.0000000000,0.0000000000,0.0000000000,0.0000000000,0.0000000000,1.0000000000,0.1123822342,0.2626738448,0.0000000000
100000002324543100,peripheral,0.6313841040,4,0.1348287706,in_deg=1; out_deg=0; in=30202; out=0 KZT; tx=1/0; role_score=0.631; depth=1; truncated=0; is_seed=0,1,False,1,0,30202.0000000000,0.0000000000,1,0,0.0002872596,0.0000000000,False,True,1,1,0,0.0000000000,0.0000000000,0.0000000000,0.1198843416,0.0000000000,0.0000000000,0.0000000000,0.3686158960,0.0000000000,0.6313841040,0.3097801705,0.2626738448,0.0000000000
100000002335358100,terminal,0.6176337262,16,0.3818405803,in_deg=1; out_deg=0; in=140000; out=0 KZT; tx=2/0; out/in=0; prev_day=0.000; depth=2; truncated=0; is_seed=0,2,False,1,0,140000.0000000000,0.0000000000,2,0,0.0006085157,0.0000000000,False,True,2,2,0,0.0000000000,0.0000000000,0.0000000000,0.8867882562,0.0000000000,0.0000000000,0.0000000000,0.6176337262,0.0000000000,0.3823662738,0.6318977120,0.6056527591,0.0000000000
100000002340562100,terminal,0.5169235419,1,0.2978756402,in_deg=1; out_deg=0; in=36650; out=0 KZT; tx=2/0; out/in=0; prev_day=0.000; depth=2; truncated=0; is_seed=0,2,False,1,0,36650.0000000000,0.0000000000,2,0,0.0005277216,0.0000000000,False,True,2,9,0,0.0000000000,0.0000000000,0.0000000000,0.8018238434,0.0000000000,0.0000000000,0.0000000000,0.5169235419,0.0000000000,0.4830764581,0.3470165994,0.6056527591,0.0000000000
100000002343825100,consolidator,0.7217890601,42,0.6379943431,in_deg=3; out_deg=2; in=350000; out=89800 KZT; tx=4/2; role_score=0.722; depth=3; truncated=0; is_seed=0,3,False,3,2,350000.0000000000,89800.0000000000,4,2,0.0003318282,0.2565714286,False,True,3,8,0,0.0000000000,0.0000427997,0.6110183639,0.5865213523,0.7217890601,0.3471241938,0.3402497598,0.6707482623,0.6036692605,0.2782109399,0.8360251234,0.8476895469,0.0000000000
100000002346166100,peripheral,0.7429737081,22,0.0514352671,in_deg=1; out_deg=0; in=6000; out=0 KZT; tx=1/0; role_score=0.743; depth=3; truncated=0; is_seed=0,3,False,1,0,6000.0000000000,0.0000000000,1,0,0.0002849669,0.0000000000,False,True,1,1,0,0.0000000000,0.0000000000,0.0000000000,0.0353647687,0.0000000000,0.0000000000,0.0000000000,0.2570262919,0.0000000000,0.7429737081,0.0269179004,0.2626738448,0.0000000000
100000002356167100,peripheral,0.5229395840,10,0.5518912691,in_deg=1; out_deg=2; in=300000; out=29500 KZT; tx=1/3; role_score=0.523; depth=3; truncated=0; is_seed=0,3,False,1,2,300000.0000000000,29500.0000000000,1,3,0.0002936795,0.0983333333,False,True,3,11,0,0.0000000000,0.0000384405,0.5442404007,0.3064946619,0.0000000000,0.3037569044,0.3752401537,0.4770604160,0.4729166790,0.5229395840,0.7902646927,0.7857783760,0.0000000000
100000002369443100,peripheral,0.5913417951,22,0.1850908449,in_deg=1; out_deg=0; in=50000; out=0 KZT; tx=1/0; role_score=0.591; depth=3; truncated=0; is_seed=0,3,False,1,0,50000.0000000000,0.0000000000,1,0,0.0002917840,0.0000000000,False,True,1,1,0,0.0000000000,0.0000000000,0.0000000000,0.2657918149,0.0000000000,0.0000000000,0.0000000000,0.4086582049,0.0000000000,0.5913417951,0.4232839838,0.2626738448,0.0000000000
100000002369454100,peripheral,1.0000000000,8,0.2122463375,in_deg=1; out_deg=0; in=25000; out=0 KZT; tx=1/0; role_score=1.000; depth=4; truncated=1; is_seed=0,4,False,1,0,25000.0000000000,0.0000000000,1,0,0.0004263475,0.0000000000,True,True,1,1,0,0.0000000000,0.0000000000,0.0000000000,0.7290925267,0.0000000000,0.0000000000,0.0000000000,0.0000000000,0.0000000000,1.0000000000,0.2539255271,0.2626738448,0.0000000000
100000002369510100,peripheral,0.6180114838,22,0.1590674688,in_deg=1; out_deg=0; in=37150; out=0 KZT; tx=1/0; role_score=0.618; depth=3; truncated=0; is_seed=0,3,False,1,0,37150.0000000000,0.0000000000,1,0,0.0002897931,0.0000000000,False,True,1,1,0,0.0000000000,0.0000000000,0.0000000000,0.2153024911,0.0000000000,0.0000000000,0.0000000000,0.3819885162,0.0000000000,0.6180114838,0.3494840736,0.2626738448,0.0000000000
100000002369874100,consolidator,0.9367633726,4,0.4281305780,in_deg=4; out_deg=0; in=600000; out=0 KZT; tx=4/0; role_score=0.937; depth=3; truncated=0; is_seed=0,3,False,4,0,600000.0000000000,0.0000000000,4,0,0.0003355311,0.0000000000,False,True,1,1,0,0.0000000000,0.0000000000,0.0000000000,0.5954181495,0.9367633726,0.0000000000,0.0000000000,0.9367633726,0.0000000000,0.0632366274,0.8838043966,0.7857783760,0.0000000000
100000002371751100,peripheral,0.6634846302,37,0.5444407999,in_deg=1; out_deg=1; in=200000; out=250000 KZT; tx=5/1; role_score=0.663; depth=1; truncated=0; is_seed=0,1,False,1,1,200000.0000000000,250000.0000000000,5,1,0.0005254690,1.2500000000,False,True,4,4,1,1.0000000000,0.0000001981,0.0091819699,0.7911476868,0.0000000000,0.3365153698,0.0000000000,0.0000000000,0.2437716850,0.6634846302,0.8425302826,0.8476895469,0.8476895469
100000002371892100,peripheral,1.0000000000,51,0.2014811581,in_deg=1; out_deg=0; in=43830; out=0 KZT; tx=1/0; role_score=1.000; depth=4; truncated=1; is_seed=0,4,False,1,0,43830.0000000000,0.0000000000,1,0,0.0003048595,0.0000000000,True,True,1,1,0,0.0000000000,0.0000000000,0.0000000000,0.4468416370,0.0000000000,0.0000000000,0.0000000000,0.0000000000,0.0000000000,1.0000000000,0.3802153432,0.2626738448,0.0000000000
100000002373144100,peripheral,0.6937834927,0,0.3302414135,in_deg=1; out_deg=1; in=46468; out=10764 KZT; tx=1/1; role_score=0.694; depth=3; truncated=0; is_seed=0,3,False,1,1,46468.0000000000,10764.0000000000,1,1,0.0002881268,0.2316432814,False,True,2,6,0,0.0000000000,0.0000192202,0.2863105175,0.1603647687,0.0000000000,0.1224053292,0.0000000000,0.3062165073,0.2485267929,0.6937834927,0.4605204127,0.6056527591,0.0000000000
100000002373386100,peripheral,0.6574493805,22,0.1212505179,in_deg=1; out_deg=0; in=24000; out=0 KZT; tx=1/0; role_score=0.657; depth=3; truncated=0; is_seed=0,3,False,1,0,24000.0000000000,0.0000000000,1,0,0.0002877557,0.0000000000,False,True,1,1,0,0.0000000000,0.0000000000,0.0000000000,0.1430160142,0.0000000000,0.0000000000,0.0000000000,0.3425506195,0.0000000000,0.6574493805,0.2415881561,0.2626738448,0.0000000000
100000002380341100,peripheral,0.5775914173,0,0.2244507804,in_deg=1; out_deg=0; in=57566.4; out=0 KZT; tx=1/0; role_score=0.578; depth=3; truncated=0; is_seed=0,3,False,1,0,57566.4000000000,0.0000000000,1,0,0.0003074313,0.0000000000,False,True,1,1,0,0.0000000000,0.0000000000,0.0000000000,0.4646352313,0.0000000000,0.0000000000,0.0000000000,0.4224085827,0.0000000000,0.5775914173,0.4614176761,0.2626738448,0.0000000000
100000002391278100,peripheral,0.6976329367,46,0.4537774717,in_deg=1; out_deg=1; in=30000; out=52700 KZT; tx=5/2; role_score=0.698; depth=3; truncated=0; is_seed=0,3,False,1,1,30000.0000000000,52700.0000000000,5,2,0.0003963265,1.7566666667,False,True,6,13,2,1.0000000000,0.0000000000,0.0000000000,0.7035142349,0.0000000000,0.3023670633,0.0000000000,0.0000000000,0.0000000000,0.6976329367,0.5244504262,0.8685509197,0.8685509197
100000002394199100,terminal,0.5036780333,1,0.4682517903,in_deg=1; out_deg=1; in=277398; out=76777 KZT; tx=3/1; out/in=0.277; prev_day=0.000; depth=3; truncated=0; is_seed=0,3,False,1,1,277398.0000000000,76777.0000000000,3,1,0.0031600984,0.2767756076,False,True,3,12,0,0.0000000000,0.0000000000,0.0000000000,0.9971085409,0.0000000000,0.2055333197,0.0000000000,0.5036780333,0.0000000000,0.4963219667,0.8032750112,0.7857783760,0.0000000000
100000002398779100,consolidator,0.9549604973,0,0.6983952479,in_deg=13; out_deg=1; in=1.09569e+06; out=66000 KZT; tx=28/3; role_score=0.955; depth=2; truncated=0; is_seed=0,2,False,13,1,1095690.0000000000,66000.0000000000,28,3,0.0015896782,0.0602360157,False,True,5,5,3,1.0000000000,0.0000127805,0.2078464107,0.9748665480,0.9549604973,0.3024224593,0.0000000000,0.9306759071,0.4379524519,0.0450395027,0.9365186182,0.9811574697,0.9811574697
100000002404112100,peripheral,1.0000000000,14,0.2432632755,in_deg=1; out_deg=0; in=60000; out=0 KZT; tx=1/0; role_score=1.000; depth=4; truncated=1; is_seed=0,4,False,1,0,60000.0000000000,0.0000000000,1,0,0.0003281642,0.0000000000,True,True,1,1,0,0.0000000000,0.0000000000,0.0000000000,0.5758451957,0.0000000000,0.0000000000,0.0000000000,0.0000000000,0.0000000000,1.0000000000,0.4699416779,0.2626738448,0.0000000000
100000002432143100,peripheral,0.5558325778,2,0.2579601937,in_deg=1; out_deg=0; in=81310; out=0 KZT; tx=1/0; role_score=0.556; depth=2; truncated=0; is_seed=0,2,False,1,0,81310.0000000000,0.0000000000,1,0,0.0003333458,0.0000000000,False,True,1,1,0,0.0000000000,0.0000000000,0.0000000000,0.5900800712,0.0000000000,0.0000000000,0.0000000000,0.4441674222,0.0000000000,0.5558325778,0.5201884253,0.2626738448,0.0000000000
100000002433697100,peripheral,0.7318554644,10,0.4008071943,in_deg=1; out_deg=1; in=130000; out=110000 KZT; tx=1/1; role_score=0.732; depth=3; truncated=0; is_seed=0,3,False,1,1,130000.0000000000,110000.0000000000,1,1,0.0002882156,0.8461538462,False,True,1,1,0,0.0000000000,0.0000192202,0.2863105175,0.1634786477,0.0000000000,0.2681445356,0.0000000000,0.0734012135,0.2494609566,0.7318554644,0.7409152086,0.6056527591,0.0000000000
100000002435265100,terminal,0.6501964340,0,0.3034282555,in_deg=1; out_deg=0; in=132628; out=0 KZT; tx=3/0; out/in=0; prev_day=0.000; depth=3; truncated=0; is_seed=0,3,False,1,0,132628.0000000000,0.0000000000,3,0,0.0002914547,0.0000000000,False,True,3,17,0,0.0000000000,0.0000000000,0.0000000000,0.2573398577,0.0000000000,0.0000000000,0.0000000000,0.6501964340,0.0000000000,0.3498035660,0.6247196052,0.7243158367,0.0000000000
100000002443664100,consolidator,0.9069960713,24,0.4178825972,in_deg=3; out_deg=0; in=556880; out=0 KZT; tx=3/0; role_score=0.907; depth=2; truncated=0; is_seed=0,2,False,3,0,556880.0000000000,0.0000000000,3,0,0.0003368889,0.0000000000,False,True,1,1,0,0.0000000000,0.0000000000,0.0000000000,0.6016459075,0.9069960713,0.0000000000,0.0000000000,0.9069960713,0.0000000000,0.0930039287,0.8759533423,0.7243158367,0.0000000000
100000002445750100,peripheral,0.5004929999,0,0.4696951779,in_deg=1; out_deg=1; in=70000; out=10000 KZT; tx=1/1; role_score=0.500; depth=2; truncated=0; is_seed=0,2,False,1,1,70000.0000000000,10000.0000000000,1,1,0.0005340917,0.1428571429,False,True,2,5,0,0.0000000000,0.0000194184,0.3606010017,0.8236209964,0.0000000000,0.1134623302,0.0000000000,0.3721020593,0.4995070001,0.5004929999,0.5163750561,0.6056527591,0.0000000000
100000002448088100,consolidator,0.5915306739,32,0.4857833514,in_deg=3; out_deg=1; in=20000; out=25000 KZT; tx=3/1; role_score=0.592; depth=3; truncated=0; is_seed=0,3,False,3,1,20000.0000000000,25000.0000000000,3,1,0.0005055709,1.2500000000,False,True,2,6,0,0.0000000000,0.0000208054,0.4382303840,0.7804715302,0.5915306739,0.1796349664,0.0000000000,0.0000000000,0.5409027279,0.4084693261,0.3898609242,0.7857783760,0.0000000000
100000002454724100,terminal,0.6470988214,33,0.3225296071,in_deg=1; out_deg=0; in=125000; out=0 KZT; tx=3/0; out/in=0; prev_day=0.000; depth=2; truncated=0; is_seed=0,2,False,1,0,125000.0000000000,0.0000000000,3,0,0.0002995111,0.0000000000,False,True,3,3,0,0.0000000000,0.0000000000,0.0000000000,0.3970195730,0.0000000000,0.0000000000,0.0000000000,0.6470988214,0.0000000000,0.3529011786,0.6173171826,0.7243158367,0.0000000000
100000002457464100,peripheral,0.5688274403,2,0.2441463894,in_deg=1; out_deg=0; in=66647; out=0 KZT; tx=1/0; role_score=0.569; depth=2; truncated=0; is_seed=0,2,False,1,0,66647.0000000000,0.0000000000,1,0,0.0003203962,0.0000000000,False,True,1,1,0,0.0000000000,0.0000000000,0.0000000000,0.5518238434,0.0000000000,0.0000000000,0.0000000000,0.4311725597,0.0000000000,0.5688274403,0.4878869448,0.2626738448,0.0000000000
100000002459093100,terminal,0.6125642188,46,0.4796790940,in_deg=1; out_deg=1; in=500000; out=55000 KZT; tx=2/3; out/in=0.11; prev_day=0.000; depth=2; truncated=0; is_seed=0,2,False,1,1,500000.0000000000,55000.0000000000,2,3,0.0003870347,0.1100000000,False,True,4,17,0,0.0000000000,0.0000011889,0.0976627713,0.6883896797,0.0000000000,0.2598384966,0.0000000000,0.6125642188,0.2748808438,0.3874357812,0.8752803948,0.8227904890,0.0000000000
100000002459163100,peripheral,0.6702175884,39,0.1900434752,in_deg=1; out_deg=0; in=20180; out=0 KZT; tx=1/0; role_score=0.670; depth=2; truncated=0; is_seed=0,2,False,1,0,20180.0000000000,0.0000000000,1,0,0.0003626489,0.0000000000,False,True,1,1,0,0.0000000000,0.0000000000,0.0000000000,0.6554715302,0.0000000000,0.0000000000,0.0000000000,0.3297824116,0.0000000000,0.6702175884,0.2092866756,0.2626738448,0.0000000000
100000002459164100,peripheral,0.6745240254,0,0.2141513906,in_deg=1; out_deg=0; in=20000; out=0 KZT; tx=1/0; role_score=0.675; depth=3; truncated=0; is_seed=0,3,False,1,0,20000.0000000000,0.0000000000,1,0,0.0005386020,0.0000000000,False,True,1,1,0,0.0000000000,0.0000000000,0.0000000000,0.8356316726,0.0000000000,0.0000000000,0.0000000000,0.3254759746,0.0000000000,0.6745240254,0.1976222521,0.2626738448,0.0000000000
100000002459240100,peripheral,0.5135237232,10,0.2287800661,in_deg=1; out_deg=0; in=150000; out=0 KZT; tx=1/0; role_score=0.514; depth=3; truncated=0; is_seed=0,3,False,1,0,150000.0000000000,0.0000000000,1,0,0.0002888584,0.0000000000,False,True,1,1,0,0.0000000000,0.0000000000,0.0000000000,0.1839412811,0.0000000000,0.0000000000,0.0000000000,0.4864762768,0.0000000000,0.5135237232,0.6471511889,0.2626738448,0.0000000000
100000002459832100,consolidator,0.8540344515,8,0.4242565297,in_deg=2; out_deg=0; in=880606; out=0 KZT; tx=2/0; role_score=0.854; depth=3; truncated=0; is_seed=0,3,False,2,0,880606.0000000000,0.0000000000,2,0,0.0003908552,0.0000000000,False,True,2,15,0,0.0000000000,0.0000000000,0.0000000000,0.6955071174,0.8540344515,0.0000000000,0.0000000000,0.8540344515,0.0000000000,0.1459655485,0.9163301929,0.6056527591,0.0000000000
100000002462183100,terminal,0.6389392566,52,0.3582513453,in_deg=1; out_deg=0; in=107500; out=0 KZT; tx=3/0; out/in=0; prev_day=0.000; depth=1; truncated=0; is_seed=0,1,False,1,0,107500.0000000000,0.0000000000,3,0,0.0003781124,0.0000000000,False,True,3,10,0,0.0000000000,0.0000000000,0.0000000000,0.6781583630,0.0000000000,0.0000000000,0.0000000000,0.6389392566,0.0000000000,0.3610607434,0.5915208614,0.7243158367,0.0000000000
100000002469065100,terminal,0.5061952251,16,0.2962239053,in_deg=1; out_deg=0; in=200000; out=0 KZT; tx=1/0; out/in=0; prev_day=0.000; depth=2; truncated=0; is_seed=0,2,False,1,0,200000.0000000000,0.0000000000,1,0,0.0003169377,0.0000000000,False,True,1,1,0,0.0000000000,0.0000000000,0.0000000000,0.5322508897,0.0000000000,0.0000000000,0.0000000000,0.5061952251,0.0000000000,0.4938047749,0.7079407806,0.2626738448,0.0000000000
100000002472632100,terminal,0.8417994352,13,0.6251570695,in_deg=2; out_deg=1; in=502400; out=20000 KZT; tx=3/1; out/in=0.0398; prev_day=0.000; depth=3; truncated=0; is_seed=0,3,False,2,1,502400.0000000000,20000.0000000000,3,1,0.0009788555,0.0398089172,False,True,3,12,0,0.0000000000,0.0000200128,0.4207011686,0.9508451957,0.7305832578,0.1309127141,0.0000000000,0.8417994352,0.5797443767,0.1582005648,0.8696724989,0.7857783760,0.0000000000
100000002474570100,peripheral,1.0000000000,18,0.0681977071,in_deg=1; out_deg=0; in=6750; out=0 KZT; tx=1/0; role_score=1.000; depth=4; truncated=1; is_seed=0,4,False,1,0,6750.0000000000,0.0000000000,1,0,0.0002876257,0.0000000000,True,True,1,1,0,0.0000000000,0.0000000000,0.0000000000,0.1358985765,0.0000000000,0.0000000000,0.0000000000,0.0000000000,0.0000000000,1.0000000000,0.0336473755,0.2626738448,0.0000000000
100000002475601100,terminal,0.5145814445,8,0.2836986698,in_deg=1; out_deg=0; in=232301; out=0 KZT; tx=1/0; out/in=0; prev_day=0.000; depth=3; truncated=0; is_seed=0,3,False,1,0,232301.0000000000,0.0000000000,1,0,0.0003004666,0.0000000000,False,True,1,1,0,0.0000000000,0.0000000000,0.0000000000,0.4072508897,0.0000000000,0.0000000000,0.0000000000,0.5145814445,0.0000000000,0.4854185555,0.7328398385,0.2626738448,0.0000000000
100000002478829100,peripheral,1.0000000000,32,0.2251438745,in_deg=1; out_deg=0; in=34000; out=0 KZT; tx=1/0; role_score=1.000; depth=4; truncated=1; is_seed=0,4,False,1,0,34000.0000000000,0.0000000000,1,0,0.0003850725,0.0000000000,True,True,1,1,0,0.0000000000,0.0000000000,0.0000000000,0.6857206406,0.0000000000,0.0000000000,0.0000000000,0.0000000000,0.0000000000,1.0000000000,0.3315388066,0.2626738448,0.0000000000
100000002479804100,peripheral,0.6453766161,2,0.3738097111,in_deg=1; out_deg=2; in=46000; out=35300 KZT; tx=1/2; role_score=0.645; depth=1; truncated=0; is_seed=0,1,False,1,2,46000.0000000000,35300.0000000000,1,2,0.0002953600,0.7673913043,False,True,3,7,1,0.5000000000,0.0000017833,0.1393989983,0.3351868327,0.0000000000,0.3546233839,0.3498238873,0.0924916565,0.1981353487,0.6453766161,0.5195154778,0.7243158367,0.3621579183
100000002480800100,consolidator,0.8445149592,2,0.4446589332,in_deg=2; out_deg=0; in=569251; out=0 KZT; tx=2/0; role_score=0.845; depth=1; truncated=0; is_seed=0,1,False,2,0,569251.0000000000,0.0000000000,2,0,0.0006369755,0.0000000000,False,True,1,1,0,0.0000000000,0.0000000000,0.0000000000,0.8965747331,0.8445149592,0.0000000000,0.0000000000,0.8445149592,0.0000000000,0.1554850408,0.8772992373,0.6056527591,0.0000000000
100000002481735100,peripheral,0.5284073738,16,0.2445909898,in_deg=1; out_deg=0; in=22436; out=0 KZT; tx=2/0; role_score=0.528; depth=2; truncated=0; is_seed=0,2,False,1,0,22436.0000000000,0.0000000000,2,0,0.0003606561,0.0000000000,False,True,2,23,0,0.0000000000,0.0000000000,0.0000000000,0.6514679715,0.0000000000,0.0000000000,0.0000000000,0.4715926262,0.0000000000,0.5284073738,0.2240915209,0.6056527591,0.0000000000
100000002481974100,coordinator,0.5715504117,8,0.6618519219,in_deg=2; out_deg=2; in=89447; out=318000 KZT; tx=2/4; bet_pct=0.568; pr_pct=0.581; depth=3; truncated=0; is_seed=0,3,False,2,2,89447.0000000000,318000.0000000000,2,4,0.0003298120,3.5551779266,False,True,5,17,2,0.5000000000,0.0000388368,0.5676126878,0.5807384342,0.5531504986,0.4852423817,0.4724423631,0.0000000000,0.5715504117,0.4284495883,0.8261552266,0.8476895469,0.4238447734
100000002487222100,peripheral,1.0000000000,10,0.2990440084,in_deg=1; out_deg=0; in=90000; out=0 KZT; tx=2/0; role_score=1.000; depth=4; truncated=1; is_seed=0,4,False,1,0,90000.0000000000,0.0000000000,2,0,0.0003087290,0.0000000000,True,True,2,2,0,0.0000000000,0.0000000000,0.0000000000,0.4757562278,0.0000000000,0.0000000000,0.0000000000,0.0000000000,0.0000000000,1.0000000000,0.5473306415,0.6056527591,0.0000000000
100000002488629100,peripheral,0.5628588697,1,0.2206127544,in_deg=1; out_deg=0; in=73050; out=0 KZT; tx=1/0; role_score=0.563; depth=2; truncated=0; is_seed=0,2,False,1,0,73050.0000000000,0.0000000000,1,0,0.0002977893,0.0000000000,False,True,1,1,0,0.0000000000,0.0000000000,0.0000000000,0.3698843416,0.0000000000,0.0000000000,0.0000000000,0.4371411303,0.0000000000,0.5628588697,0.5029161059,0.2626738448,0.0000000000
100000002489253100,peripheral,0.5869598066,16,0.2087452393,in_deg=1; out_deg=0; in=51000; out=0 KZT; tx=1/0; role_score=0.587; depth=2; truncated=0; is_seed=0,2,False,1,0,51000.0000000000,0.0000000000,1,0,0.0003001847,0.0000000000,False,True,1,1,0,0.0000000000,0.0000000000,0.0000000000,0.4059163701,0.0000000000,0.0000000000,0.0000000000,0.4130401934,0.0000000000,0.5869598066,0.4338268282,0.2626738448,0.0000000000
100000002492277100,peripheral,0.5194922937,2,0.2647964184,in_deg=1; out_deg=0; in=138500; out=0 KZT; tx=1/0; role_score=0.519; depth=2; truncated=0; is_seed=0,2,False,1,0,138500.0000000000,0.0000000000,1,0,0.0003057245,0.0000000000,False,True,1,1,0,0.0000000000,0.0000000000,0.0000000000,0.4539590747,0.0000000000,0.0000000000,0.0000000000,0.4805077063,0.0000000000,0.5194922937,0.6292059219,0.2626738448,0.0000000000
100000002505277100,peripheral,1.0000000000,0,0.2637815140,in_deg=1; out_deg=0; in=60000; out=0 KZT; tx=1/0; role_score=1.000; depth=4; truncated=1; is_seed=0,4,False,1,0,60000.0000000000,0.0000000000,1,0,0.0004053236,0.0000000000,True,True,1,1,0,0.0000000000,0.0000000000,0.0000000000,0.7126334520,0.0000000000,0.0000000000,0.0000000000,0.0000000000,0.0000000000,1.0000000000,0.4699416779,0.2626738448,0.0000000000
100000002506987100,peripheral,1.0000000000,18,0.1587747955,in_deg=1; out_deg=0; in=28200; out=0 KZT; tx=1/0; role_score=1.000; depth=4; truncated=1; is_seed=0,4,False,1,0,28200.0000000000,0.0000000000,1,0,0.0002945132,0.0000000000,True,True,1,1,0,0.0000000000,0.0000000000,0.0000000000,0.3213967972,0.0000000000,0.0000000000,0.0000000000,0.0000000000,0.0000000000,1.0000000000,0.2846567968,0.2626738448,0.0000000000
100000002508637100,terminal,0.5170393928,8,0.3789397637,in_deg=1; out_deg=1; in=306410; out=8000 KZT; tx=1/1; out/in=0.0261; prev_day=0.000; depth=3; truncated=0; is_seed=0,3,False,1,1,306410.0000000000,8000.0000000000,1,1,0.0003057079,0.0261088085,False,True,2,13,0,0.0000000000,0.0000007926,0.0684474124,0.4535142349,0.0000000000,0.1023261657,0.0000000000,0.5170393928,0.1839674591,0.4829606072,0.7844324809,0.6056527591,0.0000000000
100000002509598100,terminal,0.5305983681,24,0.2922326600,in_deg=1; out_deg=0; in=305550; out=0 KZT; tx=1/0; out/in=0; prev_day=0.000; depth=3; truncated=0; is_seed=0,3,False,1,0,305550.0000000000,0.0000000000,1,0,0.0002984870,0.0000000000,False,True,1,1,0,0.0000000000,0.0000000000,0.0000000000,0.3818950178,0.0000000000,0.0000000000,0.0000000000,0.5305983681,0.0000000000,0.4694016319,0.7821893226,0.2626738448,0.0000000000
100000002511581100,peripheral,0.6857812028,22,0.0963231611,in_deg=1; out_deg=0; in=17600; out=0 KZT; tx=1/0; role_score=0.686; depth=3; truncated=0; is_seed=0,3,False,1,0,17600.0000000000,0.0000000000,1,0,0.0002867641,0.0000000000,False,True,1,1,0,0.0000000000,0.0000000000,0.0000000000,0.0949733096,0.0000000000,0.0000000000,0.0000000000,0.3142187972,0.0000000000,0.6857812028,0.1707043517,0.2626738448,0.0000000000
100000002511825100,peripheral,0.5702629193,0,0.2121519762,in_deg=1; out_deg=0; in=65000; out=0 KZT; tx=1/0; role_score=0.570; depth=1; truncated=0; is_seed=0,1,False,1,0,65000.0000000000,0.0000000000,1,0,0.0002961395,0.0000000000,False,True,1,1,0,0.0000000000,0.0000000000,0.0000000000,0.3467526690,0.0000000000,0.0000000000,0.0000000000,0.4297370807,0.0000000000,0.5702629193,0.4829519964,0.2626738448,0.0000000000
100000002512742100,peripheral,1.0000000000,18,0.0637462102,in_deg=1; out_deg=0; in=6000; out=0 KZT; tx=1/0; role_score=1.000; depth=4; truncated=1; is_seed=0,4,False,1,0,6000.0000000000,0.0000000000,1,0,0.0002872270,0.0000000000,True,True,1,1,0,0.0000000000,0.0000000000,0.0000000000,0.1174377224,0.0000000000,0.0000000000,0.0000000000,0.0000000000,0.0000000000,1.0000000000,0.0269179004,0.2626738448,0.0000000000
100000002513028100,distributor,0.6923931316,53,0.6471297566,in_deg=1; out_deg=3; in=9500; out=332709 KZT; tx=1/24; role_score=0.692; depth=3; truncated=0; is_seed=0,3,False,1,3,9500.0000000000,332709.0000000000,1,24,0.0003039171,35.0220000000,False,True,16,29,0,0.0000000000,0.0000606329,0.6752921536,0.4392793594,0.0000000000,0.1771930223,0.6923931316,0.0000000000,0.6044883153,0.3076068684,0.7947510094,0.9746523105,0.0000000000
100000002514975100,peripheral,1.0000000000,14,0.2032451606,in_deg=1; out_deg=0; in=17920; out=0 KZT; tx=1/0; role_score=1.000; depth=4; truncated=1; is_seed=0,4,False,1,0,17920.0000000000,0.0000000000,1,0,0.0005278985,0.0000000000,True,True,1,1,0,0.0000000000,0.0000000000,0.0000000000,0.8040480427,0.0000000000,0.0000000000,0.0000000000,0.0000000000,0.0000000000,1.0000000000,0.1729475101,0.2626738448,0.0000000000
100000002516862100,peripheral,1.0000000000,53,0.3475855164,in_deg=1; out_deg=0; in=81710; out=0 KZT; tx=5/0; role_score=1.000; depth=4; truncated=1; is_seed=0,4,False,1,0,81710.0000000000,0.0000000000,5,0,0.0003474804,0.0000000000,True,True,3,24,0,0.0000000000,0.0000000000,0.0000000000,0.6252224199,0.0000000000,0.0000000000,0.0000000000,0.0000000000,0.0000000000,1.0000000000,0.5215343203,0.8227904890,0.0000000000
100000002521039100,terminal,0.5352825627,0,0.3044109145,in_deg=1; out_deg=0; in=349370; out=0 KZT; tx=1/0; out/in=0; prev_day=0.000; depth=3; truncated=0; is_seed=0,3,False,1,0,349370.0000000000,0.0000000000,1,0,0.0003035764,0.0000000000,False,True,1,1,0,0.0000000000,0.0000000000,0.0000000000,0.4361654804,0.0000000000,0.0000000000,0.0000000000,0.5352825627,0.0000000000,0.4647174373,0.7983400628,0.2626738448,0.0000000000
100000002527114100,distributor,0.9738074473,22,0.8345074308,in_deg=3; out_deg=111; in=129000; out=3.28925e+06 KZT; tx=4/113; role_score=0.974; depth=0; truncated=0; is_seed=1,0,True,3,111,129000.0000000000,3289249.0000000000,4,113,0.0008060903,25.4980542636,False,True,25,31,8,0.0707964602,0.0001933913,0.8338898164,0.9303825623,0.4326328912,0.7647402365,0.9738074473,0.0000000000,0.8628376401,0.0261925527,0.9858681023,0.9970838941,0.0705900102
100000002528544100,terminal,0.5026443034,8,0.2691026039,in_deg=1; out_deg=0; in=192912; out=0 KZT; tx=1/0; out/in=0; prev_day=0.000; depth=3; truncated=0; is_seed=0,3,False,1,0,192912.0000000000,0.0000000000,1,0,0.0002976809,0.0000000000,False,True,1,1,0,0.0000000000,0.0000000000,0.0000000000,0.3667704626,0.0000000000,0.0000000000,0.0000000000,0.5026443034,0.0000000000,0.4973556966,0.6987438313,0.2626738448,0.0000000000
100000002528978100,peripheral,1.0000000000,18,0.1091742234,in_deg=1; out_deg=0; in=15900; out=0 KZT; tx=1/0; role_score=1.000; depth=4; truncated=1; is_seed=0,4,False,1,0,15900.0000000000,0.0000000000,1,0,0.0002899439,0.0000000000,True,True,1,1,0,0.0000000000,0.0000000000,0.0000000000,0.2195284698,0.0000000000,0.0000000000,0.0000000000,0.0000000000,0.0000000000,1.0000000000,0.1473755047,0.2626738448,0.0000000000
100000002529877100,peripheral,1.0000000000,24,0.2886576862,in_deg=1; out_deg=0; in=232000; out=0 KZT; tx=1/0; role_score=1.000; depth=4; truncated=1; is_seed=0,4,False,1,0,232000.0000000000,0.0000000000,1,0,0.0003041701,0.0000000000,True,True,1,1,0,0.0000000000,0.0000000000,0.0000000000,0.4410587189,0.0000000000,0.0000000000,0.0000000000,0.0000000000,0.0000000000,1.0000000000,0.7323912068,0.2626738448,0.0000000000
100000002529880100,consolidator,0.7725899063,42,0.3181052367,in_deg=2; out_deg=0; in=147000; out=0 KZT; tx=2/0; role_score=0.773; depth=3; truncated=0; is_seed=0,3,False,2,0,147000.0000000000,0.0000000000,2,0,0.0003046105,0.0000000000,False,True,1,1,0,0.0000000000,0.0000000000,0.0000000000,0.4450622776,0.7725899063,0.0000000000,0.0000000000,0.7725899063,0.0000000000,0.2274100937,0.6419919246,0.6056527591,0.0000000000
100000002530224100,peripheral,0.5292384406,4,0.2227021746,in_deg=1; out_deg=0; in=113000; out=0 KZT; tx=1/0; role_score=0.529; depth=3; truncated=0; is_seed=0,3,False,1,0,113000.0000000000,0.0000000000,1,0,0.0002898198,0.0000000000,False,True,1,1,0,0.0000000000,0.0000000000,0.0000000000,0.2181939502,0.0000000000,0.0000000000,0.0000000000,0.4707615594,0.0000000000,0.5292384406,0.6022880215,0.2626738448,0.0000000000
100000002531406100,peripheral,0.6488925220,8,0.4300012326,in_deg=1; out_deg=1; in=520000; out=500000 KZT; tx=1/1; role_score=0.649; depth=3; truncated=0; is_seed=0,3,False,1,1,520000.0000000000,500000.0000000000,1,1,0.0003208140,0.9615384615,False,True,2,2,0,0.0000000000,0.0000007926,0.0684474124,0.5531583630,0.0000000000,0.3511074780,0.0000000000,0.0213229653,0.2138606975,0.6488925220,0.9288918798,0.6056527591,0.0000000000
100000002534091100,peripheral,0.6647023270,8,0.1441992254,in_deg=1; out_deg=0; in=22200; out=0 KZT; tx=1/0; role_score=0.665; depth=3; truncated=0; is_seed=0,3,False,1,0,22200.0000000000,0.0000000000,1,0,0.0002947611,0.0000000000,False,True,1,1,0,0.0000000000,0.0000000000,0.0000000000,0.3262900356,0.0000000000,0.0000000000,0.0000000000,0.3352976730,0.0000000000,0.6647023270,0.2234185734,0.2626738448,0.0000000000
100000002537811100,coordinator,0.6465357075,11,0.5365361355,in_deg=1; out_deg=1; in=52000; out=15000 KZT; tx=1/1; bet_pct=0.510; pr_pct=0.965; depth=3; truncated=0; is_seed=0,3,False,1,1,52000.0000000000,15000.0000000000,1,1,0.0012191915,0.2884615385,False,True,2,9,0,0.0000000000,0.0000263535,0.5100166945,0.9650800712,0.0000000000,0.1335323838,0.0000000000,0.2948078667,0.6465357075,0.3534642925,0.4896814715,0.6056527591,0.0000000000
100000002539625100,peripheral,0.5446509519,42,0.2715667453,in_deg=1; out_deg=0; in=94700; out=0 KZT; tx=1/0; role_score=0.545; depth=2; truncated=0; is_seed=0,2,False,1,0,94700.0000000000,0.0000000000,1,0,0.0003430944,0.0000000000,False,True,1,1,0,0.0000000000,0.0000000000,0.0000000000,0.6149911032,0.0000000000,0.0000000000,0.0000000000,0.4553490481,0.0000000000,0.5446509519,0.5596680126,0.2626738448,0.0000000000
100000002540033100,peripheral,1.0000000000,35,0.1890165716,in_deg=1; out_deg=0; in=10000; out=0 KZT; tx=1/0; role_score=1.000; depth=4; truncated=1; is_seed=0,4,False,1,0,10000.0000000000,0.0000000000,1,0,0.0005924162,0.0000000000,True,True,1,1,0,0.0000000000,0.0000000000,0.0000000000,0.8796708185,0.0000000000,0.0000000000,0.0000000000,0.0000000000,0.0000000000,1.0000000000,0.0706594886,0.2626738448,0.0000000000
100000002540623100,peripheral,0.5390601390,18,0.2711898688,in_deg=1; out_deg=0; in=100000; out=0 KZT; tx=1/0; role_score=0.539; depth=2; truncated=0; is_seed=0,2,False,1,0,100000.0000000000,0.0000000000,1,0,0.0003313386,0.0000000000,False,True,1,1,0,0.0000000000,0.0000000000,0.0000000000,0.5851868327,0.0000000000,0.0000000000,0.0000000000,0.4609398610,0.0000000000,0.5390601390,0.5760430686,0.2626738448,0.0000000000
100000002546921100,peripheral,0.6745240254,40,0.1203346647,in_deg=1; out_deg=0; in=20000; out=0 KZT; tx=1/0; role_score=0.675; depth=3; truncated=0; is_seed=0,3,False,1,0,20000.0000000000,0.0000000000,1,0,0.0002896710,0.0000000000,False,True,1,1,0,0.0000000000,0.0000000000,0.0000000000,0.2101868327,0.0000000000,0.0000000000,0.0000000000,0.3254759746,0.0000000000,0.6745240254,0.1976222521,0.2626738448,0.0000000000
100000002547110100,consolidator,0.9823209429,42,0.5011890286,in_deg=6; out_deg=0; in=1.5e+06; out=0 KZT; tx=10/0; role_score=0.982; depth=3; truncated=0; is_seed=0,3,False,6,0,1500000.0000000000,0.0000000000,10,0,0.0005487452,0.0000000000,False,True,2,4,0,0.0000000000,0.0000000000,0.0000000000,0.8507562278,0.9823209429,0.0000000000,0.0000000000,0.9823209429,0.0000000000,0.0176790571,0.9517720951,0.9042171377,0.0000000000
100000002548759100,consolidator,0.8260803868,4,0.3632714798,in_deg=2; out_deg=0; in=375000; out=0 KZT; tx=2/0; role_score=0.826; depth=3; truncated=0; is_seed=0,3,False,2,0,375000.0000000000,0.0000000000,2,0,0.0003069181,0.0000000000,False,True,1,1,0,0.0000000000,0.0000000000,0.0000000000,0.4624110320,0.8260803868,0.0000000000,0.0000000000,0.8260803868,0.0000000000,0.1739196132,0.8122476447,0.6056527591,0.0000000000
100000002550141100,peripheral,0.5361891810,8,0.2536658027,in_deg=1; out_deg=0; in=100586; out=0 KZT; tx=1/0; role_score=0.536; depth=3; truncated=0; is_seed=0,3,False,1,0,100586.0000000000,0.0000000000,1,0,0.0003060840,0.0000000000,False,True,1,1,0,0.0000000000,0.0000000000,0.0000000000,0.4575177936,0.0000000000,0.0000000000,0.0000000000,0.4638108190,0.0000000000,0.5361891810,0.5825482279,0.2626738448,0.0000000000
100000002554175100,peripheral,0.6552583862,18,0.1456836015,in_deg=1; out_deg=0; in=24621; out=0 KZT; tx=1/0; role_score=0.655; depth=3; truncated=0; is_seed=0,3,False,1,0,24621.0000000000,0.0000000000,1,0,0.0002931469,0.0000000000,False,True,1,1,0,0.0000000000,0.0000000000,0.0000000000,0.2969306050,0.0000000000,0.0000000000,0.0000000000,0.3447416138,0.0000000000,0.6552583862,0.2469717362,0.2626738448,0.0000000000
100000002556775100,terminal,0.5290873376,10,0.2794645537,in_deg=1; out_deg=0; in=300000; out=0 KZT; tx=1/0; out/in=0; prev_day=0.000; depth=3; truncated=0; is_seed=0,3,False,1,0,300000.0000000000,0.0000000000,1,0,0.0002936795,0.0000000000,False,True,1,1,0,0.0000000000,0.0000000000,0.0000000000,0.3064946619,0.0000000000,0.0000000000,0.0000000000,0.5290873376,0.0000000000,0.4709126624,0.7763571108,0.2626738448,0.0000000000
100000002558173100,peripheral,0.7309610154,41,0.1004583657,in_deg=1; out_deg=0; in=9300; out=0 KZT; tx=1/0; role_score=0.731; depth=2; truncated=0; is_seed=0,2,False,1,0,9300.0000000000,0.0000000000,1,0,0.0002942250,0.0000000000,False,True,1,1,0,0.0000000000,0.0000000000,0.0000000000,0.3169483986,0.0000000000,0.0000000000,0.0000000000,0.2690389846,0.0000000000,0.7309610154,0.0540601166,0.2626738448,0.0000000000
100000002559089100,consolidator,0.8496524630,24,0.4193670132,in_deg=2; out_deg=0; in=715000; out=0 KZT; tx=2/0; role_score=0.850; depth=3; truncated=0; is_seed=0,3,False,2,0,715000.0000000000,0.0000000000,2,0,0.0003901723,0.0000000000,False,True,1,1,0,0.0000000000,0.0000000000,0.0000000000,0.6950622776,0.8496524630,0.0000000000,0.0000000000,0.8496524630,0.0000000000,0.1503475370,0.8970390310,0.6056527591,0.0000000000
100000002565277100,terminal,0.5499395588,2,0.3547508807,in_deg=1; out_deg=0; in=483319; out=0 KZT; tx=1/0; out/in=0; prev_day=0.000; depth=1; truncated=0; is_seed=0,1,False,1,0,483319.0000000000,0.0000000000,1,0,0.0003800322,0.0000000000,False,True,1,1,0,0.0000000000,0.0000000000,0.0000000000,0.6790480427,0.0000000000,0.0000000000,0.0000000000,0.5499395588,0.0000000000,0.4500604412,0.8539703903,0.2626738448,0.0000000000
100000002566204100,peripheral,0.5562858870,18,0.2525951337,in_deg=1; out_deg=0; in=80805; out=0 KZT; tx=1/0; role_score=0.556; depth=2; truncated=0; is_seed=0,2,False,1,0,80805.0000000000,0.0000000000,1,0,0.0003222591,0.0000000000,False,True,1,1,0,0.0000000000,0.0000000000,0.0000000000,0.5580516014,0.0000000000,0.0000000000,0.0000000000,0.4437141130,0.0000000000,0.5562858870,0.5179452669,0.2626738448,0.0000000000
100000002567887100,peripheral,0.5875642188,10,0.1556845954,in_deg=1; out_deg=0; in=50915; out=0 KZT; tx=1/0; role_score=0.588; depth=3; truncated=0; is_seed=0,3,False,1,0,50915.0000000000,0.0000000000,1,0,0.0002856737,0.0000000000,False,True,1,1,0,0.0000000000,0.0000000000,0.0000000000,0.0540480427,0.0000000000,0.0000000000,0.0000000000,0.4124357812,0.0000000000,0.5875642188,0.4327052490,0.2626738448,0.0000000000
100000002570206100,consolidator,0.7810516772,28,0.3389572098,in_deg=2; out_deg=0; in=166960; out=0 KZT; tx=2/0; role_score=0.781; depth=2; truncated=0; is_seed=0,2,False,2,0,166959.6000000000,0.0000000000,2,0,0.0003167430,0.0000000000,False,True,2,16,0,0.0000000000,0.0000000000,0.0000000000,0.5313612100,0.7810516772,0.0000000000,0.0000000000,0.7810516772,0.0000000000,0.2189483228,0.6736204576,0.6056527591,0.0000000000
100000002575080100,coordinator,0.5388503006,3,0.4260536833,in_deg=1; out_deg=1; in=13000; out=12500 KZT; tx=1/1; bet_pct=0.407; pr_pct=0.848; depth=3; truncated=0; is_seed=0,3,False,1,1,13000.0000000000,12500.0000000000,1,1,0.0005476438,0.9615384615,False,True,1,1,0,0.0000000000,0.0000198147,0.4065108514,0.8476423488,0.0000000000,0.1571644314,0.0000000000,0.0111845317,0.5388503006,0.4611496994,0.2631224764,0.6056527591,0.0000000000
100000002578405100,distributor,0.9789051434,22,0.8391202452,in_deg=2; out_deg=116; in=1.20035e+06; out=3.10835e+06 KZT; tx=7/120; role_score=0.979; depth=2; truncated=0; is_seed=0,2,False,2,116,1200351.0000000000,3108352.0000000000,7,120,0.0005665762,2.5895358941,False,True,22,31,29,0.2416666667,0.0001710007,0.8205342237,0.8676601423,0.4717872674,0.7151010879,0.9789051434,0.0000000000,0.8346719993,0.0210948566,0.9912516824,0.9988784208,0.2413956184
100000002578653100,peripheral,0.6745240254,54,0.1610375116,in_deg=1; out_deg=0; in=20000; out=0 KZT; tx=1/0; role_score=0.675; depth=3; truncated=0; is_seed=0,3,False,1,0,20000.0000000000,0.0000000000,1,0,0.0003095996,0.0000000000,False,True,1,1,0,0.0000000000,0.0000000000,0.0000000000,0.4815391459,0.0000000000,0.0000000000,0.0000000000,0.3254759746,0.0000000000,0.6745240254,0.1976222521,0.2626738448,0.0000000000
100000002580377100,peripheral,0.5497079008,16,0.3263681436,in_deg=1; out_deg=1; in=37750; out=5000 KZT; tx=2/1; role_score=0.550; depth=1; truncated=0; is_seed=0,1,False,1,1,37750.0000000000,5000.0000000000,2,1,0.0002880694,0.1324503311,False,True,3,10,0,0.0000000000,0.0000192202,0.2863105175,0.1545818505,0.0000000000,0.0948220636,0.0000000000,0.4502920992,0.2467919174,0.5497079008,0.3772992373,0.7243158367,0.0000000000
100000002581346100,peripheral,0.5065729828,10,0.2376419287,in_deg=1; out_deg=0; in=166400; out=0 KZT; tx=1/0; role_score=0.507; depth=3; truncated=0; is_seed=0,3,False,1,0,166400.0000000000,0.0000000000,1,0,0.0002893855,0.0000000000,False,True,1,1,0,0.0000000000,0.0000000000,0.0000000000,0.2004003559,0.0000000000,0.0000000000,0.0000000000,0.4934270172,0.0000000000,0.5065729828,0.6727231943,0.2626738448,0.0000000000
100000002589019100,peripheral,0.6232245391,7,0.1553222475,in_deg=1; out_deg=0; in=34710; out=0 KZT; tx=1/0; role_score=0.623; depth=1; truncated=0; is_seed=0,1,False,1,0,34710.0000000000,0.0000000000,1,0,0.0002897600,0.0000000000,False,True,1,1,0,0.0000000000,0.0000000000,0.0000000000,0.2146352313,0.0000000000,0.0000000000,0.0000000000,0.3767754609,0.0000000000,0.6232245391,0.3349035442,0.2626738448,0.0000000000
100000002591469100,terminal,0.5156391659,1,0.2778111774,in_deg=1; out_deg=0; in=235670; out=0 KZT; tx=1/0; out/in=0; prev_day=0.000; depth=1; truncated=0; is_seed=0,1,False,1,0,235670.0000000000,0.0000000000,1,0,0.0002974630,0.0000000000,False,True,1,1,0,0.0000000000,0.0000000000,0.0000000000,0.3627669039,0.0000000000,0.0000000000,0.0000000000,0.5156391659,0.0000000000,0.4843608341,0.7359802602,0.2626738448,0.0000000000
100000002592567100,coordinator,0.6513635938,16,0.5464310118,in_deg=1; out_deg=2; in=5297; out=48600 KZT; tx=1/2; bet_pct=0.921; pr_pct=0.023; depth=1; truncated=0; is_seed=0,1,False,1,2,5297.0000000000,48600.0000000000,1,2,0.0002846031,9.1750047197,False,True,3,12,0,0.0000000000,0.0007202477,0.9207011686,0.0229092527,0.0000000000,0.1714610045,0.3666346462,0.0000000000,0.6513635938,0.3486364062,0.4484073576,0.7243158367,0.0000000000
100000002593038100,peripheral,0.6397703234,7,0.2465918711,in_deg=1; out_deg=0; in=28500; out=0 KZT; tx=1/0; role_score=0.640; depth=2; truncated=0; is_seed=0,2,False,1,0,28500.0000000000,0.0000000000,1,0,0.0006533671,0.0000000000,False,True,1,1,0,0.0000000000,0.0000000000,0.0000000000,0.9023576512,0.0000000000,0.0000000000,0.0000000000,0.3602296766,0.0000000000,0.6397703234,0.2873485868,0.2626738448,0.0000000000
100000002593344100,consolidator,0.8325778181,4,0.3959914171,in_deg=2; out_deg=0; in=431000; out=0 KZT; tx=2/0; role_score=0.833; depth=3; truncated=0; is_seed=0,3,False,2,0,431000.0000000000,0.0000000000,2,0,0.0003569425,0.0000000000,False,True,1,1,0,0.0000000000,0.0000000000,0.0000000000,0.6439056940,0.8325778181,0.0000000000,0.0000000000,0.8325778181,0.0000000000,0.1674221819,0.8342305967,0.6056527591,0.0000000000
100000002594214100,peripheral,1.0000000000,30,0.3700164615,in_deg=1; out_deg=0; in=1e+06; out=0 KZT; tx=1/0; role_score=1.000; depth=4; truncated=1; is_seed=0,4,False,1,0,1000000.0000000000,0.0000000000,1,0,0.0003649866,0.0000000000,True,True,1,1,0,0.0000000000,0.0000000000,0.0000000000,0.6608096085,0.0000000000,0.0000000000,0.0000000000,0.0000000000,0.0000000000,1.0000000000,0.9259757739,0.2626738448,0.0000000000
100000002596035100,terminal,0.5142792384,11,0.3041594073,in_deg=1; out_deg=0; in=231570; out=0 KZT; tx=1/0; out/in=0; prev_day=0.000; depth=1; truncated=0; is_seed=0,1,False,1,0,231570.0000000000,0.0000000000,1,0,0.0003189634,0.0000000000,False,True,1,1,0,0.0000000000,0.0000000000,0.0000000000,0.5451512456,0.0000000000,0.0000000000,0.0000000000,0.5142792384,0.0000000000,0.4857207616,0.7319425751,0.2626738448,0.0000000000
100000002596039100,peripheral,1.0000000000,8,0.2949633960,in_deg=1; out_deg=0; in=280000; out=0 KZT; tx=1/0; role_score=1.000; depth=4; truncated=1; is_seed=0,4,False,1,0,280000.0000000000,0.0000000000,1,0,0.0003026850,0.0000000000,True,True,1,1,0,0.0000000000,0.0000000000,0.0000000000,0.4303825623,0.0000000000,0.0000000000,0.0000000000,0.0000000000,0.0000000000,1.0000000000,0.7640197398,0.2626738448,0.0000000000
100000002597003100,peripheral,0.7617490078,0,0.2821470304,in_deg=1; out_deg=1; in=17700; out=11000 KZT; tx=1/1; role_score=0.762; depth=1; truncated=0; is_seed=0,1,False,1,1,17700.0000000000,11000.0000000000,1,1,0.0002873328,0.6214689266,False,True,2,10,0,0.0000000000,0.0000192202,0.2863105175,0.1261120996,0.0000000000,0.1404170534,0.0000000000,0.1191131702,0.2382509922,0.7617490078,0.2886944818,0.6056527591,0.0000000000
100000002597074100,peripheral,1.0000000000,0,0.1219348708,in_deg=1; out_deg=0; in=8000; out=0 KZT; tx=1/0; role_score=1.000; depth=4; truncated=1; is_seed=0,4,False,1,0,8000.0000000000,0.0000000000,1,0,0.0003087303,0.0000000000,True,True,1,1,0,0.0000000000,0.0000000000,0.0000000000,0.4762010676,0.0000000000,0.0000000000,0.0000000000,0.0000000000,0.0000000000,1.0000000000,0.0444145357,0.2626738448,0.0000000000
100000002597623100,peripheral,0.6924297371,0,0.0833896268,in_deg=1; out_deg=0; in=16418; out=0 KZT; tx=1/0; role_score=0.692; depth=3; truncated=0; is_seed=0,3,False,1,0,16418.0000000000,0.0000000000,1,0,0.0002849555,0.0000000000,False,True,1,1,0,0.0000000000,0.0000000000,0.0000000000,0.0349199288,0.0000000000,0.0000000000,0.0000000000,0.3075702629,0.0000000000,0.6924297371,0.1550022432,0.2626738448,0.0000000000
100000002599729100,peripheral,1.0000000000,0,0.3263879592,in_deg=1; out_deg=0; in=65000; out=0 KZT; tx=2/0; role_score=1.000; depth=4; truncated=1; is_seed=0,4,False,1,0,65000.0000000000,0.0000000000,2,0,0.0004829429,0.0000000000,True,True,2,2,0,0.0000000000,0.0000000000,0.0000000000,0.7653469751,0.0000000000,0.0000000000,0.0000000000,0.0000000000,0.0000000000,1.0000000000,0.4829519964,0.6056527591,0.0000000000
100000002600345100,consolidator,0.7026291931,16,0.2482971305,in_deg=2; out_deg=0; in=52400; out=0 KZT; tx=2/0; role_score=0.703; depth=1; truncated=0; is_seed=0,1,False,2,0,52400.0000000000,0.0000000000,2,0,0.0002941183,0.0000000000,False,True,2,3,0,0.0000000000,0.0000000000,0.0000000000,0.3142793594,0.7026291931,0.0000000000,0.0000000000,0.7026291931,0.0000000000,0.2973708069,0.4412292508,0.6056527591,0.0000000000
100000002603371100,peripheral,0.7309610154,0,0.0749690418,in_deg=1; out_deg=0; in=9300; out=0 KZT; tx=1/0; role_score=0.731; depth=3; truncated=0; is_seed=0,3,False,1,0,9300.0000000000,0.0000000000,1,0,0.0002878166,0.0000000000,False,True,1,1,0,0.0000000000,0.0000000000,0.0000000000,0.1470195730,0.0000000000,0.0000000000,0.0000000000,0.2690389846,0.0000000000,0.7309610154,0.0540601166,0.2626738448,0.0000000000
100000002603478100,peripheral,0.6610758537,7,0.1199188072,in_deg=1; out_deg=0; in=23500; out=0 KZT; tx=1/0; role_score=0.661; depth=1; truncated=0; is_seed=0,1,False,1,0,23500.0000000000,0.0000000000,1,0,0.0002879118,0.0000000000,False,True,1,1,0,0.0000000000,0.0000000000,0.0000000000,0.1494661922,0.0000000000,0.0000000000,0.0000000000,0.3389241463,0.0000000000,0.6610758537,0.2323912068,0.2626738448,0.0000000000
100000002603769100,consolidator,0.9210486552,0,0.4683702347,in_deg=3; out_deg=0; in=1.18537e+06; out=0 KZT; tx=3/0; role_score=0.921; depth=1; truncated=0; is_seed=0,1,False,3,0,1185368.0000000000,0.0000000000,3,0,0.0005381790,0.0000000000,False,True,3,7,0,0.0000000000,0.0000000000,0.0000000000,0.8342971530,0.9210486552,0.0000000000,0.0000000000,0.9210486552,0.0000000000,0.0789513448,0.9383131449,0.7243158367,0.0000000000
100000002605184100,peripheral,0.5182834693,3,0.3011677645,in_deg=1; out_deg=0; in=140000; out=0 KZT; tx=1/0; role_score=0.518; depth=2; truncated=0; is_seed=0,2,False,1,0,140000.0000000000,0.0000000000,1,0,0.0003888473,0.0000000000,False,True,1,1,0,0.0000000000,0.0000000000,0.0000000000,0.6919483986,0.0000000000,0.0000000000,0.0000000000,0.4817165307,0.0000000000,0.5182834693,0.6318977120,0.2626738448,0.0000000000
100000002605308100,consolidator,0.9598065881,40,0.5163382605,in_deg=3; out_deg=0; in=2.56952e+06; out=0 KZT; tx=7/0; role_score=0.960; depth=2; truncated=0; is_seed=0,2,False,3,0,2569521.8399999999,0.0000000000,7,0,0.0008781272,0.0000000000,False,True,3,6,0,0.0000000000,0.0000000000,0.0000000000,0.9410587189,0.9598065881,0.0000000000,0.0000000000,0.9598065881,0.0000000000,0.0401934119,0.9795872589,0.8685509197,0.0000000000
100000002605548100,consolidator,0.7591417347,11,0.3187092031,in_deg=2; out_deg=0; in=116695; out=0 KZT; tx=2/0; role_score=0.759; depth=1; truncated=0; is_seed=0,1,False,2,0,116695.0000000000,0.0000000000,2,0,0.0003126136,0.0000000000,False,True,2,9,0,0.0000000000,0.0000000000,0.0000000000,0.5077846975,0.7591417347,0.0000000000,0.0000000000,0.7591417347,0.0000000000,0.2408582653,0.6067743383,0.6056527591,0.0000000000
100000002606567100,peripheral,0.7734927801,0,0.3267462075,in_deg=1; out_deg=1; in=14095; out=53000 KZT; tx=1/1; role_score=0.773; depth=1; truncated=0; is_seed=0,1,False,1,1,14095.0000000000,53000.0000000000,1,1,0.0002866616,3.7601986520,False,True,2,2,0,0.0000000000,0.0000192202,0.2863105175,0.0869661922,0.0000000000,0.1865203315,0.0000000000,0.0000000000,0.2265072199,0.7734927801,0.4905787349,0.6056527591,0.0000000000
100000002609774100,coordinator,0.6128642266,18,0.4825761240,in_deg=1; out_deg=1; in=7700; out=27500 KZT; tx=1/1; bet_pct=0.862; pr_pct=0.031; depth=1; truncated=0; is_seed=0,1,False,1,1,7700.0000000000,27500.0000000000,1,1,0.0002848597,3.5714285714,False,True,2,13,0,0.0000000000,0.0002797008,0.8622704508,0.0309163701,0.0000000000,0.1570028818,0.0000000000,0.0000000000,0.6128642266,0.3871357734,0.3411843876,0.6056527591,0.0000000000
100000002611334100,peripheral,0.6685995416,0,0.3761645630,in_deg=1; out_deg=1; in=48288; out=15500 KZT; tx=1/1; role_score=0.669; depth=3; truncated=0; is_seed=0,3,False,1,1,48288.0000000000,15500.0000000000,1,1,0.0003036607,0.3209907223,False,True,2,28,0,0.0000000000,0.0000192202,0.2863105175,0.4366103203,0.0000000000,0.1371406547,0.0000000000,0.2733786975,0.3314004584,0.6685995416,0.4784656797,0.6056527591,0.0000000000
100000002612809100,distributor,0.5455091258,26,0.4618213475,in_deg=1; out_deg=3; in=30000; out=114000 KZT; tx=2/4; role_score=0.546; depth=3; truncated=0; is_seed=0,3,False,1,3,30000.0000000000,114000.0000000000,2,4,0.0004256982,3.8000000000,False,True,5,10,1,0.2500000000,0.0000015852,0.1285475793,0.7277580071,0.0000000000,0.3714021568,0.5455091258,0.0000000000,0.3083107076,0.4544908742,0.6372812921,0.8476895469,0.2119223867
100000002613776100,terminal,0.5013599275,2,0.2266731936,in_deg=1; out_deg=0; in=30000; out=0 KZT; tx=2/0; out/in=0; prev_day=0.000; depth=2; truncated=0; is_seed=0,2,False,1,0,30000.0000000000,0.0000000000,2,0,0.0002998478,0.0000000000,False,True,2,2,0,0.0000000000,0.0000000000,0.0000000000,0.4019128114,0.0000000000,0.0000000000,0.0000000000,0.5013599275,0.0000000000,0.4986400725,0.3021534320,0.6056527591,0.0000000000
100000002613929100,peripheral,0.6395436688,4,0.2501524859,in_deg=1; out_deg=0; in=28560; out=0 KZT; tx=1/0; role_score=0.640; depth=3; truncated=0; is_seed=0,3,False,1,0,28560.0000000000,0.0000000000,1,0,0.0007758114,0.0000000000,False,True,1,1,0,0.0000000000,0.0000000000,0.0000000000,0.9245996441,0.0000000000,0.0000000000,0.0000000000,0.3604563312,0.0000000000,0.6395436688,0.2882458502,0.2626738448,0.0000000000
100000002614095100,peripheral,0.7465246298,22,0.0485142019,in_deg=1; out_deg=0; in=5300; out=0 KZT; tx=1/0; role_score=0.747; depth=3; truncated=0; is_seed=0,3,False,1,0,5300.0000000000,0.0000000000,1,0,0.0002848584,0.0000000000,False,True,1,1,0,0.0000000000,0.0000000000,0.0000000000,0.0304715302,0.0000000000,0.0000000000,0.0000000000,0.2534753702,0.0000000000,0.7465246298,0.0181695828,0.2626738448,0.0000000000
100000002615479100,terminal,0.5116349350,4,0.2900738097,in_deg=1; out_deg=0; in=220000; out=0 KZT; tx=1/0; out/in=0; prev_day=0.000; depth=1; truncated=0; is_seed=0,1,False,1,0,220000.0000000000,0.0000000000,1,0,0.0003075097,0.0000000000,False,True,1,1,0,0.0000000000,0.0000000000,0.0000000000,0.4650800712,0.0000000000,0.0000000000,0.0000000000,0.5116349350,0.0000000000,0.4883650650,0.7236428892,0.2626738448,0.0000000000
100000002618492100,consolidator,0.8153520701,11,0.3834949994,in_deg=2; out_deg=0; in=296500; out=0 KZT; tx=2/0; role_score=0.815; depth=1; truncated=0; is_seed=0,1,False,2,0,296500.0000000000,0.0000000000,2,0,0.0003669359,0.0000000000,False,True,2,8,0,0.0000000000,0.0000000000,0.0000000000,0.6630338078,0.8153520701,0.0000000000,0.0000000000,0.8153520701,0.0000000000,0.1846479299,0.7727680574,0.6056527591,0.0000000000
100000002621434100,peripheral,0.5560592324,4,0.1933105236,in_deg=1; out_deg=0; in=81000; out=0 KZT; tx=1/0; role_score=0.556; depth=3; truncated=0; is_seed=0,3,False,1,0,81000.0000000000,0.0000000000,1,0,0.0002881823,0.0000000000,False,True,1,1,0,0.0000000000,0.0000000000,0.0000000000,0.1616992883,0.0000000000,0.0000000000,0.0000000000,0.4439407676,0.0000000000,0.5560592324,0.5186182144,0.2626738448,0.0000000000
100000002621915100,peripheral,0.7521909943,16,0.1625261486,in_deg=1; out_deg=0; in=5000; out=0 KZT; tx=1/0; role_score=0.752; depth=2; truncated=0; is_seed=0,2,False,1,0,5000.0000000000,0.0000000000,1,0,0.0005288963,0.0000000000,False,True,1,1,0,0.0000000000,0.0000000000,0.0000000000,0.8084964413,0.0000000000,0.0000000000,0.0000000000,0.2478090057,0.0000000000,0.7521909943,0.0074024226,0.2626738448,0.0000000000
100000002621949100,peripheral,0.5079329102,2,0.2863220674,in_deg=1; out_deg=0; in=164612; out=0 KZT; tx=1/0; role_score=0.508; depth=1; truncated=0; is_seed=0,1,False,1,0,164612.0000000000,0.0000000000,1,0,0.0003167319,0.0000000000,False,True,1,1,0,0.0000000000,0.0000000000,0.0000000000,0.5309163701,0.0000000000,0.0000000000,0.0000000000,0.4920670898,0.0000000000,0.5079329102,0.6691341409,0.2626738448,0.0000000000
100000002622822100,peripheral,1.0000000000,35,0.4064508914,in_deg=1; out_deg=0; in=750000; out=0 KZT; tx=1/0; role_score=1.000; depth=4; truncated=1; is_seed=0,4,False,1,0,750000.0000000000,0.0000000000,1,0,0.0009015526,0.0000000000,True,True,1,1,0,0.0000000000,0.0000000000,0.0000000000,0.9459519573,0.0000000000,0.0000000000,0.0000000000,0.0000000000,0.0000000000,1.0000000000,0.9006280843,0.2626738448,0.0000000000
100000002628146100,terminal,0.5048352977,41,0.2489554396,in_deg=1; out_deg=0; in=30500; out=0 KZT; tx=2/0; out/in=0; prev_day=0.000; depth=2; truncated=0; is_seed=0,2,False,1,0,30500.0000000000,0.0000000000,2,0,0.0003174486,0.0000000000,False,True,1,1,0,0.0000000000,0.0000000000,0.0000000000,0.5362544484,0.0000000000,0.0000000000,0.0000000000,0.5048352977,0.0000000000,0.4951647023,0.3106774338,0.6056527591,0.0000000000
100000002628576100,consolidator,0.6648912058,10,0.6215182712,in_deg=2; out_deg=2; in=727882; out=539000 KZT; tx=3/2; role_score=0.665; depth=3; truncated=0; is_seed=0,3,False,2,2,727882.0000000000,539000.0000000000,3,2,0.0003096511,0.7405046422,False,True,2,7,0,0.0000000000,0.0000384405,0.5442404007,0.4824288256,0.6648912058,0.4909675411,0.4409221902,0.2300482418,0.5256969282,0.3351087942,0.9410049349,0.8227904890,0.0000000000
100000002632742100,consolidator,0.8029616198,42,0.3537010167,in_deg=2; out_deg=0; in=235500; out=0 KZT; tx=2/0; role_score=0.803; depth=3; truncated=0; is_seed=0,3,False,2,0,235500.0000000000,0.0000000000,2,0,0.0003158216,0.0000000000,False,True,2,15,0,0.0000000000,0.0000000000,0.0000000000,0.5264679715,0.8029616198,0.0000000000,0.0000000000,0.8029616198,0.0000000000,0.1970383802,0.7355316285,0.6056527591,0.0000000000
100000002633108100,terminal,0.7037624660,40,0.4063514860,in_deg=1; out_deg=0; in=320000; out=0 KZT; tx=3/0; out/in=0; prev_day=0.000; depth=3; truncated=0; is_seed=0,3,False,1,0,320000.0000000000,0.0000000000,3,0,0.0003741763,0.0000000000,False,True,3,13,0,0.0000000000,0.0000000000,0.0000000000,0.6728202847,0.0000000000,0.0000000000,0.0000000000,0.7037624660,0.0000000000,0.2962375340,0.7871242710,0.7243158367,0.0000000000
100000002633701100,terminal,0.5225899063,4,0.3006556698,in_deg=1; out_deg=0; in=266850; out=0 KZT; tx=1/0; out/in=0; prev_day=0.000; depth=2; truncated=0; is_seed=0,2,False,1,0,266850.0000000000,0.0000000000,1,0,0.0003089800,0.0000000000,False,True,1,1,0,0.0000000000,0.0000000000,0.0000000000,0.4784252669,0.0000000000,0.0000000000,0.0000000000,0.5225899063,0.0000000000,0.4774100937,0.7579632122,0.2626738448,0.0000000000
100000002635746100,peripheral,1.0000000000,18,0.0590569066,in_deg=1; out_deg=0; in=5300; out=0 KZT; tx=1/0; role_score=1.000; depth=4; truncated=1; is_seed=0,4,False,1,0,5300.0000000000,0.0000000000,1,0,0.0002868549,0.0000000000,True,True,1,1,0,0.0000000000,0.0000000000,0.0000000000,0.1007562278,0.0000000000,0.0000000000,0.0000000000,0.0000000000,0.0000000000,1.0000000000,0.0181695828,0.2626738448,0.0000000000
100000002635780100,peripheral,0.5082351163,1,0.3344712423,in_deg=1; out_deg=0; in=163000; out=0 KZT; tx=1/0; role_score=0.508; depth=2; truncated=0; is_seed=0,2,False,1,0,163000.0200000000,0.0000000000,1,0,0.0005520443,0.0000000000,False,True,1,1,0,0.0000000000,0.0000000000,0.0000000000,0.8556494662,0.0000000000,0.0000000000,0.0000000000,0.4917648837,0.0000000000,0.5082351163,0.6668909825,0.2626738448,0.0000000000
100000002644285100,terminal,0.5523572076,24,0.3254326512,in_deg=1; out_deg=0; in=500000; out=0 KZT; tx=1/0; out/in=0; prev_day=0.000; depth=3; truncated=0; is_seed=0,3,False,1,0,500000.0000000000,0.0000000000,1,0,0.0003076827,0.0000000000,False,True,1,1,0,0.0000000000,0.0000000000,0.0000000000,0.4686387900,0.0000000000,0.0000000000,0.0000000000,0.5523572076,0.0000000000,0.4476427924,0.8629430238,0.2626738448,0.0000000000
100000002645046100,peripheral,1.0000000000,18,0.0981018021,in_deg=1; out_deg=0; in=12000; out=0 KZT; tx=1/0; role_score=1.000; depth=4; truncated=1; is_seed=0,4,False,1,0,12000.0000000000,0.0000000000,1,0,0.0002904167,0.0000000000,True,True,1,1,0,0.0000000000,0.0000000000,0.0000000000,0.2302046263,0.0000000000,0.0000000000,0.0000000000,0.0000000000,0.0000000000,1.0000000000,0.0966801256,0.2626738448,0.0000000000
100000002645609100,consolidator,0.9417497733,0,0.4370974539,in_deg=4; out_deg=0; in=546821; out=0 KZT; tx=5/0; role_score=0.942; depth=1; truncated=0; is_seed=0,1,False,4,0,546820.6799999999,0.0000000000,5,0,0.0003533171,0.0000000000,False,True,5,24,0,0.0000000000,0.0000000000,0.0000000000,0.6350088968,0.9417497733,0.0000000000,0.0000000000,0.9417497733,0.0000000000,0.0582502267,0.8737101839,0.8227904890,0.0000000000
100000002645993100,distributor,0.6074516262,0,0.5912529981,in_deg=2; out_deg=5; in=49650; out=86980 KZT; tx=4/9; role_score=0.607; depth=3; truncated=0; is_seed=0,3,False,2,5,49650.0000000000,86980.0000000000,4,9,0.0002917204,1.7518630413,False,True,2,3,0,0.0000000000,0.0000938762,0.7287145242,0.2644572954,0.4787916073,0.5617850872,0.6074516262,0.0000000000,0.5894373556,0.3925483738,0.6278600269,0.9304620906,0.0000000000
100000002646745100,peripheral,0.7116198247,22,0.0742011393,in_deg=1; out_deg=0; in=12300; out=0 KZT; tx=1/0; role_score=0.712; depth=3; truncated=0; is_seed=0,3,False,1,0,12300.0000000000,0.0000000000,1,0,0.0002859430,0.0000000000,False,True,1,1,0,0.0000000000,0.0000000000,0.0000000000,0.0633896797,0.0000000000,0.0000000000,0.0000000000,0.2883801753,0.0000000000,0.7116198247,0.1011664424,0.2626738448,0.0000000000
100000002646887100,peripheral,0.6558627984,42,0.1465481954,in_deg=1; out_deg=0; in=24354; out=0 KZT; tx=1/0; role_score=0.656; depth=3; truncated=0; is_seed=0,3,False,1,0,24354.0000000000,0.0000000000,1,0,0.0002935905,0.0000000000,False,True,1,1,0,0.0000000000,0.0000000000,0.0000000000,0.3049377224,0.0000000000,0.0000000000,0.0000000000,0.3441372016,0.0000000000,0.6558627984,0.2456258412,0.2626738448,0.0000000000
100000002648315100,peripheral,0.5715257765,1,0.3459758111,in_deg=1; out_deg=2; in=132000; out=76000 KZT; tx=1/3; role_score=0.572; depth=1; truncated=0; is_seed=0,1,False,1,2,132000.0000000000,76000.0000000000,1,3,0.0002915571,0.5757575758,False,True,4,9,0,0.0000000000,0.0000003963,0.0300500835,0.2591192171,0.0000000000,0.3795145471,0.4284742235,0.2027940328,0.0987708236,0.5715257765,0.7148945716,0.7857783760,0.0000000000
100000002653187100,peripheral,1.0000000000,7,0.1856854415,in_deg=1; out_deg=0; in=15000; out=0 KZT; tx=1/0; role_score=1.000; depth=4; truncated=1; is_seed=0,4,False,1,0,15000.0000000000,0.0000000000,1,0,0.0004699357,0.0000000000,True,True,1,1,0,0.0000000000,0.0000000000,0.0000000000,0.7568950178,0.0000000000,0.0000000000,0.0000000000,0.0000000000,0.0000000000,1.0000000000,0.1310004486,0.2626738448,0.0000000000
100000002653948100,peripheral,0.5523572076,10,0.1877290207,in_deg=1; out_deg=0; in=85200; out=0 KZT; tx=1/0; role_score=0.552; depth=3; truncated=0; is_seed=0,3,False,1,0,85200.0000000000,0.0000000000,1,0,0.0002867757,0.0000000000,False,True,1,1,0,0.0000000000,0.0000000000,0.0000000000,0.0971975089,0.0000000000,0.0000000000,0.0000000000,0.4476427924,0.0000000000,0.5523572076,0.5349932705,0.2626738448,0.0000000000
100000002659103100,peripheral,1.0000000000,49,0.3009939796,in_deg=1; out_deg=0; in=165000; out=0 KZT; tx=1/0; role_score=1.000; depth=4; truncated=1; is_seed=0,4,False,1,0,165000.0000000000,0.0000000000,1,0,0.0003475765,0.0000000000,True,True,1,1,0,0.0000000000,0.0000000000,0.0000000000,0.6261120996,0.0000000000,0.0000000000,0.0000000000,0.0000000000,0.0000000000,1.0000000000,0.6707043517,0.2626738448,0.0000000000
100000002659265100,peripheral,1.0000000000,4,0.2789643484,in_deg=1; out_deg=0; in=141000; out=0 KZT; tx=1/0; role_score=1.000; depth=4; truncated=1; is_seed=0,4,False,1,0,141000.0000000000,0.0000000000,1,0,0.0003179448,0.0000000000,True,True,1,1,0,0.0000000000,0.0000000000,0.0000000000,0.5398131673,0.0000000000,0.0000000000,0.0000000000,0.0000000000,0.0000000000,1.0000000000,0.6343651862,0.2626738448,0.0000000000
100000002660298100,peripheral,1.0000000000,18,0.1683308996,in_deg=1; out_deg=0; in=30900; out=0 KZT; tx=1/0; role_score=1.000; depth=4; truncated=1; is_seed=0,4,False,1,0,30900.0000000000,0.0000000000,1,0,0.0002955162,0.0000000000,True,True,1,1,0,0.0000000000,0.0000000000,0.0000000000,0.3387455516,0.0000000000,0.0000000000,0.0000000000,0.0000000000,0.0000000000,1.0000000000,0.3124719605,0.2626738448,0.0000000000
100000002662768100,peripheral,0.5535660320,2,0.2387630189,in_deg=1; out_deg=0; in=84300; out=0 KZT; tx=1/0; role_score=0.554; depth=1; truncated=0; is_seed=0,1,False,1,0,84300.0000000000,0.0000000000,1,0,0.0003047873,0.0000000000,False,True,1,1,0,0.0000000000,0.0000000000,0.0000000000,0.4463967972,0.0000000000,0.0000000000,0.0000000000,0.4464339680,0.0000000000,0.5535660320,0.5296096904,0.2626738448,0.0000000000
100000002663511100,terminal,0.5231943185,0,0.2996576240,in_deg=1; out_deg=0; in=268940; out=0 KZT; tx=1/0; out/in=0; prev_day=0.000; depth=3; truncated=0; is_seed=0,3,False,1,0,268940.0000000000,0.0000000000,1,0,0.0003077061,0.0000000000,False,True,1,1,0,0.0000000000,0.0000000000,0.0000000000,0.4695284698,0.0000000000,0.0000000000,0.0000000000,0.5231943185,0.0000000000,0.4768056815,0.7593091072,0.2626738448,0.0000000000
100000002666248100,peripheral,0.5645965549,2,0.2200810620,in_deg=1; out_deg=0; in=70032; out=0 KZT; tx=1/0; role_score=0.565; depth=1; truncated=0; is_seed=0,1,False,1,0,70032.0000000000,0.0000000000,1,0,0.0002979468,0.0000000000,False,True,1,1,0,0.0000000000,0.0000000000,0.0000000000,0.3734430605,0.0000000000,0.0000000000,0.0000000000,0.4354034451,0.0000000000,0.5645965549,0.4986541050,0.2626738448,0.0000000000
100000002670463100,peripheral,1.0000000000,18,0.1804864031,in_deg=1; out_deg=0; in=31500; out=0 KZT; tx=1/0; role_score=1.000; depth=4; truncated=1; is_seed=0,4,False,1,0,31500.0000000000,0.0000000000,1,0,0.0003007833,0.0000000000,True,True,1,1,0,0.0000000000,0.0000000000,0.0000000000,0.4108096085,0.0000000000,0.0000000000,0.0000000000,0.0000000000,0.0000000000,1.0000000000,0.3178555406,0.2626738448,0.0000000000
100000002670860100,consolidator,0.8343155032,24,0.3710423173,in_deg=2; out_deg=0; in=450000; out=0 KZT; tx=2/0; role_score=0.834; depth=1; truncated=0; is_seed=0,1,False,2,0,450000.0000000000,0.0000000000,2,0,0.0003072536,0.0000000000,False,True,2,18,0,0.0000000000,0.0000000000,0.0000000000,0.4637455516,0.8343155032,0.0000000000,0.0000000000,0.8343155032,0.0000000000,0.1656844968,0.8425302826,0.6056527591,0.0000000000
100000002670960100,terminal,0.5497884557,24,0.3219642873,in_deg=1; out_deg=0; in=480310; out=0 KZT; tx=1/0; out/in=0; prev_day=0.000; depth=3; truncated=0; is_seed=0,3,False,1,0,480310.0000000000,0.0000000000,1,0,0.0003067516,0.0000000000,False,True,1,1,0,0.0000000000,0.0000000000,0.0000000000,0.4619661922,0.0000000000,0.0000000000,0.0000000000,0.5497884557,0.0000000000,0.4502115443,0.8530731270,0.2626738448,0.0000000000
100000002671326100,peripheral,1.0000000000,42,0.4576508015,in_deg=1; out_deg=0; in=1.05e+06; out=0 KZT; tx=2/0; role_score=1.000; depth=4; truncated=1; is_seed=0,4,False,1,0,1050000.0000000000,0.0000000000,2,0,0.0006254963,0.0000000000,True,True,2,2,0,0.0000000000,0.0000000000,0.0000000000,0.8934608541,0.0000000000,0.0000000000,0.0000000000,0.0000000000,0.0000000000,1.0000000000,0.9311350381,0.6056527591,0.0000000000
100000002671806100,peripheral,0.7111665156,7,0.0754717767,in_deg=1; out_deg=0; in=12440; out=0 KZT; tx=1/0; role_score=0.711; depth=1; truncated=0; is_seed=0,1,False,1,0,12440.0000000000,0.0000000000,1,0,0.0002860883,0.0000000000,False,True,1,1,0,0.0000000000,0.0000000000,0.0000000000,0.0696174377,0.0000000000,0.0000000000,0.0000000000,0.2888334844,0.0000000000,0.7111665156,0.1025123374,0.2626738448,0.0000000000
100000002677201100,peripheral,0.5440483917,42,0.5032674147,in_deg=1; out_deg=1; in=150000; out=87750 KZT; tx=1/1; role_score=0.544; depth=3; truncated=0; is_seed=0,3,False,1,1,150000.0000000000,87750.0000000000,1,1,0.0003073879,0.5850000000,False,True,2,10,0,0.0000000000,0.0000213999,0.4524207012,0.4641903915,0.0000000000,0.2352035303,0.0000000000,0.2018876549,0.4559516083,0.5440483917,0.7377747869,0.6056527591,0.0000000000
100000002679516100,consolidator,0.8151254155,7,0.3396873039,in_deg=3; out_deg=0; in=102335; out=0 KZT; tx=3/0; role_score=0.815; depth=1; truncated=0; is_seed=0,1,False,3,0,102335.0000000000,0.0000000000,3,0,0.0003249980,0.0000000000,False,True,3,13,0,0.0000000000,0.0000000000,0.0000000000,0.5656138790,0.8151254155,0.0000000000,0.0000000000,0.8151254155,0.0000000000,0.1848745845,0.5847913863,0.7243158367,0.0000000000
100000002680477100,peripheral,0.6523118767,24,0.1468215154,in_deg=1; out_deg=0; in=25000; out=0 KZT; tx=1/0; role_score=0.652; depth=2; truncated=0; is_seed=0,2,False,1,0,25000.0000000000,0.0000000000,1,0,0.0002929678,0.0000000000,False,True,1,1,0,0.0000000000,0.0000000000,0.0000000000,0.2929270463,0.0000000000,0.0000000000,0.0000000000,0.3476881233,0.0000000000,0.6523118767,0.2539255271,0.2626738448,0.0000000000
100000002681449100,consolidator,0.5570036265,42,0.4202880479,in_deg=2; out_deg=2; in=94638; out=133000 KZT; tx=2/2; role_score=0.557; depth=1; truncated=0; is_seed=0,1,False,2,2,94638.0000000000,133000.0000000000,2,2,0.0002935345,1.4053551428,False,True,3,18,0,0.0000000000,0.0000176476,0.2145242070,0.3031583630,0.5570036265,0.4211030476,0.3814841499,0.0000000000,0.2411144538,0.4429963735,0.7274562584,0.7857783760,0.0000000000
100000002681544100,consolidator,0.7805983681,1,0.3475165852,in_deg=2; out_deg=0; in=166072; out=0 KZT; tx=2/0; role_score=0.781; depth=3; truncated=0; is_seed=0,3,False,2,0,166072.0000000000,0.0000000000,2,0,0.0003338144,0.0000000000,False,True,1,1,0,0.0000000000,0.0000000000,0.0000000000,0.5914145907,0.7805983681,0.0000000000,0.0000000000,0.7805983681,0.0000000000,0.2194016319,0.6718259309,0.6056527591,0.0000000000
100000002686226100,peripheral,1.0000000000,28,0.4344014429,in_deg=1; out_deg=0; in=430000; out=0 KZT; tx=2/0; role_score=1.000; depth=4; truncated=1; is_seed=0,4,False,1,0,430000.0000000000,0.0000000000,2,0,0.0006504187,0.0000000000,True,True,2,3,0,0.0000000000,0.0000000000,0.0000000000,0.9014679715,0.0000000000,0.0000000000,0.0000000000,0.0000000000,0.0000000000,1.0000000000,0.8333333333,0.6056527591,0.0000000000
100000002689717100,peripheral,1.0000000000,18,0.2046741563,in_deg=1; out_deg=0; in=47500; out=0 KZT; tx=1/0; role_score=1.000; depth=4; truncated=1; is_seed=0,4,False,1,0,47500.0000000000,0.0000000000,1,0,0.0003016829,0.0000000000,True,True,1,1,0,0.0000000000,0.0000000000,0.0000000000,0.4232651246,0.0000000000,0.0000000000,0.0000000000,0.0000000000,0.0000000000,1.0000000000,0.4071332436,0.2626738448,0.0000000000
100000002691583100,terminal,0.5265185857,14,0.3270990644,in_deg=1; out_deg=0; in=285200; out=0 KZT; tx=1/0; out/in=0; prev_day=0.000; depth=3; truncated=0; is_seed=0,3,False,1,0,285200.0000000000,0.0000000000,1,0,0.0003549207,0.0000000000,False,True,1,1,0,0.0000000000,0.0000000000,0.0000000000,0.6390124555,0.0000000000,0.0000000000,0.0000000000,0.5265185857,0.0000000000,0.4734814143,0.7673844773,0.2626738448,0.0000000000
100000002691858100,peripheral,0.5860531883,41,0.2401575689,in_deg=1; out_deg=0; in=51500; out=0 KZT; tx=1/0; role_score=0.586; depth=2; truncated=0; is_seed=0,2,False,1,0,51500.0000000000,0.0000000000,1,0,0.0003404531,0.0000000000,False,True,1,1,0,0.0000000000,0.0000000000,0.0000000000,0.6100978648,0.0000000000,0.0000000000,0.0000000000,0.4139468117,0.0000000000,0.5860531883,0.4369672499,0.2626738448,0.0000000000
100000002692044100,peripheral,0.5429132668,7,0.2417225111,in_deg=1; out_deg=0; in=97000; out=0 KZT; tx=1/0; role_score=0.543; depth=1; truncated=0; is_seed=0,1,False,1,0,97000.0000000000,0.0000000000,1,0,0.0003000299,0.0000000000,False,True,1,1,0,0.0000000000,0.0000000000,0.0000000000,0.4036921708,0.0000000000,0.0000000000,0.0000000000,0.4570867332,0.0000000000,0.5429132668,0.5670704352,0.2626738448,0.0000000000
100000002692750100,consolidator,0.7181266999,1,0.6011549148,in_deg=3; out_deg=1; in=112830; out=77000 KZT; tx=3/8; role_score=0.718; depth=2; truncated=0; is_seed=0,2,False,3,1,112830.0000000000,77000.0000000000,3,8,0.0021157743,0.6824426128,False,True,10,28,0,0.0000000000,0.0000198147,0.4065108514,0.9877669039,0.7181266999,0.4045902188,0.0000000000,0.2606245012,0.5808876672,0.2818733001,0.6942575146,0.9143113504,0.0000000000
100000002695812100,peripheral,1.0000000000,18,0.2624203270,in_deg=1; out_deg=0; in=95000; out=0 KZT; tx=1/0; role_score=1.000; depth=4; truncated=1; is_seed=0,4,False,1,0,95000.0000000000,0.0000000000,1,0,0.0003193285,0.0000000000,True,True,1,1,0,0.0000000000,0.0000000000,0.0000000000,0.5491548043,0.0000000000,0.0000000000,0.0000000000,0.0000000000,0.0000000000,1.0000000000,0.5625841184,0.2626738448,0.0000000000
100000002696152100,coordinator,0.6059516083,11,0.5893374013,in_deg=1; out_deg=2; in=21800; out=69000 KZT; tx=3/8; bet_pct=0.452; pr_pct=0.964; depth=3; truncated=0; is_seed=0,3,False,1,2,21800.0000000000,69000.0000000000,3,8,0.0011972941,3.1651376147,False,True,10,31,1,0.1250000000,0.0000213999,0.4524207012,0.9641903915,0.0000000000,0.3751123418,0.4943163625,0.0000000000,0.6059516083,0.3940483917,0.5511440108,0.9143113504,0.1142889188
100000002697752100,consolidator,0.7892112421,8,0.3507251898,in_deg=2; out_deg=0; in=190785; out=0 KZT; tx=2/0; role_score=0.789; depth=3; truncated=0; is_seed=0,3,False,2,0,190785.0000000000,0.0000000000,2,0,0.0003276938,0.0000000000,False,True,2,5,0,0.0000000000,0.0000000000,0.0000000000,0.5731761566,0.7892112421,0.0000000000,0.0000000000,0.7892112421,0.0000000000,0.2107887579,0.6956034096,0.6056527591,0.0000000000
100000002700161100,peripheral,1.0000000000,45,0.2707852421,in_deg=1; out_deg=0; in=39000; out=0 KZT; tx=1/0; role_score=1.000; depth=4; truncated=1; is_seed=0,4,False,1,0,39000.0000000000,0.0000000000,1,0,0.0008962266,0.0000000000,True,True,1,1,0,0.0000000000,0.0000000000,0.0000000000,0.9455071174,0.0000000000,0.0000000000,0.0000000000,0.0000000000,0.0000000000,1.0000000000,0.3582323912,0.2626738448,0.0000000000
100000002702968100,peripheral,1.0000000000,18,0.1705016443,in_deg=1; out_deg=0; in=31600; out=0 KZT; tx=1/0; role_score=1.000; depth=4; truncated=1; is_seed=0,4,False,1,0,31600.0000000000,0.0000000000,1,0,0.0002957762,0.0000000000,True,True,1,1,0,0.0000000000,0.0000000000,0.0000000000,0.3427491103,0.0000000000,0.0000000000,0.0000000000,0.0000000000,0.0000000000,1.0000000000,0.3187528039,0.2626738448,0.0000000000
100000002703376100,peripheral,0.6011634935,0,0.1766293382,in_deg=1; out_deg=0; in=46501; out=0 KZT; tx=1/0; role_score=0.601; depth=2; truncated=0; is_seed=0,2,False,1,0,46501.0000000000,0.0000000000,1,0,0.0002912220,0.0000000000,False,True,1,1,0,0.0000000000,0.0000000000,0.0000000000,0.2520017794,0.0000000000,0.0000000000,0.0000000000,0.3988365065,0.0000000000,0.6011634935,0.3977119785,0.2626738448,0.0000000000
100000002704875100,consolidator,0.8846328196,8,0.3809825323,in_deg=3; out_deg=0; in=244891; out=0 KZT; tx=4/0; role_score=0.885; depth=1; truncated=0; is_seed=0,1,False,3,0,244891.0000000000,0.0000000000,4,0,0.0003133123,0.0000000000,False,True,4,5,0,0.0000000000,0.0000000000,0.0000000000,0.5140124555,0.8846328196,0.0000000000,0.0000000000,0.8846328196,0.0000000000,0.1153671804,0.7440556303,0.7857783760,0.0000000000
100000002705460100,peripheral,0.5438954367,16,0.3088616081,in_deg=1; out_deg=0; in=95000; out=0 KZT; tx=1/0; role_score=0.544; depth=3; truncated=0; is_seed=0,3,False,1,0,95000.0000000000,0.0000000000,1,0,0.0005542386,0.0000000000,False,True,1,1,0,0.0000000000,0.0000000000,0.0000000000,0.8587633452,0.0000000000,0.0000000000,0.0000000000,0.4561045633,0.0000000000,0.5438954367,0.5625841184,0.2626738448,0.0000000000
100000002706810100,peripheral,1.0000000000,18,0.2074290302,in_deg=1; out_deg=0; in=45000; out=0 KZT; tx=1/0; role_score=1.000; depth=4; truncated=1; is_seed=0,4,False,1,0,45000.0000000000,0.0000000000,1,0,0.0003079602,0.0000000000,True,True,1,1,0,0.0000000000,0.0000000000,0.0000000000,0.4704181495,0.0000000000,0.0000000000,0.0000000000,0.0000000000,0.0000000000,1.0000000000,0.3898609242,0.2626738448,0.0000000000
100000002707106100,peripheral,1.0000000000,40,0.1291696452,in_deg=1; out_deg=0; in=15000; out=0 KZT; tx=2/0; role_score=1.000; depth=4; truncated=1; is_seed=0,4,False,1,0,15000.0000000000,0.0000000000,2,0,0.0002850684,0.0000000000,True,True,2,7,0,0.0000000000,0.0000000000,0.0000000000,0.0371441281,0.0000000000,0.0000000000,0.0000000000,0.0000000000,0.0000000000,1.0000000000,0.1310004486,0.6056527591,0.0000000000
100000002708624100,peripheral,0.6523118767,13,0.1885252521,in_deg=1; out_deg=0; in=25000; out=0 KZT; tx=1/0; role_score=0.652; depth=3; truncated=0; is_seed=0,3,False,1,0,25000.0000000000,0.0000000000,1,0,0.0003268706,0.0000000000,False,True,1,1,0,0.0000000000,0.0000000000,0.0000000000,0.5709519573,0.0000000000,0.0000000000,0.0000000000,0.3476881233,0.0000000000,0.6523118767,0.2539255271,0.2626738448,0.0000000000
100000002710570100,terminal,0.5126171049,36,0.3450269189,in_deg=1; out_deg=0; in=225015; out=0 KZT; tx=1/0; out/in=0; prev_day=0.000; depth=2; truncated=0; is_seed=0,2,False,1,0,225015.0000000000,0.0000000000,1,0,0.0005357458,0.0000000000,False,True,1,1,0,0.0000000000,0.0000000000,0.0000000000,0.8280693950,0.0000000000,0.0000000000,0.0000000000,0.5126171049,0.0000000000,0.4873828951,0.7256617317,0.2626738448,0.0000000000
100000002712416100,consolidator,0.7594439408,24,0.3047421795,in_deg=2; out_deg=0; in=116800; out=0 KZT; tx=2/0; role_score=0.759; depth=3; truncated=0; is_seed=0,3,False,2,0,116800.0000000000,0.0000000000,2,0,0.0003010103,0.0000000000,False,True,2,9,0,0.0000000000,0.0000000000,0.0000000000,0.4139234875,0.7594439408,0.0000000000,0.0000000000,0.7594439408,0.0000000000,0.2405560592,0.6072229699,0.6056527591,0.0000000000
100000002713074100,consolidator,0.7073511635,28,0.5619331201,in_deg=2; out_deg=1; in=700000; out=430000 KZT; tx=2/2; role_score=0.707; depth=3; truncated=0; is_seed=0,3,False,2,1,700000.0000000000,430000.0000000000,2,2,0.0004310369,0.6142857143,False,True,3,15,0,0.0000000000,0.0000192202,0.2863105175,0.7337633452,0.7073511635,0.3745754426,0.0000000000,0.3274025385,0.4205463658,0.2926488365,0.9351727232,0.7857783760,0.0000000000
100000002713974100,peripheral,1.0000000000,8,0.2315321261,in_deg=1; out_deg=0; in=50000; out=0 KZT; tx=1/0; role_score=1.000; depth=4; truncated=1; is_seed=0,4,False,1,0,50000.0000000000,0.0000000000,1,0,0.0003281159,0.0000000000,True,True,1,1,0,0.0000000000,0.0000000000,0.0000000000,0.5754003559,0.0000000000,0.0000000000,0.0000000000,0.0000000000,0.0000000000,1.0000000000,0.4232839838,0.2626738448,0.0000000000
100000002718366100,consolidator,0.9853430039,4,0.5160562292,in_deg=6; out_deg=0; in=2.525e+06; out=0 KZT; tx=10/0; role_score=0.985; depth=2; truncated=0; is_seed=0,2,False,6,0,2525000.0000000000,0.0000000000,10,0,0.0006774849,0.0000000000,False,True,5,26,0,0.0000000000,0.0000000000,0.0000000000,0.9072508897,0.9853430039,0.0000000000,0.0000000000,0.9853430039,0.0000000000,0.0146569961,0.9773441005,0.9042171377,0.0000000000
100000002720627100,terminal,0.5046086431,11,0.2928897218,in_deg=1; out_deg=0; in=199300; out=0 KZT; tx=1/0; out/in=0; prev_day=0.000; depth=1; truncated=0; is_seed=0,1,False,1,0,199300.0000000000,0.0000000000,1,0,0.0003140963,0.0000000000,False,True,1,1,0,0.0000000000,0.0000000000,0.0000000000,0.5171263345,0.0000000000,0.0000000000,0.0000000000,0.5046086431,0.0000000000,0.4953913569,0.7036787797,0.2626738448,0.0000000000
100000002721825100,peripheral,0.7162284678,0,0.1828082816,in_deg=1; out_deg=0; in=11000; out=0 KZT; tx=1/0; role_score=0.716; depth=2; truncated=0; is_seed=0,2,False,1,0,11000.0000000000,0.0000000000,1,0,0.0005282702,0.0000000000,False,True,1,1,0,0.0000000000,0.0000000000,0.0000000000,0.8053825623,0.0000000000,0.0000000000,0.0000000000,0.2837715322,0.0000000000,0.7162284678,0.0903992822,0.2626738448,0.0000000000
100000002722108100,terminal,0.7008159565,24,0.4010372761,in_deg=1; out_deg=0; in=800000; out=0 KZT; tx=2/0; out/in=0; prev_day=0.000; depth=3; truncated=0; is_seed=0,3,False,1,0,800000.0000000000,0.0000000000,2,0,0.0003218700,0.0000000000,False,True,2,2,0,0.0000000000,0.0000000000,0.0000000000,0.5571619217,0.0000000000,0.0000000000,0.0000000000,0.7008159565,0.0000000000,0.2991840435,0.9064602961,0.6056527591,0.0000000000
100000002723439100,peripheral,1.0000000000,11,0.2628063139,in_deg=1; out_deg=0; in=18000; out=0 KZT; tx=2/0; role_score=1.000; depth=4; truncated=1; is_seed=0,4,False,1,0,18000.0000000000,0.0000000000,2,0,0.0005495242,0.0000000000,True,True,2,26,0,0.0000000000,0.0000000000,0.0000000000,0.8525355872,0.0000000000,0.0000000000,0.0000000000,0.0000000000,0.0000000000,1.0000000000,0.1763122476,0.6056527591,0.0000000000
100000002723538100,distributor,0.7850144092,8,0.7697640659,in_deg=3; out_deg=12; in=105647; out=560499 KZT; tx=3/14; role_score=0.785; depth=2; truncated=0; is_seed=0,2,False,3,12,105647.0000000000,560499.0000000000,3,14,0.0003185319,5.3053943794,False,True,11,25,3,0.2142857143,0.0002908864,0.8639398998,0.5433718861,0.4900725295,0.5869030379,0.7850144092,0.0000000000,0.7677694957,0.2149855908,0.8921040825,0.9499775684,0.2035666218
100000002723674100,peripheral,1.0000000000,32,0.1999149685,in_deg=1; out_deg=0; in=30000; out=0 KZT; tx=1/0; role_score=1.000; depth=4; truncated=1; is_seed=0,4,False,1,0,30000.0000000000,0.0000000000,1,0,0.0003253095,0.0000000000,True,True,1,1,0,0.0000000000,0.0000000000,0.0000000000,0.5665035587,0.0000000000,0.0000000000,0.0000000000,0.0000000000,0.0000000000,1.0000000000,0.3021534320,0.2626738448,0.0000000000
100000002726055100,peripheral,1.0000000000,32,0.1477799168,in_deg=1; out_deg=0; in=10000; out=0 KZT; tx=1/0; role_score=1.000; depth=4; truncated=1; is_seed=0,4,False,1,0,10000.0000000000,0.0000000000,1,0,0.0003380962,0.0000000000,True,True,1,1,0,0.0000000000,0.0000000000,0.0000000000,0.6047597865,0.0000000000,0.0000000000,0.0000000000,0.0000000000,0.0000000000,1.0000000000,0.0706594886,0.2626738448,0.0000000000
100000002727288100,peripheral,0.6937141130,3,0.1756283388,in_deg=1; out_deg=0; in=16000; out=0 KZT; tx=1/0; role_score=0.694; depth=3; truncated=0; is_seed=0,3,False,1,0,16000.0000000000,0.0000000000,1,0,0.0003641033,0.0000000000,False,True,1,1,0,0.0000000000,0.0000000000,0.0000000000,0.6576957295,0.0000000000,0.0000000000,0.0000000000,0.3062858870,0.0000000000,0.6937141130,0.1502916106,0.2626738448,0.0000000000
100000002728246100,peripheral,1.0000000000,10,0.1810094542,in_deg=1; out_deg=0; in=10000; out=0 KZT; tx=1/0; role_score=1.000; depth=4; truncated=1; is_seed=0,4,False,1,0,10000.0000000000,0.0000000000,1,0,0.0005354204,0.0000000000,True,True,1,1,0,0.0000000000,0.0000000000,0.0000000000,0.8262900356,0.0000000000,0.0000000000,0.0000000000,0.0000000000,0.0000000000,1.0000000000,0.0706594886,0.2626738448,0.0000000000
100000002729875100,peripheral,1.0000000000,18,0.2425478797,in_deg=1; out_deg=0; in=76000; out=0 KZT; tx=1/0; role_score=1.000; depth=4; truncated=1; is_seed=0,4,False,1,0,76000.0000000000,0.0000000000,1,0,0.0003122702,0.0000000000,True,True,1,1,0,0.0000000000,0.0000000000,0.0000000000,0.5037811388,0.0000000000,0.0000000000,0.0000000000,0.0000000000,0.0000000000,1.0000000000,0.5103185285,0.2626738448,0.0000000000
100000002731501100,distributor,0.7520172911,34,0.5726861895,in_deg=3; out_deg=7; in=570370; out=833960 KZT; tx=7/20; role_score=0.752; depth=1; truncated=0; is_seed=0,1,False,3,7,570370.0000000000,833960.0000000000,7,20,0.0004825853,1.4621386118,False,True,17,29,2,0.1000000000,0.0000044583,0.1844741235,0.7649021352,0.6118918102,0.7351919404,0.7520172911,0.0000000000,0.3586025270,0.2479827089,0.9481830417,0.9771197847,0.0977119785
100000002733083100,peripheral,1.0000000000,18,0.1053828766,in_deg=1; out_deg=0; in=15200; out=0 KZT; tx=1/0; role_score=1.000; depth=4; truncated=1; is_seed=0,4,False,1,0,15200.0000000000,0.0000000000,1,0,0.0002896839,0.0000000000,True,True,1,1,0,0.0000000000,0.0000000000,0.0000000000,0.2110765125,0.0000000000,0.0000000000,0.0000000000,0.0000000000,0.0000000000,1.0000000000,0.1372812921,0.2626738448,0.0000000000
100000002733905100,consolidator,0.6684799033,22,0.5581254540,in_deg=3; out_deg=2; in=100000; out=717839 KZT; tx=5/3; role_score=0.668; depth=2; truncated=0; is_seed=0,2,False,3,2,100000.0000000000,717839.0000000000,5,3,0.0030642022,7.1783900000,False,True,5,24,0,0.0000000000,0.0000017833,0.1393989983,0.9966637011,0.6684799033,0.4379667717,0.4476705091,0.0000000000,0.3965784092,0.3315200967,0.9096007178,0.8829071332,0.0000000000
100000002734815100,peripheral,1.0000000000,4,0.2615892009,in_deg=1; out_deg=0; in=110000; out=0 KZT; tx=1/0; role_score=1.000; depth=4; truncated=1; is_seed=0,4,False,1,0,110000.0000000000,0.0000000000,1,0,0.0003104900,0.0000000000,True,True,1,1,0,0.0000000000,0.0000000000,0.0000000000,0.4886565836,0.0000000000,0.0000000000,0.0000000000,0.0000000000,0.0000000000,1.0000000000,0.5955585464,0.2626738448,0.0000000000
100000002736033100,peripheral,0.7082347730,28,0.3351491007,in_deg=1; out_deg=1; in=34530; out=11000 KZT; tx=1/1; role_score=0.708; depth=3; truncated=0; is_seed=0,3,False,1,1,34530.0000000000,11000.0000000000,1,1,0.0002935787,0.3185635679,False,True,2,21,0,0.0000000000,0.0000192202,0.2863105175,0.3044928826,0.0000000000,0.1272140460,0.0000000000,0.2564396244,0.2917652270,0.7082347730,0.3936742934,0.6056527591,0.0000000000
100000002736316100,consolidator,0.8733000907,0,0.4004411728,in_deg=3; out_deg=0; in=266921; out=0 KZT; tx=3/0; role_score=0.873; depth=3; truncated=0; is_seed=0,3,False,3,0,266921.0000000000,0.0000000000,3,0,0.0003815628,0.0000000000,False,True,2,14,0,0.0000000000,0.0000000000,0.0000000000,0.6812722420,0.8733000907,0.0000000000,0.0000000000,0.8733000907,0.0000000000,0.1266999093,0.7584118439,0.7243158367,0.0000000000
100000002737980100,peripheral,0.6266999093,16,0.1669793867,in_deg=1; out_deg=0; in=32900; out=0 KZT; tx=1/0; role_score=0.627; depth=3; truncated=0; is_seed=0,3,False,1,0,32900.0000000000,0.0000000000,1,0,0.0002938266,0.0000000000,False,True,1,1,0,0.0000000000,0.0000000000,0.0000000000,0.3080516014,0.0000000000,0.0000000000,0.0000000000,0.3733000907,0.0000000000,0.6266999093,0.3254822790,0.2626738448,0.0000000000
100000002738256100,peripheral,0.6756964457,55,0.4658016387,in_deg=1; out_deg=1; in=150200; out=175000 KZT; tx=1/1; role_score=0.676; depth=2; truncated=0; is_seed=0,2,False,1,1,150200.0000000000,175000.0000000000,1,1,0.0005062534,1.1651131824,False,True,2,2,1,1.0000000000,0.0000000000,0.0000000000,0.7818060498,0.0000000000,0.3243035543,0.0000000000,0.0000000000,0.0000000000,0.6756964457,0.7884701660,0.6056527591,0.6056527591
100000002741024100,coordinator,0.8368791179,0,0.8356638107,in_deg=5; out_deg=6; in=817981; out=434989 KZT; tx=9/7; bet_pct=0.769; pr_pct=0.996; depth=2; truncated=0; is_seed=0,2,False,5,6,817980.8500000000,434989.0000000000,9,7,0.0029205109,0.5317838431,False,True,12,31,3,0.4285714286,0.0001186900,0.7687813022,0.9957740214,0.7062281931,0.6574297043,0.6151755305,0.4546677444,0.8368791179,0.1631208821,0.9405563033,0.9441453567,0.4046337243
100000002742067100,peripheral,0.7102598972,3,0.0888226602,in_deg=1; out_deg=0; in=12730; out=0 KZT; tx=1/0; role_score=0.710; depth=2; truncated=0; is_seed=0,2,False,1,0,12730.0000000000,0.0000000000,1,0,0.0002880560,0.0000000000,False,True,1,1,0,0.0000000000,0.0000000000,0.0000000000,0.1541370107,0.0000000000,0.0000000000,0.0000000000,0.2897401028,0.0000000000,0.7102598972,0.1052041274,0.2626738448,0.0000000000
100000002744581100,peripheral,0.7137352675,1,0.1476792042,in_deg=1; out_deg=0; in=12000; out=0 KZT; tx=1/0; role_score=0.714; depth=2; truncated=0; is_seed=0,2,False,1,0,12000.0000000000,0.0000000000,1,0,0.0003231673,0.0000000000,False,True,1,1,0,0.0000000000,0.0000000000,0.0000000000,0.5607206406,0.0000000000,0.0000000000,0.0000000000,0.2862647325,0.0000000000,0.7137352675,0.0966801256,0.2626738448,0.0000000000
100000002748040100,peripheral,1.0000000000,18,0.1195445301,in_deg=1; out_deg=0; in=18000; out=0 KZT; tx=1/0; role_score=1.000; depth=4; truncated=1; is_seed=0,4,False,1,0,18000.0000000000,0.0000000000,1,0,0.0002907240,0.0000000000,True,True,1,1,0,0.0000000000,0.0000000000,0.0000000000,0.2404359431,0.0000000000,0.0000000000,0.0000000000,0.0000000000,0.0000000000,1.0000000000,0.1763122476,0.2626738448,0.0000000000
100000002748180100,distributor,0.7965631337,24,0.4390618065,in_deg=1; out_deg=8; in=9900; out=679743 KZT; tx=1/9; role_score=0.797; depth=1; truncated=0; is_seed=0,1,False,1,8,9900.0000000000,679743.0000000000,1,9,0.0002856695,68.6609090909,False,True,6,25,0,0.0000000000,0.0000085203,0.2045075125,0.0536032028,0.0000000000,0.1767438374,0.7965631337,0.0000000000,0.1592362196,0.2034368663,0.8952445043,0.9042171377,0.0000000000
100000002748511100,peripheral,1.0000000000,16,0.2186220312,in_deg=1; out_deg=0; in=20000; out=0 KZT; tx=1/0; role_score=1.000; depth=4; truncated=1; is_seed=0,4,False,1,0,20000.0000000000,0.0000000000,1,0,0.0005633633,0.0000000000,True,True,1,1,0,0.0000000000,0.0000000000,0.0000000000,0.8654359431,0.0000000000,0.0000000000,0.0000000000,0.0000000000,0.0000000000,1.0000000000,0.1976222521,0.2626738448,0.0000000000
100000002748532100,consolidator,0.7097612572,35,0.6393935099,in_deg=3; out_deg=2; in=355575; out=646685 KZT; tx=3/7; role_score=0.710; depth=2; truncated=0; is_seed=0,2,False,3,2,355575.0000000000,646685.0000000000,3,7,0.0003372626,1.8187021022,False,True,7,25,0,0.0000000000,0.0000311091,0.5183639399,0.6029804270,0.7097612572,0.5614723136,0.4991114313,0.0000000000,0.5437488860,0.2902387428,0.9275459847,0.9042171377,0.0000000000
100000002748581100,peripheral,0.6097763675,40,0.1834026487,in_deg=1; out_deg=0; in=41180; out=0 KZT; tx=1/0; role_score=0.610; depth=3; truncated=0; is_seed=0,3,False,1,0,41180.0000000000,0.0000000000,1,0,0.0002956370,0.0000000000,False,True,1,1,0,0.0000000000,0.0000000000,0.0000000000,0.3405249110,0.0000000000,0.0000000000,0.0000000000,0.3902236325,0.0000000000,0.6097763675,0.3716913414,0.2626738448,0.0000000000
100000002748761100,terminal,0.7367784829,24,0.4185911279,in_deg=1; out_deg=0; in=796800; out=0 KZT; tx=3/0; out/in=0; prev_day=0.000; depth=3; truncated=0; is_seed=0,3,False,1,0,796800.0000000000,0.0000000000,3,0,0.0003217186,0.0000000000,False,True,2,9,0,0.0000000000,0.0000000000,0.0000000000,0.5562722420,0.0000000000,0.0000000000,0.0000000000,0.7367784829,0.0000000000,0.2632215171,0.9060116644,0.7243158367,0.0000000000
100000002750332100,peripheral,0.7152462980,4,0.0689127238,in_deg=1; out_deg=0; in=11360; out=0 KZT; tx=1/0; role_score=0.715; depth=1; truncated=0; is_seed=0,1,False,1,0,11360.0000000000,0.0000000000,1,0,0.0002852493,0.0000000000,False,True,1,1,0,0.0000000000,0.0000000000,0.0000000000,0.0415925267,0.0000000000,0.0000000000,0.0000000000,0.2847537020,0.0000000000,0.7152462980,0.0930910722,0.2626738448,0.0000000000
100000002750956100,peripheral,0.5981414325,0,0.1846109308,in_deg=1; out_deg=0; in=47416; out=0 KZT; tx=1/0; role_score=0.598; depth=1; truncated=0; is_seed=0,1,False,1,0,47416.0000000000,0.0000000000,1,0,0.0002928656,0.0000000000,False,True,1,1,0,0.0000000000,0.0000000000,0.0000000000,0.2902580071,0.0000000000,0.0000000000,0.0000000000,0.4018585675,0.0000000000,0.5981414325,0.4066846119,0.2626738448,0.0000000000
100000002752565100,peripheral,1.0000000000,8,0.2441533943,in_deg=1; out_deg=0; in=57000; out=0 KZT; tx=1/0; role_score=1.000; depth=4; truncated=1; is_seed=0,4,False,1,0,57000.0000000000,0.0000000000,1,0,0.0003363359,0.0000000000,True,True,1,1,0,0.0000000000,0.0000000000,0.0000000000,0.5989768683,0.0000000000,0.0000000000,0.0000000000,0.0000000000,0.0000000000,1.0000000000,0.4596231494,0.2626738448,0.0000000000
100000002753146100,terminal,0.7370806890,24,0.4191277796,in_deg=1; out_deg=0; in=803540; out=0 KZT; tx=3/0; out/in=0; prev_day=0.000; depth=3; truncated=0; is_seed=0,3,False,1,0,803540.0000000000,0.0000000000,3,0,0.0003220374,0.0000000000,False,True,2,11,0,0.0000000000,0.0000000000,0.0000000000,0.5576067616,0.0000000000,0.0000000000,0.0000000000,0.7370806890,0.0000000000,0.2629193110,0.9073575594,0.7243158367,0.0000000000
100000002755292100,terminal,0.5083862194,10,0.2531409456,in_deg=1; out_deg=0; in=203400; out=0 KZT; tx=1/0; out/in=0; prev_day=0.000; depth=3; truncated=0; is_seed=0,3,False,1,0,203400.0000000000,0.0000000000,1,0,0.0002905747,0.0000000000,False,True,1,1,0,0.0000000000,0.0000000000,0.0000000000,0.2364323843,0.0000000000,0.0000000000,0.0000000000,0.5083862194,0.0000000000,0.4916137806,0.7131000449,0.2626738448,0.0000000000
100000002757240100,peripheral,0.5863553944,2,0.2265987044,in_deg=1; out_deg=0; in=51183; out=0 KZT; tx=1/0; role_score=0.586; depth=2; truncated=0; is_seed=0,2,False,1,0,51183.0000000000,0.0000000000,1,0,0.0003150760,0.0000000000,False,True,1,1,0,0.0000000000,0.0000000000,0.0000000000,0.5215747331,0.0000000000,0.0000000000,0.0000000000,0.4136446056,0.0000000000,0.5863553944,0.4358456707,0.2626738448,0.0000000000
100000002757791100,peripheral,0.5628588697,46,0.2371607971,in_deg=1; out_deg=0; in=73050; out=0 KZT; tx=1/0; role_score=0.563; depth=3; truncated=0; is_seed=0,3,False,1,0,73050.0000000000,0.0000000000,1,0,0.0003093364,0.0000000000,False,True,1,1,0,0.0000000000,0.0000000000,0.0000000000,0.4802046263,0.0000000000,0.0000000000,0.0000000000,0.4371411303,0.0000000000,0.5628588697,0.5029161059,0.2626738448,0.0000000000
100000002757797100,peripheral,0.5390601390,7,0.2446996553,in_deg=1; out_deg=0; in=100000; out=0 KZT; tx=1/0; role_score=0.539; depth=1; truncated=0; is_seed=0,1,False,1,0,100000.0000000000,0.0000000000,1,0,0.0003005245,0.0000000000,False,True,1,1,0,0.0000000000,0.0000000000,0.0000000000,0.4085854093,0.0000000000,0.0000000000,0.0000000000,0.4609398610,0.0000000000,0.5390601390,0.5760430686,0.2626738448,0.0000000000
100000002760175100,terminal,0.5003777576,11,0.2879931306,in_deg=1; out_deg=0; in=187410; out=0 KZT; tx=1/0; out/in=0; prev_day=0.000; depth=1; truncated=0; is_seed=0,1,False,1,0,187410.0000000000,0.0000000000,1,0,0.0003123030,0.0000000000,False,True,1,1,0,0.0000000000,0.0000000000,0.0000000000,0.5046708185,0.0000000000,0.0000000000,0.0000000000,0.5003777576,0.0000000000,0.4996222424,0.6915657245,0.2626738448,0.0000000000
100000002762076100,consolidator,0.6415583761,1,0.3437554435,in_deg=2; out_deg=1; in=140350; out=30000 KZT; tx=2/1; role_score=0.642; depth=1; truncated=0; is_seed=0,1,False,2,1,140350.0000000000,30000.0000000000,2,1,0.0002975251,0.2137513359,False,True,3,9,0,0.0000000000,0.0000003963,0.0300500835,0.3641014235,0.6415583761,0.1572768068,0.0000000000,0.6053092994,0.1302654855,0.3584416239,0.6799013010,0.7243158367,0.0000000000
100000002769809100,peripheral,0.5289362345,43,0.2915207965,in_deg=1; out_deg=0; in=113422; out=0 KZT; tx=1/0; role_score=0.529; depth=3; truncated=0; is_seed=0,3,False,1,0,113422.0000000000,0.0000000000,1,0,0.0003755931,0.0000000000,False,True,1,1,0,0.0000000000,0.0000000000,0.0000000000,0.6754893238,0.0000000000,0.0000000000,0.0000000000,0.4710637655,0.0000000000,0.5289362345,0.6031852849,0.2626738448,0.0000000000
100000002773323100,consolidator,0.6782008663,42,0.5979499419,in_deg=2; out_deg=1; in=285000; out=1.17164e+06 KZT; tx=2/2; role_score=0.678; depth=3; truncated=0; is_seed=0,3,False,2,1,285000.0000000000,1171644.0000000000,2,2,0.0003237029,4.1110315789,False,True,3,17,0,0.0000000000,0.0000213999,0.4524207012,0.5616103203,0.6782008663,0.3586493721,0.0000000000,0.0000000000,0.4851775869,0.3217991337,0.9499775684,0.7857783760,0.0000000000
100000002774456100,peripheral,0.5880175280,11,0.1865758796,in_deg=1; out_deg=0; in=50363; out=0 KZT; tx=1/0; role_score=0.588; depth=1; truncated=0; is_seed=0,1,False,1,0,50363.0000000000,0.0000000000,1,0,0.0002916332,0.0000000000,False,True,1,1,0,0.0000000000,0.0000000000,0.0000000000,0.2622330961,0.0000000000,0.0000000000,0.0000000000,0.4119824720,0.0000000000,0.5880175280,0.4313593540,0.2626738448,0.0000000000
100000002778085100,peripheral,0.5689785434,16,0.1988153120,in_deg=1; out_deg=0; in=66208; out=0 KZT; tx=1/0; role_score=0.569; depth=1; truncated=0; is_seed=0,1,False,1,0,66208.0000000000,0.0000000000,1,0,0.0002911090,0.0000000000,False,True,1,1,0,0.0000000000,0.0000000000,0.0000000000,0.2511120996,0.0000000000,0.0000000000,0.0000000000,0.4310214566,0.0000000000,0.5689785434,0.4869896815,0.2626738448,0.0000000000
100000002779485100,terminal,0.5883197341,8,0.3551158529,in_deg=1; out_deg=0; in=91000; out=0 KZT; tx=2/0; out/in=0; prev_day=0.000; depth=2; truncated=0; is_seed=0,2,False,1,0,91000.0000000000,0.0000000000,2,0,0.0005436311,0.0000000000,False,True,2,12,0,0.0000000000,0.0000000000,0.0000000000,0.8409697509,0.0000000000,0.0000000000,0.0000000000,0.5883197341,0.0000000000,0.4116802659,0.5524899058,0.6056527591,0.0000000000
100000002781227100,coordinator,0.8472307419,56,0.8018948685,in_deg=2; out_deg=3; in=191168; out=212420 KZT; tx=8/10; bet_pct=0.785; pr_pct=0.991; depth=1; truncated=0; is_seed=0,1,False,2,3,191167.6200000000,212420.0000000000,8,10,0.0023732388,1.1111714421,False,True,10,29,3,0.3000000000,0.0001329565,0.7854757930,0.9913256228,0.6038002418,0.6598325915,0.5832853026,0.0000000000,0.8472307419,0.1527692581,0.8252579632,0.9553611485,0.2866083445
100000002784085100,terminal,0.5061952251,4,0.2839463253,in_deg=1; out_deg=0; in=200000; out=0 KZT; tx=1/0; out/in=0; prev_day=0.000; depth=1; truncated=0; is_seed=0,1,False,1,0,200000.0000000000,0.0000000000,1,0,0.0003053758,0.0000000000,False,True,1,1,0,0.0000000000,0.0000000000,0.0000000000,0.4504003559,0.0000000000,0.0000000000,0.0000000000,0.5061952251,0.0000000000,0.4938047749,0.7079407806,0.2626738448,0.0000000000
100000002791494100,peripheral,1.0000000000,18,0.2527016737,in_deg=1; out_deg=0; in=85860; out=0 KZT; tx=1/0; role_score=1.000; depth=4; truncated=1; is_seed=0,4,False,1,0,85860.0000000000,0.0000000000,1,0,0.0003159331,0.0000000000,True,True,1,1,0,0.0000000000,0.0000000000,0.0000000000,0.5273576512,0.0000000000,0.0000000000,0.0000000000,0.0000000000,0.0000000000,1.0000000000,0.5367877972,0.2626738448,0.0000000000
100000002793851100,peripheral,0.7156996071,16,0.0683760721,in_deg=1; out_deg=0; in=11052; out=0 KZT; tx=1/0; role_score=0.716; depth=1; truncated=0; is_seed=0,1,False,1,0,11052.0000000000,0.0000000000,1,0,0.0002852178,0.0000000000,False,True,1,1,0,0.0000000000,0.0000000000,0.0000000000,0.0402580071,0.0000000000,0.0000000000,0.0000000000,0.2843003929,0.0000000000,0.7156996071,0.0917451772,0.2626738448,0.0000000000
100000002793881100,consolidator,0.9148534300,4,0.4355821146,in_deg=3; out_deg=0; in=785600; out=0 KZT; tx=3/0; role_score=0.915; depth=3; truncated=0; is_seed=0,3,False,3,0,785600.0000000000,0.0000000000,3,0,0.0003730130,0.0000000000,False,True,1,1,0,0.0000000000,0.0000000000,0.0000000000,0.6710409253,0.9148534300,0.0000000000,0.0000000000,0.9148534300,0.0000000000,0.0851465700,0.9051144011,0.7243158367,0.0000000000
100000002794197100,peripheral,0.6315352070,1,0.1254417016,in_deg=1; out_deg=0; in=30100; out=0 KZT; tx=1/0; role_score=0.632; depth=1; truncated=0; is_seed=0,1,False,1,0,30100.0000000000,0.0000000000,1,0,0.0002857520,0.0000000000,False,True,1,1,0,0.0000000000,0.0000000000,0.0000000000,0.0580516014,0.0000000000,0.0000000000,0.0000000000,0.3684647930,0.0000000000,0.6315352070,0.3093315388,0.2626738448,0.0000000000
100000002794374100,peripheral,1.0000000000,57,0.2870174865,in_deg=1; out_deg=0; in=111000; out=0 KZT; tx=1/0; role_score=1.000; depth=4; truncated=1; is_seed=0,4,False,1,0,111000.0000000000,0.0000000000,1,0,0.0003617201,0.0000000000,True,True,1,1,0,0.0000000000,0.0000000000,0.0000000000,0.6536921708,0.0000000000,0.0000000000,0.0000000000,0.0000000000,0.0000000000,1.0000000000,0.5982503365,0.2626738448,0.0000000000
100000002796853100,terminal,0.5480340009,56,0.4741060246,in_deg=1; out_deg=1; in=199000; out=46167.6 KZT; tx=8/5; out/in=0.232; prev_day=0.000; depth=2; truncated=0; is_seed=0,2,False,1,1,199000.0000000000,46167.6200000000,8,5,0.0021738468,0.2319980905,False,True,7,18,0,0.0000000000,0.0000000000,0.0000000000,0.9886565836,0.0000000000,0.2955098872,0.0000000000,0.5480340009,0.0000000000,0.4519659991,0.7449528937,0.9304620906,0.0000000000
100000002799941100,terminal,0.5589301904,43,0.3634104499,in_deg=1; out_deg=0; in=600000; out=0 KZT; tx=1/0; out/in=0; prev_day=0.000; depth=3; truncated=0; is_seed=0,3,False,1,0,600000.0000000000,0.0000000000,1,0,0.0003859182,0.0000000000,False,True,1,1,0,0.0000000000,0.0000000000,0.0000000000,0.6870551601,0.0000000000,0.0000000000,0.0000000000,0.5589301904,0.0000000000,0.4410698096,0.8838043966,0.2626738448,0.0000000000
100000002807334100,peripheral,0.5812178906,10,0.1612868036,in_deg=1; out_deg=0; in=54715; out=0 KZT; tx=1/0; role_score=0.581; depth=3; truncated=0; is_seed=0,3,False,1,0,54715.0000000000,0.0000000000,1,0,0.0002857959,0.0000000000,False,True,1,1,0,0.0000000000,0.0000000000,0.0000000000,0.0584964413,0.0000000000,0.0000000000,0.0000000000,0.4187821094,0.0000000000,0.5812178906,0.4524450426,0.2626738448,0.0000000000
100000002809568100,peripheral,0.7238591720,0,0.0662407709,in_deg=1; out_deg=0; in=10000; out=0 KZT; tx=1/0; role_score=0.724; depth=1; truncated=0; is_seed=0,1,False,1,0,10000.0000000000,0.0000000000,1,0,0.0002858992,0.0000000000,False,True,1,1,0,0.0000000000,0.0000000000,0.0000000000,0.0611654804,0.0000000000,0.0000000000,0.0000000000,0.2761408280,0.0000000000,0.7238591720,0.0706594886,0.2626738448,0.0000000000
100000002809896100,peripheral,0.6165004533,18,0.1847243360,in_deg=1; out_deg=0; in=38000; out=0 KZT; tx=1/0; role_score=0.617; depth=3; truncated=0; is_seed=0,3,False,1,0,38000.0000000000,0.0000000000,1,0,0.0002980970,0.0000000000,False,True,1,1,0,0.0000000000,0.0000000000,0.0000000000,0.3770017794,0.0000000000,0.0000000000,0.0000000000,0.3834995467,0.0000000000,0.6165004533,0.3550919695,0.2626738448,0.0000000000
100000002810870100,peripheral,0.6257932910,22,0.1588686429,in_deg=1; out_deg=0; in=33677; out=0 KZT; tx=1/0; role_score=0.626; depth=1; truncated=0; is_seed=0,1,False,1,0,33677.0000000000,0.0000000000,1,0,0.0002910525,0.0000000000,False,True,1,1,0,0.0000000000,0.0000000000,0.0000000000,0.2479982206,0.0000000000,0.0000000000,0.0000000000,0.3742067090,0.0000000000,0.6257932910,0.3290713324,0.2626738448,0.0000000000
100000002812641100,peripheral,0.8595152714,4,0.3397627012,in_deg=1; out_deg=1; in=10000; out=7023.95 KZT; tx=1/1; role_score=0.860; depth=2; truncated=0; is_seed=0,2,False,1,1,10000.0000000000,7023.9500000000,1,1,0.0021773412,0.7023950000,False,True,2,2,1,1.0000000000,0.0000000000,0.0000000000,0.9891014235,0.0000000000,0.1404847286,0.0000000000,0.0821808911,0.0000000000,0.8595152714,0.1599371916,0.6056527591,0.6056527591
100000002815005100,terminal,0.5491840435,4,0.3328619158,in_deg=1; out_deg=0; in=476500; out=0 KZT; tx=1/0; out/in=0; prev_day=0.000; depth=3; truncated=0; is_seed=0,3,False,1,0,476500.0000000000,0.0000000000,1,0,0.0003174406,0.0000000000,False,True,1,1,0,0.0000000000,0.0000000000,0.0000000000,0.5353647687,0.0000000000,0.0000000000,0.0000000000,0.5491840435,0.0000000000,0.4508159565,0.8526244953,0.2626738448,0.0000000000
100000002818726100,peripheral,0.7167573285,12,0.0846060912,in_deg=1; out_deg=0; in=10879; out=0 KZT; tx=1/0; role_score=0.717; depth=3; truncated=0; is_seed=0,3,False,1,0,10879.0000000000,0.0000000000,1,0,0.0002880344,0.0000000000,False,True,1,1,0,0.0000000000,0.0000000000,0.0000000000,0.1536921708,0.0000000000,0.0000000000,0.0000000000,0.2832426715,0.0000000000,0.7167573285,0.0886047555,0.2626738448,0.0000000000
100000002820010100,peripheral,0.6345572681,1,0.1467343635,in_deg=1; out_deg=0; in=30000; out=0 KZT; tx=1/0; role_score=0.635; depth=2; truncated=0; is_seed=0,2,False,1,0,30000.0000000000,0.0000000000,1,0,0.0002896849,0.0000000000,False,True,1,1,0,0.0000000000,0.0000000000,0.0000000000,0.2119661922,0.0000000000,0.0000000000,0.0000000000,0.3654427319,0.0000000000,0.6345572681,0.3021534320,0.2626738448,0.0000000000
100000002821425100,terminal,0.5240253853,24,0.2830350521,in_deg=1; out_deg=0; in=275000; out=0 KZT; tx=1/0; out/in=0; prev_day=0.000; depth=3; truncated=0; is_seed=0,3,False,1,0,275000.0000000000,0.0000000000,1,0,0.0002970423,0.0000000000,False,True,1,1,0,0.0000000000,0.0000000000,0.0000000000,0.3560943060,0.0000000000,0.0000000000,0.0000000000,0.5240253853,0.0000000000,0.4759746147,0.7608793181,0.2626738448,0.0000000000
100000002822472100,consolidator,0.8097612572,24,0.3536130666,in_deg=2; out_deg=0; in=266722; out=0 KZT; tx=2/0; role_score=0.810; depth=3; truncated=0; is_seed=0,3,False,2,0,266722.0000000000,0.0000000000,2,0,0.0003105754,0.0000000000,False,True,2,6,0,0.0000000000,0.0000000000,0.0000000000,0.4899911032,0.8097612572,0.0000000000,0.0000000000,0.8097612572,0.0000000000,0.1902387428,0.7570659489,0.6056527591,0.0000000000
100000002824176100,peripheral,0.5157902690,1,0.2887013819,in_deg=1; out_deg=0; in=144000; out=0 KZT; tx=1/0; role_score=0.516; depth=1; truncated=0; is_seed=0,1,False,1,0,144000.0000000000,0.0000000000,1,0,0.0003367061,0.0000000000,False,True,1,1,0,0.0000000000,0.0000000000,0.0000000000,0.5998665480,0.0000000000,0.0000000000,0.0000000000,0.4842097310,0.0000000000,0.5157902690,0.6372812921,0.2626738448,0.0000000000
100000002826669100,terminal,0.6781504986,0,0.3975040423,in_deg=1; out_deg=0; in=159900; out=0 KZT; tx=4/0; out/in=0; prev_day=0.000; depth=2; truncated=0; is_seed=0,2,False,1,0,159900.0000000000,0.0000000000,4,0,0.0004732541,0.0000000000,False,True,4,6,0,0.0000000000,0.0000000000,0.0000000000,0.7591192171,0.0000000000,0.0000000000,0.0000000000,0.6781504986,0.0000000000,0.3218495014,0.6630776133,0.7857783760,0.0000000000
100000002830055100,peripheral,0.7058023572,22,0.0841760145,in_deg=1; out_deg=0; in=14000; out=0 KZT; tx=1/0; role_score=0.706; depth=1; truncated=0; is_seed=0,1,False,1,0,14000.0000000000,0.0000000000,1,0,0.0002869536,0.0000000000,False,True,1,1,0,0.0000000000,0.0000000000,0.0000000000,0.1040925267,0.0000000000,0.0000000000,0.0000000000,0.2941976428,0.0000000000,0.7058023572,0.1166442351,0.2626738448,0.0000000000
100000002831727100,peripheral,0.7413308584,43,0.3787064865,in_deg=1; out_deg=1; in=6000; out=77000 KZT; tx=1/3; role_score=0.741; depth=2; truncated=0; is_seed=0,2,False,1,1,6000.0000000000,77000.0000000000,1,3,0.0002891802,12.8333333333,False,True,4,22,0,0.0000000000,0.0000192202,0.2863105175,0.1941725979,0.0000000000,0.1720740954,0.0000000000,0.0000000000,0.2586691416,0.7413308584,0.5260206371,0.7857783760,0.0000000000
100000002832753100,peripheral,1.0000000000,3,0.2034763417,in_deg=1; out_deg=0; in=12500; out=0 KZT; tx=1/0; role_score=1.000; depth=4; truncated=1; is_seed=0,4,False,1,0,12500.0000000000,0.0000000000,1,0,0.0007495345,0.0000000000,True,True,1,1,0,0.0000000000,0.0000000000,0.0000000000,0.9214857651,0.0000000000,0.0000000000,0.0000000000,0.0000000000,0.0000000000,1.0000000000,0.1034096007,0.2626738448,0.0000000000
100000002835874100,peripheral,1.0000000000,4,0.1950863905,in_deg=1; out_deg=0; in=58700; out=0 KZT; tx=1/0; role_score=1.000; depth=4; truncated=1; is_seed=0,4,False,1,0,58700.0000000000,0.0000000000,1,0,0.0002917063,0.0000000000,True,True,1,1,0,0.0000000000,0.0000000000,0.0000000000,0.2640124555,0.0000000000,0.0000000000,0.0000000000,0.0000000000,0.0000000000,1.0000000000,0.4643337820,0.2626738448,0.0000000000
100000002836052100,peripheral,0.7004381989,8,0.1381098188,in_deg=1; out_deg=0; in=15000; out=0 KZT; tx=1/0; role_score=0.700; depth=2; truncated=0; is_seed=0,2,False,1,0,15000.0000000000,0.0000000000,1,0,0.0003039825,0.0000000000,False,True,1,1,0,0.0000000000,0.0000000000,0.0000000000,0.4397241993,0.0000000000,0.0000000000,0.0000000000,0.2995618011,0.0000000000,0.7004381989,0.1310004486,0.2626738448,0.0000000000
100000002836736100,consolidator,0.8407373829,1,0.4190105626,in_deg=2; out_deg=0; in=509000; out=0 KZT; tx=2/0; role_score=0.841; depth=1; truncated=0; is_seed=0,1,False,2,0,509000.0000000000,0.0000000000,2,0,0.0004491012,0.0000000000,False,True,1,1,0,0.0000000000,0.0000000000,0.0000000000,0.7457740214,0.8407373829,0.0000000000,0.0000000000,0.8407373829,0.0000000000,0.1592626171,0.8651861821,0.6056527591,0.0000000000
100000002838519100,peripheral,0.6007101843,40,0.1930467728,in_deg=1; out_deg=0; in=46900; out=0 KZT; tx=1/0; role_score=0.601; depth=3; truncated=0; is_seed=0,3,False,1,0,46900.0000000000,0.0000000000,1,0,0.0002972483,0.0000000000,False,True,1,1,0,0.0000000000,0.0000000000,0.0000000000,0.3592081851,0.0000000000,0.0000000000,0.0000000000,0.3992898157,0.0000000000,0.6007101843,0.3990578735,0.2626738448,0.0000000000
100000002838861100,terminal,0.9291438969,4,0.6210750995,in_deg=5; out_deg=1; in=554524; out=10000 KZT; tx=5/1; out/in=0.018; prev_day=0.000; depth=1; truncated=0; is_seed=0,1,False,5,1,554523.9500000000,10000.0000000000,5,1,0.0022274164,0.0180334862,False,True,5,12,0,0.0000000000,0.0000194184,0.3606010017,0.9899911032,0.8673567039,0.1082988156,0.0000000000,0.9291438969,0.5494180321,0.0708561031,0.8768506057,0.8476895469,0.0000000000
100000002842321100,peripheral,0.5092928377,10,0.2345100385,in_deg=1; out_deg=0; in=160000; out=0 KZT; tx=1/0; role_score=0.509; depth=3; truncated=0; is_seed=0,3,False,1,0,160000.0000000000,0.0000000000,1,0,0.0002891798,0.0000000000,False,True,1,1,0,0.0000000000,0.0000000000,0.0000000000,0.1937277580,0.0000000000,0.0000000000,0.0000000000,0.4907071623,0.0000000000,0.5092928377,0.6641991925,0.2626738448,0.0000000000
100000002842337100,peripheral,0.5913417951,1,0.2440766100,in_deg=1; out_deg=0; in=50000; out=0 KZT; tx=1/0; role_score=0.591; depth=2; truncated=0; is_seed=0,2,False,1,0,50000.0000000000,0.0000000000,1,0,0.0003645011,0.0000000000,False,True,1,1,0,0.0000000000,0.0000000000,0.0000000000,0.6590302491,0.0000000000,0.0000000000,0.0000000000,0.4086582049,0.0000000000,0.5913417951,0.4232839838,0.2626738448,0.0000000000
100000002844652100,peripheral,0.5736627380,1,0.1778377600,in_deg=1; out_deg=0; in=61360; out=0 KZT; tx=1/0; role_score=0.574; depth=1; truncated=0; is_seed=0,1,False,1,0,61360.0000000000,0.0000000000,1,0,0.0002875329,0.0000000000,False,True,1,1,0,0.0000000000,0.0000000000,0.0000000000,0.1314501779,0.0000000000,0.0000000000,0.0000000000,0.4263372620,0.0000000000,0.5736627380,0.4748766263,0.2626738448,0.0000000000
100000002844897100,peripheral,0.7170595346,4,0.0673453568,in_deg=1; out_deg=0; in=10800; out=0 KZT; tx=1/0; role_score=0.717; depth=1; truncated=0; is_seed=0,1,False,1,0,10800.0000000000,0.0000000000,1,0,0.0002851896,0.0000000000,False,True,1,1,0,0.0000000000,0.0000000000,0.0000000000,0.0393683274,0.0000000000,0.0000000000,0.0000000000,0.2829404654,0.0000000000,0.7170595346,0.0881561238,0.2626738448,0.0000000000
100000002845605100,peripheral,0.5774403143,0,0.2037444330,in_deg=1; out_deg=0; in=57567; out=0 KZT; tx=1/0; role_score=0.577; depth=1; truncated=0; is_seed=0,1,False,1,0,57567.0000000000,0.0000000000,1,0,0.0002947556,0.0000000000,False,True,1,1,0,0.0000000000,0.0000000000,0.0000000000,0.3258451957,0.0000000000,0.0000000000,0.0000000000,0.4225596857,0.0000000000,0.5774403143,0.4618663078,0.2626738448,0.0000000000
100000002847207100,peripheral,0.6019190088,2,0.1830534824,in_deg=1; out_deg=0; in=46243; out=0 KZT; tx=1/0; role_score=0.602; depth=1; truncated=0; is_seed=0,1,False,1,0,46243.0000000000,0.0000000000,1,0,0.0002932219,0.0000000000,False,True,1,1,0,0.0000000000,0.0000000000,0.0000000000,0.2978202847,0.0000000000,0.0000000000,0.0000000000,0.3980809912,0.0000000000,0.6019190088,0.3959174518,0.2626738448,0.0000000000
100000002849158100,consolidator,0.7990423844,4,0.6279885411,in_deg=3; out_deg=1; in=723000; out=1.313e+06 KZT; tx=3/3; role_score=0.799; depth=3; truncated=0; is_seed=0,3,False,3,1,723000.0000000000,1313000.0000000000,3,3,0.0003344670,1.8160442600,False,True,3,7,0,0.0000000000,0.0000227869,0.4833055092,0.5927491103,0.7990423844,0.4331761817,0.0000000000,0.0000000000,0.5161385895,0.2009576156,0.9710632571,0.8476895469,0.0000000000
100000002852402100,peripheral,0.5803112723,3,0.2379819348,in_deg=1; out_deg=0; in=55000; out=0 KZT; tx=1/0; role_score=0.580; depth=2; truncated=0; is_seed=0,2,False,1,0,55000.0000000000,0.0000000000,1,0,0.0003252127,0.0000000000,False,True,1,1,0,0.0000000000,0.0000000000,0.0000000000,0.5660587189,0.0000000000,0.0000000000,0.0000000000,0.4196887277,0.0000000000,0.5803112723,0.4546882010,0.2626738448,0.0000000000
100000002858835100,peripheral,0.6557116954,22,0.1297119547,in_deg=1; out_deg=0; in=24400; out=0 KZT; tx=1/0; role_score=0.656; depth=1; truncated=0; is_seed=0,1,False,1,0,24400.0000000000,0.0000000000,1,0,0.0002891200,0.0000000000,False,True,1,1,0,0.0000000000,0.0000000000,0.0000000000,0.1919483986,0.0000000000,0.0000000000,0.0000000000,0.3442883046,0.0000000000,0.6557116954,0.2460744729,0.2626738448,0.0000000000
100000002860934100,peripheral,1.0000000000,15,0.4395516767,in_deg=1; out_deg=0; in=279500; out=0 KZT; tx=4/0; role_score=1.000; depth=4; truncated=1; is_seed=0,4,False,1,0,279500.0000000000,0.0000000000,4,0,0.0005772636,0.0000000000,True,True,4,24,0,0.0000000000,0.0000000000,0.0000000000,0.8734430605,0.0000000000,0.0000000000,0.0000000000,0.0000000000,0.0000000000,1.0000000000,0.7626738448,0.7857783760,0.0000000000
100000002861485100,peripheral,0.6380326383,16,0.1298995099,in_deg=1; out_deg=0; in=29323; out=0 KZT; tx=1/0; role_score=0.638; depth=1; truncated=0; is_seed=0,1,False,1,0,29323.0000000000,0.0000000000,1,0,0.0002871693,0.0000000000,False,True,1,1,0,0.0000000000,0.0000000000,0.0000000000,0.1154359431,0.0000000000,0.0000000000,0.0000000000,0.3619673617,0.0000000000,0.6380326383,0.2927321669,0.2626738448,0.0000000000
100000002862113100,terminal,0.5376246600,40,0.2466217666,in_deg=1; out_deg=0; in=47405; out=0 KZT; tx=2/0; out/in=0; prev_day=0.000; depth=3; truncated=0; is_seed=0,3,False,1,0,47405.0000000000,0.0000000000,2,0,0.0002973905,0.0000000000,False,True,2,2,0,0.0000000000,0.0000000000,0.0000000000,0.3614323843,0.0000000000,0.0000000000,0.0000000000,0.5376246600,0.0000000000,0.4623753400,0.4062359803,0.6056527591,0.0000000000
100000002863356100,peripheral,0.7802290051,22,0.3106300828,in_deg=1; out_deg=1; in=45000; out=20000 KZT; tx=1/1; role_score=0.780; depth=2; truncated=0; is_seed=0,2,False,1,1,45000.0000000000,20000.0000000000,1,1,0.0002992056,0.4444444444,False,True,2,3,0,0.0000000000,0.0000013870,0.1143572621,0.3934608541,0.0000000000,0.1509792934,0.0000000000,0.2197709949,0.1980883397,0.7802290051,0.4829519964,0.6056527591,0.0000000000
100000002864256100,peripheral,0.5207766697,2,0.2702863988,in_deg=1; out_deg=0; in=135780; out=0 KZT; tx=1/0; role_score=0.521; depth=1; truncated=0; is_seed=0,1,False,1,0,135780.0000000000,0.0000000000,1,0,0.0003110054,0.0000000000,False,True,1,1,0,0.0000000000,0.0000000000,0.0000000000,0.4935498221,0.0000000000,0.0000000000,0.0000000000,0.4792233303,0.0000000000,0.5207766697,0.6274113952,0.2626738448,0.0000000000
100000002864680100,peripheral,0.5789513448,7,0.1988436110,in_deg=1; out_deg=0; in=55932; out=0 KZT; tx=1/0; role_score=0.579; depth=1; truncated=0; is_seed=0,1,False,1,0,55932.0000000000,0.0000000000,1,0,0.0002932589,0.0000000000,False,True,1,1,0,0.0000000000,0.0000000000,0.0000000000,0.2991548043,0.0000000000,0.0000000000,0.0000000000,0.4210486552,0.0000000000,0.5789513448,0.4582772544,0.2626738448,0.0000000000
100000002870463100,terminal,0.8331249279,1,0.5778209094,in_deg=3; out_deg=1; in=207000; out=10000 KZT; tx=4/1; out/in=0.0483; prev_day=0.000; depth=2; truncated=0; is_seed=0,2,False,3,1,207000.0000000000,10000.0000000000,4,1,0.0020283560,0.0483091787,False,True,4,17,0,0.0000000000,0.0000194184,0.3606010017,0.9859875445,0.7659885917,0.1095512142,0.0000000000,0.8331249279,0.5482169645,0.1668750721,0.7211754150,0.8227904890,0.0000000000
100000002870937100,peripheral,0.5538682381,1,0.1984576839,in_deg=1; out_deg=0; in=83700; out=0 KZT; tx=1/0; role_score=0.554; depth=1; truncated=0; is_seed=0,1,False,1,0,83700.0000000000,0.0000000000,1,0,0.0002888055,0.0000000000,False,True,1,1,0,0.0000000000,0.0000000000,0.0000000000,0.1799377224,0.0000000000,0.0000000000,0.0000000000,0.4461317619,0.0000000000,0.5538682381,0.5282637954,0.2626738448,0.0000000000
100000002871199100,peripheral,0.6623602297,40,0.1323922995,in_deg=1; out_deg=0; in=23186; out=0 KZT; tx=1/0; role_score=0.662; depth=3; truncated=0; is_seed=0,3,False,1,0,23186.0000000000,0.0000000000,1,0,0.0002905684,0.0000000000,False,True,1,1,0,0.0000000000,0.0000000000,0.0000000000,0.2359875445,0.0000000000,0.0000000000,0.0000000000,0.3376397703,0.0000000000,0.6623602297,0.2303723643,0.2626738448,0.0000000000
100000002872399100,terminal,0.7805983681,1,0.5039829183,in_deg=1; out_deg=0; in=1.09e+06; out=0 KZT; tx=9/0; out/in=0; prev_day=0.000; depth=3; truncated=0; is_seed=0,3,False,1,0,1090000.0000000000,0.0000000000,9,0,0.0007009038,0.0000000000,False,True,8,26,0,0.0000000000,0.0000000000,0.0000000000,0.9112544484,0.0000000000,0.0000000000,0.0000000000,0.7805983681,0.0000000000,0.2194016319,0.9333781965,0.8930013459,0.0000000000
100000002876914100,peripheral,1.0000000000,18,0.0981018021,in_deg=1; out_deg=0; in=12000; out=0 KZT; tx=1/0; role_score=1.000; depth=4; truncated=1; is_seed=0,4,False,1,0,12000.0000000000,0.0000000000,1,0,0.0002904167,0.0000000000,True,True,1,1,0,0.0000000000,0.0000000000,0.0000000000,0.2302046263,0.0000000000,0.0000000000,0.0000000000,0.0000000000,0.0000000000,1.0000000000,0.0966801256,0.2626738448,0.0000000000
100000002877262100,peripheral,0.5390601390,42,0.2402957407,in_deg=1; out_deg=0; in=100000; out=0 KZT; tx=1/0; role_score=0.539; depth=3; truncated=0; is_seed=0,3,False,1,0,100000.0000000000,0.0000000000,1,0,0.0002982911,0.0000000000,False,True,1,1,0,0.0000000000,0.0000000000,0.0000000000,0.3792259786,0.0000000000,0.0000000000,0.0000000000,0.4609398610,0.0000000000,0.5390601390,0.5760430686,0.2626738448,0.0000000000
100000002878467100,consolidator,0.7936687821,42,0.3442009916,in_deg=2; out_deg=0; in=200000; out=0 KZT; tx=2/0; role_score=0.794; depth=3; truncated=0; is_seed=0,3,False,2,0,200000.0000000000,0.0000000000,2,0,0.0003127941,0.0000000000,False,True,2,5,0,0.0000000000,0.0000000000,0.0000000000,0.5091192171,0.7936687821,0.0000000000,0.0000000000,0.7936687821,0.0000000000,0.2063312179,0.7079407806,0.6056527591,0.0000000000
100000002878483100,peripheral,1.0000000000,18,0.0637462102,in_deg=1; out_deg=0; in=6000; out=0 KZT; tx=1/0; role_score=1.000; depth=4; truncated=1; is_seed=0,4,False,1,0,6000.0000000000,0.0000000000,1,0,0.0002872270,0.0000000000,True,True,1,1,0,0.0000000000,0.0000000000,0.0000000000,0.1174377224,0.0000000000,0.0000000000,0.0000000000,0.0000000000,0.0000000000,1.0000000000,0.0269179004,0.2626738448,0.0000000000
100000002881669100,peripheral,0.6814747658,7,0.1015278223,in_deg=1; out_deg=0; in=18600; out=0 KZT; tx=1/0; role_score=0.681; depth=1; truncated=0; is_seed=0,1,False,1,0,18600.0000000000,0.0000000000,1,0,0.0002871039,0.0000000000,False,True,1,1,0,0.0000000000,0.0000000000,0.0000000000,0.1120996441,0.0000000000,0.0000000000,0.0000000000,0.3185252342,0.0000000000,0.6814747658,0.1812471961,0.2626738448,0.0000000000
100000002883402100,consolidator,0.8796464189,4,0.3612219735,in_deg=3; out_deg=0; in=300000; out=0 KZT; tx=3/0; role_score=0.880; depth=3; truncated=0; is_seed=0,3,False,3,0,300000.0000000000,0.0000000000,3,0,0.0002990213,0.0000000000,False,True,3,15,0,0.0000000000,0.0000000000,0.0000000000,0.3899021352,0.8796464189,0.0000000000,0.0000000000,0.8796464189,0.0000000000,0.1203535811,0.7763571108,0.7243158367,0.0000000000
100000002884708100,peripheral,1.0000000000,42,0.4547503718,in_deg=1; out_deg=0; in=1.17164e+06; out=0 KZT; tx=2/0; role_score=1.000; depth=4; truncated=1; is_seed=0,4,False,1,0,1171644.0000000000,0.0000000000,2,0,0.0005591848,0.0000000000,True,True,2,2,0,0.0000000000,0.0000000000,0.0000000000,0.8636565836,0.0000000000,0.0000000000,0.0000000000,0.0000000000,0.0000000000,1.0000000000,0.9374158816,0.6056527591,0.0000000000
100000002886166100,terminal,0.6717286189,34,0.3650087401,in_deg=1; out_deg=0; in=185000; out=0 KZT; tx=3/0; out/in=0; prev_day=0.000; depth=3; truncated=0; is_seed=0,3,False,1,0,185000.0000000000,0.0000000000,3,0,0.0003227798,0.0000000000,False,True,2,2,0,0.0000000000,0.0000000000,0.0000000000,0.5598309609,0.0000000000,0.0000000000,0.0000000000,0.6717286189,0.0000000000,0.3282713811,0.6895468820,0.7243158367,0.0000000000
100000002890167100,peripheral,0.5277274101,16,0.2443810430,in_deg=1; out_deg=0; in=118150; out=0 KZT; tx=1/0; role_score=0.528; depth=1; truncated=0; is_seed=0,1,False,1,0,118150.0000000000,0.0000000000,1,0,0.0002966570,0.0000000000,False,True,1,1,0,0.0000000000,0.0000000000,0.0000000000,0.3507562278,0.0000000000,0.0000000000,0.0000000000,0.4722725899,0.0000000000,0.5277274101,0.6094661283,0.2626738448,0.0000000000
100000002891765100,peripheral,0.5792535509,40,0.2136993663,in_deg=1; out_deg=0; in=55576; out=0 KZT; tx=1/0; role_score=0.579; depth=3; truncated=0; is_seed=0,3,False,1,0,55576.0000000000,0.0000000000,1,0,0.0002996922,0.0000000000,False,True,1,1,0,0.0000000000,0.0000000000,0.0000000000,0.3996886121,0.0000000000,0.0000000000,0.0000000000,0.4207464491,0.0000000000,0.5792535509,0.4573799910,0.2626738448,0.0000000000
100000002893020100,peripheral,0.6817014204,18,0.1209436602,in_deg=1; out_deg=0; in=18340; out=0 KZT; tx=1/0; role_score=0.682; depth=3; truncated=0; is_seed=0,3,False,1,0,18340.0000000000,0.0000000000,1,0,0.0002908230,0.0000000000,False,True,1,1,0,0.0000000000,0.0000000000,0.0000000000,0.2426601423,0.0000000000,0.0000000000,0.0000000000,0.3182985796,0.0000000000,0.6817014204,0.1805742485,0.2626738448,0.0000000000
100000002894076100,consolidator,0.9609398610,1,0.4628251133,in_deg=4; out_deg=0; in=1.12278e+06; out=0 KZT; tx=6/0; role_score=0.961; depth=1; truncated=0; is_seed=0,1,False,4,0,1122782.0000000000,0.0000000000,6,0,0.0003806969,0.0000000000,False,True,3,17,0,0.0000000000,0.0000000000,0.0000000000,0.6799377224,0.9609398610,0.0000000000,0.0000000000,0.9609398610,0.0000000000,0.0390601390,0.9347240915,0.8476895469,0.0000000000
100000002896506100,peripheral,1.0000000000,10,0.2122333006,in_deg=1; out_deg=0; in=45000; out=0 KZT; tx=1/0; role_score=1.000; depth=4; truncated=1; is_seed=0,4,False,1,0,45000.0000000000,0.0000000000,1,0,0.0003119069,0.0000000000,True,True,1,1,0,0.0000000000,0.0000000000,0.0000000000,0.5024466192,0.0000000000,0.0000000000,0.0000000000,0.0000000000,0.0000000000,1.0000000000,0.3898609242,0.2626738448,0.0000000000
100000002901457100,coordinator,0.6895766744,0,0.6744653224,in_deg=1; out_deg=3; in=340000; out=119000 KZT; tx=1/3; bet_pct=0.699; pr_pct=0.668; depth=3; truncated=0; is_seed=0,3,False,1,3,340000.0000000000,119000.0000000000,1,3,0.0003720066,0.3500000000,False,True,4,23,0,0.0000000000,0.0000756921,0.6986644407,0.6683718861,0.0000000000,0.3939908205,0.5198727185,0.3472461469,0.6895766744,0.3104233256,0.8472409152,0.7857783760,0.0000000000
100000002904919100,peripheral,0.6130824121,0,0.3423274171,in_deg=1; out_deg=1; in=60325; out=5500 KZT; tx=1/1; role_score=0.613; depth=3; truncated=0; is_seed=0,3,False,1,1,60325.0000000000,5500.0000000000,1,1,0.0002893463,0.0911728139,False,True,2,2,0,0.0000000000,0.0000192202,0.2863105175,0.1990658363,0.0000000000,0.0988831509,0.0000000000,0.3869175879,0.2601371132,0.6130824121,0.4856437865,0.6056527591,0.0000000000
100000002906470100,peripheral,0.5228921124,43,0.2637252305,in_deg=1; out_deg=0; in=130000; out=0 KZT; tx=1/0; role_score=0.523; depth=3; truncated=0; is_seed=0,3,False,1,0,130000.0000000000,0.0000000000,1,0,0.0003061115,0.0000000000,False,True,1,1,0,0.0000000000,0.0000000000,0.0000000000,0.4584074733,0.0000000000,0.0000000000,0.0000000000,0.4771078876,0.0000000000,0.5228921124,0.6222521310,0.2626738448,0.0000000000
100000002908521100,peripheral,0.6059232396,22,0.1723531530,in_deg=1; out_deg=0; in=44500; out=0 KZT; tx=1/0; role_score=0.606; depth=3; truncated=0; is_seed=0,3,False,1,0,44500.0000000000,0.0000000000,1,0,0.0002909319,0.0000000000,False,True,1,1,0,0.0000000000,0.0000000000,0.0000000000,0.2455516014,0.0000000000,0.0000000000,0.0000000000,0.3940767604,0.0000000000,0.6059232396,0.3844773441,0.2626738448,0.0000000000
100000002911170100,terminal,0.6650045331,33,0.3679776720,in_deg=1; out_deg=0; in=300000; out=0 KZT; tx=2/0; out/in=0; prev_day=0.000; depth=2; truncated=0; is_seed=0,2,False,1,0,300000.0000000000,0.0000000000,2,0,0.0003211743,0.0000000000,False,True,2,3,0,0.0000000000,0.0000000000,0.0000000000,0.5536032028,0.0000000000,0.0000000000,0.0000000000,0.6650045331,0.0000000000,0.3349954669,0.7763571108,0.6056527591,0.0000000000
100000002913340100,peripheral,0.6601692354,22,0.1189661934,in_deg=1; out_deg=0; in=23600; out=0 KZT; tx=1/0; role_score=0.660; depth=3; truncated=0; is_seed=0,3,False,1,0,23600.0000000000,0.0000000000,1,0,0.0002876937,0.0000000000,False,True,1,1,0,0.0000000000,0.0000000000,0.0000000000,0.1401245552,0.0000000000,0.0000000000,0.0000000000,0.3398307646,0.0000000000,0.6601692354,0.2341857335,0.2626738448,0.0000000000
100000002914245100,peripheral,0.5174524025,8,0.2445869785,in_deg=1; out_deg=0; in=140611; out=0 KZT; tx=1/0; role_score=0.517; depth=3; truncated=0; is_seed=0,3,False,1,0,140611.0000000000,0.0000000000,1,0,0.0002939819,0.0000000000,False,True,1,1,0,0.0000000000,0.0000000000,0.0000000000,0.3125000000,0.0000000000,0.0000000000,0.0000000000,0.4825475975,0.0000000000,0.5174524025,0.6332436070,0.2626738448,0.0000000000
100000002916006100,peripheral,1.0000000000,47,0.1212756287,in_deg=0; out_deg=1; in=0; out=32000 KZT; tx=0/1; role_score=1.000; depth=0; truncated=0; is_seed=1,0,True,0,1,0.0000000000,32000.0000000000,0,1,0.0002840373,-1.0000000000,False,False,1,1,0,0.0000000000,0.0000000000,0.0000000000,0.0093416370,0.0000000000,0.0000000000,0.0000000000,0.0000000000,0.0000000000,1.0000000000,0.3218932257,0.2626738448,0.0000000000
100000002921047100,consolidator,0.6843709076,1,0.5645369323,in_deg=2; out_deg=1; in=338000; out=163000 KZT; tx=2/1; role_score=0.684; depth=1; truncated=0; is_seed=0,1,False,2,1,338000.0000000000,163000.0200000000,2,1,0.0003153023,0.4822485799,False,True,2,18,0,0.0000000000,0.0000215980,0.4607679466,0.5229092527,0.6843709076,0.2564839416,0.0000000000,0.4252008112,0.4794103384,0.3156290924,0.8647375505,0.7243158367,0.0000000000
100000002922000100,peripheral,1.0000000000,49,0.3614376280,in_deg=1; out_deg=0; in=448000; out=0 KZT; tx=1/0; role_score=1.000; depth=4; truncated=1; is_seed=0,4,False,1,0,448000.0000000000,0.0000000000,1,0,0.0004565558,0.0000000000,True,True,1,1,0,0.0000000000,0.0000000000,0.0000000000,0.7475533808,0.0000000000,0.0000000000,0.0000000000,0.0000000000,0.0000000000,1.0000000000,0.8396141768,0.2626738448,0.0000000000
100000002926970100,peripheral,0.5528105168,18,0.2512599555,in_deg=1; out_deg=0; in=85000; out=0 KZT; tx=1/0; role_score=0.553; depth=3; truncated=0; is_seed=0,3,False,1,0,85000.0000000000,0.0000000000,1,0,0.0003154867,0.0000000000,False,True,1,1,0,0.0000000000,0.0000000000,0.0000000000,0.5233540925,0.0000000000,0.0000000000,0.0000000000,0.4471894832,0.0000000000,0.5528105168,0.5334230597,0.2626738448,0.0000000000
100000002933386100,coordinator,0.5646643056,2,0.4987408562,in_deg=1; out_deg=1; in=15000; out=58000 KZT; tx=1/1; bet_pct=0.421; pr_pct=0.901; depth=3; truncated=0; is_seed=0,3,False,1,1,15000.0000000000,58000.0000000000,1,1,0.0006486350,3.8666666667,False,True,2,15,0,0.0000000000,0.0000200128,0.4207011686,0.9005782918,0.0000000000,0.1915358243,0.0000000000,0.0000000000,0.5646643056,0.4353356944,0.5022431584,0.6056527591,0.0000000000
100000002934441100,consolidator,0.7135086129,0,0.2713432577,in_deg=2; out_deg=0; in=60845.6; out=0 KZT; tx=2/0; role_score=0.714; depth=1; truncated=0; is_seed=0,1,False,2,0,60845.6000000000,0.0000000000,2,0,0.0003008219,0.0000000000,False,True,1,1,0,0.0000000000,0.0000000000,0.0000000000,0.4125889680,0.7135086129,0.0000000000,0.0000000000,0.7135086129,0.0000000000,0.2864913871,0.4744279946,0.6056527591,0.0000000000
100000002936322100,consolidator,0.8519190088,8,0.4160264834,in_deg=2; out_deg=0; in=787133; out=0 KZT; tx=2/0; role_score=0.852; depth=3; truncated=0; is_seed=0,3,False,2,0,787133.0000000000,0.0000000000,2,0,0.0003642503,0.0000000000,False,True,2,29,0,0.0000000000,0.0000000000,0.0000000000,0.6585854093,0.8519190088,0.0000000000,0.0000000000,0.8519190088,0.0000000000,0.1480809912,0.9055630328,0.6056527591,0.0000000000
100000002938501100,peripheral,0.8375536556,16,0.1999423288,in_deg=1; out_deg=1; in=8395; out=5000 KZT; tx=1/1; role_score=0.838; depth=1; truncated=0; is_seed=0,1,False,1,1,8395.0000000000,5000.0000000000,1,1,0.0002849340,0.5955926147,False,True,2,3,0,0.0000000000,0.0000179439,0.2178631052,0.0331405694,0.0000000000,0.1108941241,0.0000000000,0.1076097621,0.1624463444,0.8375536556,0.1114849708,0.6056527591,0.0000000000
100000002939838100,consolidator,0.9079026896,16,0.4340572658,in_deg=3; out_deg=0; in=571233; out=0 KZT; tx=3/0; role_score=0.908; depth=1; truncated=0; is_seed=0,1,False,3,0,571233.0000000000,0.0000000000,3,0,0.0003976890,0.0000000000,False,True,3,16,0,0.0000000000,0.0000000000,0.0000000000,0.7057384342,0.9079026896,0.0000000000,0.0000000000,0.9079026896,0.0000000000,0.0920973104,0.8781965007,0.7243158367,0.0000000000
100000002941114100,terminal,0.7479431066,11,0.6942841964,in_deg=2; out_deg=1; in=128510; out=15000 KZT; tx=15/1; out/in=0.117; prev_day=1.000; depth=1; truncated=0; is_seed=0,1,False,2,1,128510.0000000000,15000.0000000000,15,1,0.0019071695,0.1167224341,False,True,12,30,1,1.0000000000,0.0000206073,0.4348914858,0.9810943060,0.7056512542,0.1440847907,0.0000000000,0.7479431066,0.5987523319,0.2520568934,0.6354867654,0.9441453567,0.9441453567
100000002943472100,peripheral,0.5049864007,42,0.2800590855,in_deg=1; out_deg=0; in=170000; out=0 KZT; tx=1/0; role_score=0.505; depth=3; truncated=0; is_seed=0,3,False,1,0,170000.0000000000,0.0000000000,1,0,0.0003082687,0.0000000000,False,True,1,1,0,0.0000000000,0.0000000000,0.0000000000,0.4730871886,0.0000000000,0.0000000000,0.0000000000,0.4950135993,0.0000000000,0.5049864007,0.6787797218,0.2626738448,0.0000000000
100000002945031100,peripheral,0.7004381989,12,0.1030119540,in_deg=1; out_deg=0; in=15000; out=0 KZT; tx=1/0; role_score=0.700; depth=3; truncated=0; is_seed=0,3,False,1,0,15000.0000000000,0.0000000000,1,0,0.0002895486,0.0000000000,False,True,1,1,0,0.0000000000,0.0000000000,0.0000000000,0.2057384342,0.0000000000,0.0000000000,0.0000000000,0.2995618011,0.0000000000,0.7004381989,0.1310004486,0.2626738448,0.0000000000
100000002945626100,consolidator,0.9083559988,4,0.4181126008,in_deg=3; out_deg=0; in=584000; out=0 KZT; tx=3/0; role_score=0.908; depth=3; truncated=0; is_seed=0,3,False,3,0,584000.0000000000,0.0000000000,3,0,0.0003358769,0.0000000000,False,True,2,8,0,0.0000000000,0.0000000000,0.0000000000,0.5971975089,0.9083559988,0.0000000000,0.0000000000,0.9083559988,0.0000000000,0.0916440012,0.8795423957,0.7243158367,0.0000000000
100000002947299100,peripheral,0.5528105168,2,0.2621362900,in_deg=1; out_deg=0; in=85000; out=0 KZT; tx=1/0; role_score=0.553; depth=2; truncated=0; is_seed=0,2,False,1,0,85000.0000000000,0.0000000000,1,0,0.0003355835,0.0000000000,False,True,1,1,0,0.0000000000,0.0000000000,0.0000000000,0.5958629893,0.0000000000,0.0000000000,0.0000000000,0.4471894832,0.0000000000,0.5528105168,0.5334230597,0.2626738448,0.0000000000
100000002948492100,peripheral,0.6597914778,40,0.1342265704,in_deg=1; out_deg=0; in=23660; out=0 KZT; tx=1/0; role_score=0.660; depth=3; truncated=0; is_seed=0,3,False,1,0,23660.0000000000,0.0000000000,1,0,0.0002907019,0.0000000000,False,True,1,1,0,0.0000000000,0.0000000000,0.0000000000,0.2399911032,0.0000000000,0.0000000000,0.0000000000,0.3402085222,0.0000000000,0.6597914778,0.2353073127,0.2626738448,0.0000000000
100000002951898100,peripheral,0.6140072529,40,0.1799797168,in_deg=1; out_deg=0; in=39990; out=0 KZT; tx=1/0; role_score=0.614; depth=3; truncated=0; is_seed=0,3,False,1,0,39990.0000000000,0.0000000000,1,0,0.0002953018,0.0000000000,False,True,1,1,0,0.0000000000,0.0000000000,0.0000000000,0.3334074733,0.0000000000,0.0000000000,0.0000000000,0.3859927471,0.0000000000,0.6140072529,0.3622700763,0.2626738448,0.0000000000
100000002952631100,peripheral,0.5976881233,16,0.1706254570,in_deg=1; out_deg=0; in=48050; out=0 KZT; tx=1/0; role_score=0.598; depth=1; truncated=0; is_seed=0,1,False,1,0,48050.0000000000,0.0000000000,1,0,0.0002891695,0.0000000000,False,True,1,1,0,0.0000000000,0.0000000000,0.0000000000,0.1932829181,0.0000000000,0.0000000000,0.0000000000,0.4023118767,0.0000000000,0.5976881233,0.4089277703,0.2626738448,0.0000000000
100000002952756100,peripheral,0.6000302206,18,0.2389918749,in_deg=1; out_deg=0; in=47000; out=0 KZT; tx=1/0; role_score=0.600; depth=3; truncated=0; is_seed=0,3,False,1,0,47000.0000000000,0.0000000000,1,0,0.0003656342,0.0000000000,False,True,1,1,0,0.0000000000,0.0000000000,0.0000000000,0.6621441281,0.0000000000,0.0000000000,0.0000000000,0.3999697794,0.0000000000,0.6000302206,0.4010767160,0.2626738448,0.0000000000
100000002954780100,peripheral,0.5216832880,4,0.2322256092,in_deg=1; out_deg=0; in=133400; out=0 KZT; tx=1/0; role_score=0.522; depth=3; truncated=0; is_seed=0,3,False,1,0,133400.0000000000,0.0000000000,1,0,0.0002908637,0.0000000000,False,True,1,1,0,0.0000000000,0.0000000000,0.0000000000,0.2435498221,0.0000000000,0.0000000000,0.0000000000,0.4783167120,0.0000000000,0.5216832880,0.6251682369,0.2626738448,0.0000000000
100000002956769100,consolidator,0.9165155636,24,0.4392236746,in_deg=3; out_deg=0; in=840000; out=0 KZT; tx=3/0; role_score=0.917; depth=3; truncated=0; is_seed=0,3,False,3,0,840000.0000000000,0.0000000000,3,0,0.0003825941,0.0000000000,False,True,1,1,0,0.0000000000,0.0000000000,0.0000000000,0.6826067616,0.9165155636,0.0000000000,0.0000000000,0.9165155636,0.0000000000,0.0834844364,0.9127411395,0.7243158367,0.0000000000
100000002956779100,terminal,0.5431399214,2,0.3524146732,in_deg=1; out_deg=0; in=411000; out=0 KZT; tx=1/0; out/in=0; prev_day=0.000; depth=3; truncated=0; is_seed=0,3,False,1,0,411000.0000000000,0.0000000000,1,0,0.0004007516,0.0000000000,False,True,1,1,0,0.0000000000,0.0000000000,0.0000000000,0.7079626335,0.0000000000,0.0000000000,0.0000000000,0.5431399214,0.0000000000,0.4568600786,0.8272768057,0.2626738448,0.0000000000
100000002956898100,consolidator,0.8147476579,3,0.3847145172,in_deg=2; out_deg=0; in=290240; out=0 KZT; tx=2/0; role_score=0.815; depth=2; truncated=0; is_seed=0,2,False,2,0,290240.0000000000,0.0000000000,2,0,0.0003746235,0.0000000000,False,True,2,19,0,0.0000000000,0.0000000000,0.0000000000,0.6741548043,0.8147476579,0.0000000000,0.0000000000,0.8147476579,0.0000000000,0.1852523421,0.7709735307,0.6056527591,0.0000000000
100000002957306100,consolidator,0.8292535509,11,0.3916073397,in_deg=2; out_deg=0; in=398490; out=0 KZT; tx=2/0; role_score=0.829; depth=1; truncated=0; is_seed=0,1,False,2,0,398490.0000000000,0.0000000000,2,0,0.0003531711,0.0000000000,False,True,2,6,0,0.0000000000,0.0000000000,0.0000000000,0.6341192171,0.8292535509,0.0000000000,0.0000000000,0.8292535509,0.0000000000,0.1707464491,0.8225661732,0.6056527591,0.0000000000
100000002957787100,coordinator,0.9587073875,0,0.9249335775,in_deg=4; out_deg=34; in=84956; out=1.27615e+06 KZT; tx=7/41; bet_pct=0.989; pr_pct=0.888; depth=2; truncated=0; is_seed=0,2,False,4,34,84956.0000000000,1276153.9600000000,7,41,0.0006101260,15.0213517586,False,True,8,8,25,0.6097560976,0.0042766454,0.9891485810,0.8876779359,0.4654113184,0.6127806269,0.8979978765,0.0000000000,0.9587073875,0.0412926125,0.9450426200,0.9921489457,0.6049688693
100000002958139100,terminal,0.6450589302,4,0.3275685011,in_deg=1; out_deg=0; in=209500; out=0 KZT; tx=2/0; out/in=0; prev_day=0.000; depth=3; truncated=0; is_seed=0,3,False,1,0,209500.0000000000,0.0000000000,2,0,0.0002987235,0.0000000000,False,True,2,4,0,0.0000000000,0.0000000000,0.0000000000,0.3858985765,0.0000000000,0.0000000000,0.0000000000,0.6450589302,0.0000000000,0.3549410698,0.7153432032,0.6056527591,0.0000000000
100000002958286100,terminal,0.5209277727,4,0.3020668339,in_deg=1; out_deg=0; in=257000; out=0 KZT; tx=1/0; out/in=0; prev_day=0.000; depth=1; truncated=0; is_seed=0,1,False,1,0,257000.0000000000,0.0000000000,1,0,0.0003114573,0.0000000000,False,True,1,1,0,0.0000000000,0.0000000000,0.0000000000,0.4975533808,0.0000000000,0.0000000000,0.0000000000,0.5209277727,0.0000000000,0.4790722273,0.7521310004,0.2626738448,0.0000000000
100000002958343100,distributor,0.6578210054,1,0.5425282799,in_deg=1; out_deg=2; in=2.9e+06; out=1.39e+06 KZT; tx=4/17; role_score=0.658; depth=2; truncated=0; is_seed=0,2,False,1,2,2900000.0000000000,1390000.0000000000,4,17,0.0006254123,0.4793103448,False,True,15,29,1,0.0588235294,0.0000003963,0.0300500835,0.8930160142,0.0000000000,0.5927417894,0.6578210054,0.3978736153,0.2889398627,0.3421789946,0.9908030507,0.9645580978,0.0567387116
100000002958345100,terminal,0.5312027803,24,0.2924782699,in_deg=1; out_deg=0; in=307000; out=0 KZT; tx=1/0; out/in=0; prev_day=0.000; depth=3; truncated=0; is_seed=0,3,False,1,0,307000.0000000000,0.0000000000,1,0,0.0002985556,0.0000000000,False,True,1,1,0,0.0000000000,0.0000000000,0.0000000000,0.3827846975,0.0000000000,0.0000000000,0.0000000000,0.5312027803,0.0000000000,0.4687972197,0.7826379542,0.2626738448,0.0000000000
100000002963189100,distributor,0.8643281700,40,0.7541777962,in_deg=1; out_deg=7; in=490000; out=5.219e+06 KZT; tx=3/15; role_score=0.864; depth=3; truncated=0; is_seed=0,3,False,1,7,490000.0000000000,5219000.0000000000,3,15,0.0004220626,10.6510204082,False,True,7,18,0,0.0000000000,0.0000854078,0.7237061770,0.7235320285,0.0000000000,0.4867356057,0.8643281700,0.0000000000,0.7236539324,0.1356718300,0.9961866308,0.9553611485,0.0000000000
100000002964966100,terminal,0.5061952251,2,0.3214463253,in_deg=1; out_deg=0; in=200000; out=0 KZT; tx=1/0; out/in=0; prev_day=0.000; depth=2; truncated=0; is_seed=0,2,False,1,0,200000.0000000000,0.0000000000,1,0,0.0003931463,0.0000000000,False,True,1,1,0,0.0000000000,0.0000000000,0.0000000000,0.7004003559,0.0000000000,0.0000000000,0.0000000000,0.5061952251,0.0000000000,0.4938047749,0.7079407806,0.2626738448,0.0000000000
100000002968096100,peripheral,1.0000000000,8,0.2441073736,in_deg=1; out_deg=0; in=70000; out=0 KZT; tx=1/0; role_score=1.000; depth=4; truncated=1; is_seed=0,4,False,1,0,70000.0000000000,0.0000000000,1,0,0.0003177252,0.0000000000,True,True,1,1,0,0.0000000000,0.0000000000,0.0000000000,0.5384786477,0.0000000000,0.0000000000,0.0000000000,0.0000000000,0.0000000000,1.0000000000,0.4957379991,0.2626738448,0.0000000000
100000002969048100,peripheral,0.5325627078,1,0.2539980456,in_deg=1; out_deg=0; in=108470; out=0 KZT; tx=1/0; role_score=0.533; depth=2; truncated=0; is_seed=0,2,False,1,0,108470.0000000000,0.0000000000,1,0,0.0003044573,0.0000000000,False,True,1,1,0,0.0000000000,0.0000000000,0.0000000000,0.4432829181,0.0000000000,0.0000000000,0.0000000000,0.4674372922,0.0000000000,0.5325627078,0.5924181247,0.2626738448,0.0000000000
100000002970466100,peripheral,0.5575168108,0,0.4667050101,in_deg=1; out_deg=2; in=23317; out=93000 KZT; tx=1/3; role_score=0.558; depth=3; truncated=0; is_seed=0,3,False,1,2,23317.0000000000,93000.0000000000,1,3,0.0002853413,3.9885062401,False,True,4,8,0,0.0000000000,0.0000384405,0.5442404007,0.0451512456,0.0000000000,0.2410599004,0.4424831892,0.0000000000,0.3945136541,0.5575168108,0.6063257066,0.7857783760,0.0000000000
100000002971593100,peripheral,1.0000000000,10,0.2625050142,in_deg=1; out_deg=0; in=49050; out=0 KZT; tx=1/0; role_score=1.000; depth=4; truncated=1; is_seed=0,4,False,1,0,49050.0000000000,0.0000000000,1,0,0.0005272448,0.0000000000,True,True,1,1,0,0.0000000000,0.0000000000,0.0000000000,0.7987099644,0.0000000000,0.0000000000,0.0000000000,0.0000000000,0.0000000000,1.0000000000,0.4131897712,0.2626738448,0.0000000000
100000002973903100,consolidator,0.8042459958,7,0.3256335775,in_deg=3; out_deg=0; in=92880; out=0 KZT; tx=3/0; role_score=0.804; depth=1; truncated=0; is_seed=0,1,False,3,0,92880.0000000000,0.0000000000,3,0,0.0003151226,0.0000000000,False,True,3,10,0,0.0000000000,0.0000000000,0.0000000000,0.5220195730,0.8042459958,0.0000000000,0.0000000000,0.8042459958,0.0000000000,0.1957540042,0.5547330642,0.7243158367,0.0000000000
100000002974256100,peripheral,0.7374584467,7,0.1706469506,in_deg=1; out_deg=0; in=7200; out=0 KZT; tx=1/0; role_score=0.737; depth=2; truncated=0; is_seed=0,2,False,1,0,7200.0000000000,0.0000000000,1,0,0.0005287623,0.0000000000,False,True,1,1,0,0.0000000000,0.0000000000,0.0000000000,0.8080516014,0.0000000000,0.0000000000,0.0000000000,0.2625415533,0.0000000000,0.7374584467,0.0401525348,0.2626738448,0.0000000000
100000002975287100,peripheral,0.7004381989,28,0.0927027903,in_deg=1; out_deg=0; in=15000; out=0 KZT; tx=1/0; role_score=0.700; depth=3; truncated=0; is_seed=0,3,False,1,0,15000.0000000000,0.0000000000,1,0,0.0002876352,0.0000000000,False,True,1,1,0,0.0000000000,0.0000000000,0.0000000000,0.1370106762,0.0000000000,0.0000000000,0.0000000000,0.2995618011,0.0000000000,0.7004381989,0.1310004486,0.2626738448,0.0000000000
100000002975437100,terminal,0.6798379348,36,0.4448100670,in_deg=1; out_deg=1; in=530000; out=8500 KZT; tx=2/1; out/in=0.016; prev_day=0.000; depth=3; truncated=0; is_seed=0,3,False,1,1,530000.0000000000,8500.0000000000,2,1,0.0005173397,0.0160377358,False,True,2,5,0,0.0000000000,0.0000000000,0.0000000000,0.7871441281,0.0000000000,0.1027190610,0.0000000000,0.6798379348,0.0000000000,0.3201620652,0.8723642889,0.7243158367,0.0000000000
100000002981489100,peripheral,1.0000000000,10,0.0717123012,in_deg=1; out_deg=0; in=10000; out=0 KZT; tx=1/0; role_score=1.000; depth=4; truncated=1; is_seed=0,4,False,1,0,10000.0000000000,0.0000000000,1,0,0.0002867808,0.0000000000,True,True,1,1,0,0.0000000000,0.0000000000,0.0000000000,0.0976423488,0.0000000000,0.0000000000,0.0000000000,0.0000000000,0.0000000000,1.0000000000,0.0706594886,0.2626738448,0.0000000000
100000002981527100,peripheral,0.5059685706,4,0.2719099845,in_deg=1; out_deg=0; in=168000; out=0 KZT; tx=1/0; role_score=0.506; depth=1; truncated=0; is_seed=0,1,False,1,0,168000.0000000000,0.0000000000,1,0,0.0003019617,0.0000000000,False,True,1,1,0,0.0000000000,0.0000000000,0.0000000000,0.4254893238,0.0000000000,0.0000000000,0.0000000000,0.4940314294,0.0000000000,0.5059685706,0.6747420368,0.2626738448,0.0000000000
100000002982252100,peripheral,0.6696131762,22,0.1169600784,in_deg=1; out_deg=0; in=20320; out=0 KZT; tx=1/0; role_score=0.670; depth=1; truncated=0; is_seed=0,1,False,1,0,20320.0000000000,0.0000000000,1,0,0.0002882701,0.0000000000,False,True,1,1,0,0.0000000000,0.0000000000,0.0000000000,0.1652580071,0.0000000000,0.0000000000,0.0000000000,0.3303868238,0.0000000000,0.6696131762,0.2110812023,0.2626738448,0.0000000000
100000002983426100,peripheral,0.5503928679,18,0.2549604384,in_deg=1; out_deg=0; in=88945; out=0 KZT; tx=1/0; role_score=0.550; depth=3; truncated=0; is_seed=0,3,False,1,0,88945.0000000000,0.0000000000,1,0,0.0003169463,0.0000000000,False,True,1,1,0,0.0000000000,0.0000000000,0.0000000000,0.5326957295,0.0000000000,0.0000000000,0.0000000000,0.4496071321,0.0000000000,0.5503928679,0.5426200090,0.2626738448,0.0000000000
100000002983879100,consolidator,0.7949531581,2,0.3648597916,in_deg=2; out_deg=0; in=200050; out=0 KZT; tx=2/0; role_score=0.795; depth=2; truncated=0; is_seed=0,2,False,2,0,200050.0000000000,0.0000000000,2,0,0.0003559929,0.0000000000,False,True,2,2,0,0.0000000000,0.0000000000,0.0000000000,0.6412366548,0.7949531581,0.0000000000,0.0000000000,0.7949531581,0.0000000000,0.2050468419,0.7113055182,0.6056527591,0.0000000000
100000002984403100,peripheral,0.5432983279,13,0.4166639810,in_deg=1; out_deg=1; in=20000; out=25000 KZT; tx=1/1; role_score=0.543; depth=3; truncated=0; is_seed=0,3,False,1,1,20000.0000000000,25000.0000000000,1,1,0.0003183039,1.2500000000,False,True,2,6,0,0.0000000000,0.0000200128,0.4207011686,0.5407028470,0.0000000000,0.1796349664,0.0000000000,0.0000000000,0.4567016721,0.5432983279,0.3898609242,0.6056527591,0.0000000000
100000002986245100,peripheral,1.0000000000,18,0.0621163830,in_deg=1; out_deg=0; in=5750; out=0 KZT; tx=1/0; role_score=1.000; depth=4; truncated=1; is_seed=0,4,False,1,0,5750.0000000000,0.0000000000,1,0,0.0002870941,0.0000000000,True,True,1,1,0,0.0000000000,0.0000000000,0.0000000000,0.1114323843,0.0000000000,0.0000000000,0.0000000000,0.0000000000,0.0000000000,1.0000000000,0.0240017945,0.2626738448,0.0000000000
100000002988894100,coordinator,0.6706228575,2,0.6572495176,in_deg=1; out_deg=3; in=306121; out=77500 KZT; tx=1/3; bet_pct=0.692; pr_pct=0.621; depth=1; truncated=0; is_seed=0,1,False,1,3,306121.0000000000,77500.0000000000,1,3,0.0003448378,0.2531678650,False,True,3,19,0,0.0000000000,0.0000713329,0.6919866444,0.6207740214,0.0000000000,0.3785793339,0.4971781940,0.3963807607,0.6706228575,0.3293771425,0.8162853297,0.7857783760,0.0000000000
100000002989353100,peripheral,0.5333013128,24,0.4711840942,in_deg=1; out_deg=2; in=500000; out=321160 KZT; tx=2/2; role_score=0.533; depth=3; truncated=0; is_seed=0,3,False,1,2,500000.0000000000,321160.0000000000,2,2,0.0003076827,0.6423200000,False,True,3,11,0,0.0000000000,0.0000027741,0.1585976628,0.4686387900,0.0000000000,0.4539559462,0.4666986872,0.2461819885,0.2516100010,0.5333013128,0.9100493495,0.7857783760,0.0000000000
100000002990675100,peripheral,0.5865064974,10,0.1564242689,in_deg=1; out_deg=0; in=51143; out=0 KZT; tx=1/0; role_score=0.587; depth=3; truncated=0; is_seed=0,3,False,1,0,51143.0000000000,0.0000000000,1,0,0.0002856811,0.0000000000,False,True,1,1,0,0.0000000000,0.0000000000,0.0000000000,0.0544928826,0.0000000000,0.0000000000,0.0000000000,0.4134935026,0.0000000000,0.5865064974,0.4353970390,0.2626738448,0.0000000000
100000002991079100,terminal,0.7491004345,16,0.5308415591,in_deg=2; out_deg=1; in=148900; out=11000 KZT; tx=3/1; out/in=0.0739; prev_day=0.000; depth=1; truncated=0; is_seed=0,1,False,2,1,148900.0000000000,11000.0000000000,3,1,0.0003928316,0.0738750839,False,True,2,18,0,0.0000000000,0.0000198147,0.4065108514,0.6995106762,0.6740455324,0.1165485898,0.0000000000,0.7491004345,0.4944107988,0.2508995655,0.6630776133,0.7857783760,0.0000000000
100000002992171100,peripheral,0.7037624660,22,0.0865242211,in_deg=1; out_deg=0; in=14627; out=0 KZT; tx=1/0; role_score=0.704; depth=1; truncated=0; is_seed=0,1,False,1,0,14627.0000000000,0.0000000000,1,0,0.0002870842,0.0000000000,False,True,1,1,0,0.0000000000,0.0000000000,0.0000000000,0.1096530249,0.0000000000,0.0000000000,0.0000000000,0.2962375340,0.0000000000,0.7037624660,0.1227007627,0.2626738448,0.0000000000
100000002994441100,peripheral,1.0000000000,8,0.1692654724,in_deg=1; out_deg=0; in=5000; out=0 KZT; tx=1/0; role_score=1.000; depth=4; truncated=1; is_seed=0,4,False,1,0,5000.0000000000,0.0000000000,1,0,0.0005499157,0.0000000000,True,True,1,1,0,0.0000000000,0.0000000000,0.0000000000,0.8534252669,0.0000000000,0.0000000000,0.0000000000,0.0000000000,0.0000000000,1.0000000000,0.0074024226,0.2626738448,0.0000000000
100000002999140100,peripheral,1.0000000000,7,0.1310328038,in_deg=1; out_deg=0; in=10000; out=0 KZT; tx=2/0; role_score=1.000; depth=4; truncated=1; is_seed=0,4,False,1,0,10000.0000000000,0.0000000000,2,0,0.0002879245,0.0000000000,True,True,2,4,0,0.0000000000,0.0000000000,0.0000000000,0.1501334520,0.0000000000,0.0000000000,0.0000000000,0.0000000000,0.0000000000,1.0000000000,0.0706594886,0.6056527591,0.0000000000
100000003001138100,peripheral,1.0000000000,15,0.1935760006,in_deg=1; out_deg=0; in=30000; out=0 KZT; tx=1/0; role_score=1.000; depth=4; truncated=1; is_seed=0,4,False,1,0,30000.0000000000,0.0000000000,1,0,0.0003155106,0.0000000000,True,True,1,1,0,0.0000000000,0.0000000000,0.0000000000,0.5242437722,0.0000000000,0.0000000000,0.0000000000,0.0000000000,0.0000000000,1.0000000000,0.3021534320,0.2626738448,0.0000000000
100000003001564100,peripheral,0.7691655459,16,0.3819548851,in_deg=1; out_deg=1; in=23520; out=180000 KZT; tx=1/1; role_score=0.769; depth=1; truncated=0; is_seed=0,1,False,1,1,23520.0000000000,180000.0000000000,1,1,0.0002865495,7.6530612245,False,True,2,6,0,0.0000000000,0.0000192202,0.2863105175,0.0834074733,0.0000000000,0.2308344541,0.0000000000,0.0000000000,0.2254396043,0.7691655459,0.7135486765,0.6056527591,0.0000000000
100000003001661100,coordinator,0.7574497309,15,0.7312147712,in_deg=1; out_deg=5; in=110000; out=439500 KZT; tx=1/8; bet_pct=0.722; pr_pct=0.840; depth=3; truncated=0; is_seed=0,3,False,1,5,110000.0000000000,439500.0000000000,1,8,0.0005424518,3.9954545455,False,True,9,28,0,0.0000000000,0.0000832217,0.7220367279,0.8400800712,0.0000000000,0.3339975163,0.7291066282,0.0000000000,0.7574497309,0.2425502691,0.8741588156,0.8930013459,0.0000000000
100000003003821100,peripheral,0.6127984285,2,0.2413065789,in_deg=1; out_deg=0; in=40000; out=0 KZT; tx=1/0; role_score=0.613; depth=2; truncated=0; is_seed=0,2,False,1,0,40000.0000000000,0.0000000000,1,0,0.0004353210,0.0000000000,False,True,1,1,0,0.0000000000,0.0000000000,0.0000000000,0.7377669039,0.0000000000,0.0000000000,0.0000000000,0.3872015715,0.0000000000,0.6127984285,0.3649618663,0.2626738448,0.0000000000
100000003004487100,coordinator,0.7706547909,36,0.7645295788,in_deg=4; out_deg=2; in=183703; out=265015 KZT; tx=9/3; bet_pct=0.832; pr_pct=0.627; depth=1; truncated=0; is_seed=0,1,False,4,2,183702.8000000000,265015.0000000000,9,3,0.0003487690,1.4426290726,False,True,9,28,1,0.3333333333,0.0001927969,0.8322203673,0.6270017794,0.7506044122,0.5029912556,0.3914505283,0.0000000000,0.7706547909,0.2293452091,0.8400628084,0.9228353522,0.3076117841
100000003005167100,peripheral,1.0000000000,18,0.0702853910,in_deg=1; out_deg=0; in=7000; out=0 KZT; tx=1/0; role_score=1.000; depth=4; truncated=1; is_seed=0,4,False,1,0,7000.0000000000,0.0000000000,1,0,0.0002877586,0.0000000000,True,True,1,1,0,0.0000000000,0.0000000000,0.0000000000,0.1434608541,0.0000000000,0.0000000000,0.0000000000,0.0000000000,0.0000000000,1.0000000000,0.0374607447,0.2626738448,0.0000000000
100000003006633100,peripheral,0.7238591720,38,0.0962674613,in_deg=1; out_deg=0; in=10000; out=0 KZT; tx=1/0; role_score=0.724; depth=3; truncated=0; is_seed=0,3,False,1,0,10000.0000000000,0.0000000000,1,0,0.0002915891,0.0000000000,False,True,1,1,0,0.0000000000,0.0000000000,0.0000000000,0.2613434164,0.0000000000,0.0000000000,0.0000000000,0.2761408280,0.0000000000,0.7238591720,0.0706594886,0.2626738448,0.0000000000
100000003009900100,peripheral,0.6943940768,18,0.1094198332,in_deg=1; out_deg=0; in=15998; out=0 KZT; tx=1/0; role_score=0.694; depth=3; truncated=0; is_seed=0,3,False,1,0,15998.0000000000,0.0000000000,1,0,0.0002899564,0.0000000000,False,True,1,1,0,0.0000000000,0.0000000000,0.0000000000,0.2204181495,0.0000000000,0.0000000000,0.0000000000,0.3056059232,0.0000000000,0.6943940768,0.1478241364,0.2626738448,0.0000000000
100000003010908100,peripheral,1.0000000000,18,0.1848990190,in_deg=1; out_deg=0; in=17000; out=0 KZT; tx=1/0; role_score=1.000; depth=4; truncated=1; is_seed=0,4,False,1,0,17000.0000000000,0.0000000000,1,0,0.0003971226,0.0000000000,True,True,1,1,0,0.0000000000,0.0000000000,0.0000000000,0.7052935943,0.0000000000,0.0000000000,0.0000000000,0.0000000000,0.0000000000,1.0000000000,0.1588156124,0.2626738448,0.0000000000
100000003014659100,terminal,0.5251586582,11,0.3158486273,in_deg=1; out_deg=0; in=280000; out=0 KZT; tx=1/0; out/in=0; prev_day=0.000; depth=1; truncated=0; is_seed=0,1,False,1,0,280000.0000000000,0.0000000000,1,0,0.0003262677,0.0000000000,False,True,1,1,0,0.0000000000,0.0000000000,0.0000000000,0.5696174377,0.0000000000,0.0000000000,0.0000000000,0.5251586582,0.0000000000,0.4748413418,0.7640197398,0.2626738448,0.0000000000
100000003016438100,peripheral,0.5265661853,42,0.5703194197,in_deg=1; out_deg=1; in=200000; out=300000 KZT; tx=1/3; role_score=0.527; depth=3; truncated=0; is_seed=0,3,False,1,1,200000.0000000000,300000.0000000000,1,3,0.0003151715,1.5000000000,False,True,3,10,0,0.0000000000,0.0000213999,0.4524207012,0.5224644128,0.0000000000,0.3973503042,0.0000000000,0.0000000000,0.4734338147,0.5265661853,0.8629430238,0.7857783760,0.0000000000
100000003016635100,coordinator,0.9871038400,16,0.9586739270,in_deg=8; out_deg=73; in=586981; out=9.41408e+06 KZT; tx=36/151; bet_pct=0.997; pr_pct=0.963; depth=0; truncated=0; is_seed=1,0,True,8,73,586981.0000000000,9414081.0000000000,36,151,0.0011829715,16.0381358170,False,True,21,21,99,0.6556291391,0.0072154691,0.9974958264,0.9628558719,0.5375533058,0.9447722347,0.9471928701,0.0000000000,0.9871038400,0.0128961600,0.9984297891,0.9997756842,0.6554820711
100000003016773100,peripheral,0.6008612874,42,0.2158429196,in_deg=1; out_deg=0; in=46555; out=0 KZT; tx=1/0; role_score=0.601; depth=2; truncated=0; is_seed=0,2,False,1,0,46555.0000000000,0.0000000000,1,0,0.0003130701,0.0000000000,False,True,1,1,0,0.0000000000,0.0000000000,0.0000000000,0.5126779359,0.0000000000,0.0000000000,0.0000000000,0.3991387126,0.0000000000,0.6008612874,0.3981606101,0.2626738448,0.0000000000
100000003022835100,peripheral,0.5249320036,2,0.2653273475,in_deg=1; out_deg=0; in=125000; out=0 KZT; tx=1/0; role_score=0.525; depth=1; truncated=0; is_seed=0,1,False,1,0,125000.0000000000,0.0000000000,1,0,0.0003088643,0.0000000000,False,True,1,1,0,0.0000000000,0.0000000000,0.0000000000,0.4773131673,0.0000000000,0.0000000000,0.0000000000,0.4750679964,0.0000000000,0.5249320036,0.6173171826,0.2626738448,0.0000000000
100000003024542100,peripheral,0.7335297673,2,0.1307164466,in_deg=1; out_deg=0; in=8500; out=0 KZT; tx=1/0; role_score=0.734; depth=2; truncated=0; is_seed=0,2,False,1,0,8500.0000000000,0.0000000000,1,0,0.0003161851,0.0000000000,False,True,1,1,0,0.0000000000,0.0000000000,0.0000000000,0.5291370107,0.0000000000,0.0000000000,0.0000000000,0.2664702327,0.0000000000,0.7335297673,0.0477792732,0.2626738448,0.0000000000
100000003025903100,peripheral,1.0000000000,10,0.4498543294,in_deg=1; out_deg=0; in=386300; out=0 KZT; tx=6/0; role_score=1.000; depth=4; truncated=1; is_seed=0,4,False,1,0,386300.0000000000,0.0000000000,6,0,0.0005232823,0.0000000000,True,True,6,25,0,0.0000000000,0.0000000000,0.0000000000,0.7893683274,0.0000000000,0.0000000000,0.0000000000,0.0000000000,0.0000000000,1.0000000000,0.8171825931,0.8476895469,0.0000000000
100000003031003100,consolidator,0.8761710487,24,0.3725639330,in_deg=3; out_deg=0; in=280090; out=0 KZT; tx=3/0; role_score=0.876; depth=3; truncated=0; is_seed=0,3,False,3,0,280090.0000000000,0.0000000000,3,0,0.0003097910,0.0000000000,False,True,2,12,0,0.0000000000,0.0000000000,0.0000000000,0.4842081851,0.8761710487,0.0000000000,0.0000000000,0.8761710487,0.0000000000,0.1238289513,0.7651413190,0.7243158367,0.0000000000
100000003031633100,terminal,0.6792837715,4,0.3749400644,in_deg=1; out_deg=0; in=414000; out=0 KZT; tx=2/0; out/in=0; prev_day=0.000; depth=3; truncated=0; is_seed=0,3,False,1,0,414000.0000000000,0.0000000000,2,0,0.0003130593,0.0000000000,False,True,1,1,0,0.0000000000,0.0000000000,0.0000000000,0.5117882562,0.0000000000,0.0000000000,0.0000000000,0.6792837715,0.0000000000,0.3207162285,0.8292956483,0.6056527591,0.0000000000
100000003031761100,terminal,0.5484285283,8,0.3309396249,in_deg=1; out_deg=0; in=460408; out=0 KZT; tx=1/0; out/in=0; prev_day=0.000; depth=3; truncated=0; is_seed=0,3,False,1,0,460408.0000000000,0.0000000000,1,0,0.0003165994,0.0000000000,False,True,1,1,0,0.0000000000,0.0000000000,0.0000000000,0.5300266904,0.0000000000,0.0000000000,0.0000000000,0.5484285283,0.0000000000,0.4515714717,0.8481381786,0.2626738448,0.0000000000
100000003031890100,terminal,0.7240858265,34,0.4193126406,in_deg=1; out_deg=0; in=215000; out=0 KZT; tx=10/0; out/in=0; prev_day=0.000; depth=2; truncated=0; is_seed=0,2,False,1,0,215000.0000000000,0.0000000000,10,0,0.0003897887,0.0000000000,False,True,10,26,0,0.0000000000,0.0000000000,0.0000000000,0.6937277580,0.0000000000,0.0000000000,0.0000000000,0.7240858265,0.0000000000,0.2759141735,0.7184836249,0.9042171377,0.0000000000
100000003034546100,terminal,0.6863100635,4,0.3915208464,in_deg=1; out_deg=0; in=486715; out=0 KZT; tx=2/0; out/in=0; prev_day=0.000; depth=2; truncated=0; is_seed=0,2,False,1,0,486715.0000000000,0.0000000000,2,0,0.0003295310,0.0000000000,False,True,2,2,0,0.0000000000,0.0000000000,0.0000000000,0.5789590747,0.0000000000,0.0000000000,0.0000000000,0.6863100635,0.0000000000,0.3136899365,0.8553162853,0.6056527591,0.0000000000
100000003035737100,terminal,0.8817495565,10,0.6254648732,in_deg=2; out_deg=1; in=809170; out=6544.53 KZT; tx=3/1; out/in=0.00809; prev_day=1.000; depth=3; truncated=0; is_seed=0,3,False,2,1,809170.0000000000,6544.5300000000,3,1,0.0003765512,0.0080879543,False,True,4,10,1,1.0000000000,0.0000192202,0.2863105175,0.6768238434,0.7407827138,0.1130561395,0.0000000000,0.8817495565,0.4034645153,0.1182504435,0.9091520861,0.7857783760,0.7857783760
100000003036198100,peripheral,0.7004381989,2,0.0835279682,in_deg=1; out_deg=0; in=15000; out=0 KZT; tx=1/0; role_score=0.700; depth=2; truncated=0; is_seed=0,2,False,1,0,15000.0000000000,0.0000000000,1,0,0.0002863861,0.0000000000,False,True,1,1,0,0.0000000000,0.0000000000,0.0000000000,0.0758451957,0.0000000000,0.0000000000,0.0000000000,0.2995618011,0.0000000000,0.7004381989,0.1310004486,0.2626738448,0.0000000000
100000003037476100,consolidator,0.9068449683,4,0.4241867803,in_deg=3; out_deg=0; in=555000; out=0 KZT; tx=3/0; role_score=0.907; depth=4; truncated=1; is_seed=0,4,False,3,0,555000.0000000000,0.0000000000,3,0,0.0003573246,0.0000000000,True,True,2,6,0,0.0000000000,0.0000000000,0.0000000000,0.6447953737,0.9068449683,0.0000000000,0.0000000000,0.0000000000,0.0000000000,0.0931550317,0.8752803948,0.7243158367,0.0000000000
100000003037660100,peripheral,0.5838621940,2,0.1988016815,in_deg=1; out_deg=0; in=53000; out=0 KZT; tx=1/0; role_score=0.584; depth=1; truncated=0; is_seed=0,1,False,1,0,53000.0000000000,0.0000000000,1,0,0.0002945639,0.0000000000,False,True,1,1,0,0.0000000000,0.0000000000,0.0000000000,0.3231761566,0.0000000000,0.0000000000,0.0000000000,0.4161378060,0.0000000000,0.5838621940,0.4436967250,0.2626738448,0.0000000000
100000003039473100,peripheral,0.6630401934,16,0.1696090608,in_deg=1; out_deg=0; in=23000; out=0 KZT; tx=1/0; role_score=0.663; depth=2; truncated=0; is_seed=0,2,False,1,0,23000.0000000000,0.0000000000,1,0,0.0003104262,0.0000000000,False,True,1,1,0,0.0000000000,0.0000000000,0.0000000000,0.4882117438,0.0000000000,0.0000000000,0.0000000000,0.3369598066,0.0000000000,0.6630401934,0.2279048901,0.2626738448,0.0000000000
100000003040087100,peripheral,1.0000000000,18,0.1613458960,in_deg=1; out_deg=0; in=29000; out=0 KZT; tx=1/0; role_score=1.000; depth=4; truncated=1; is_seed=0,4,False,1,0,29000.0000000000,0.0000000000,1,0,0.0002948104,0.0000000000,True,True,1,1,0,0.0000000000,0.0000000000,0.0000000000,0.3280693950,0.0000000000,0.0000000000,0.0000000000,0.0000000000,0.0000000000,1.0000000000,0.2909376402,0.2626738448,0.0000000000
100000003042994100,terminal,0.6988516168,16,0.3785749588,in_deg=1; out_deg=0; in=286086; out=0 KZT; tx=3/0; out/in=0; prev_day=0.000; depth=1; truncated=0; is_seed=0,1,False,1,0,286086.0000000000,0.0000000000,3,0,0.0003145944,0.0000000000,False,True,3,21,0,0.0000000000,0.0000000000,0.0000000000,0.5197953737,0.0000000000,0.0000000000,0.0000000000,0.6988516168,0.0000000000,0.3011483832,0.7678331090,0.7243158367,0.0000000000
100000003044431100,consolidator,0.7120731339,2,0.2701549526,in_deg=2; out_deg=0; in=60000; out=0 KZT; tx=2/0; role_score=0.712; depth=2; truncated=0; is_seed=0,2,False,2,0,60000.0000000000,0.0000000000,2,0,0.0003008120,0.0000000000,False,True,2,4,0,0.0000000000,0.0000000000,0.0000000000,0.4121441281,0.7120731339,0.0000000000,0.0000000000,0.7120731339,0.0000000000,0.2879268661,0.4699416779,0.6056527591,0.0000000000
100000003044518100,peripheral,0.6241311574,1,0.1325204129,in_deg=1; out_deg=0; in=34423; out=0 KZT; tx=1/0; role_score=0.624; depth=1; truncated=0; is_seed=0,1,False,1,0,34423.0000000000,0.0000000000,1,0,0.0002859983,0.0000000000,False,True,1,1,0,0.0000000000,0.0000000000,0.0000000000,0.0656138790,0.0000000000,0.0000000000,0.0000000000,0.3758688426,0.0000000000,0.6241311574,0.3331090175,0.2626738448,0.0000000000
100000003047800100,peripheral,1.0000000000,24,0.1647000165,in_deg=1; out_deg=0; in=12212; out=0 KZT; tx=1/0; role_score=1.000; depth=4; truncated=1; is_seed=0,4,False,1,0,12212.0000000000,0.0000000000,1,0,0.0003724515,0.0000000000,True,True,1,1,0,0.0000000000,0.0000000000,0.0000000000,0.6697064057,0.0000000000,0.0000000000,0.0000000000,0.0000000000,0.0000000000,1.0000000000,0.0993719157,0.2626738448,0.0000000000
100000003050771100,terminal,0.5132215171,12,0.3212114322,in_deg=1; out_deg=0; in=229000; out=0 KZT; tx=1/0; out/in=0; prev_day=0.000; depth=3; truncated=0; is_seed=0,3,False,1,0,229000.0000000000,0.0000000000,1,0,0.0003681764,0.0000000000,False,True,1,1,0,0.0000000000,0.0000000000,0.0000000000,0.6648131673,0.0000000000,0.0000000000,0.0000000000,0.5132215171,0.0000000000,0.4867784829,0.7283535218,0.2626738448,0.0000000000
100000003054328100,peripheral,0.5561159142,24,0.4193522573,in_deg=1; out_deg=2; in=140000; out=193720 KZT; tx=1/2; role_score=0.556; depth=2; truncated=0; is_seed=0,2,False,1,2,140000.0000000000,193720.0000000000,1,2,0.0003340484,1.3837142857,False,True,2,23,0,0.0000000000,0.0000007926,0.0684474124,0.5923042705,0.0000000000,0.4001489814,0.4438840858,0.0000000000,0.2256044698,0.5561159142,0.7916105877,0.7243158367,0.0000000000
100000003057225100,terminal,0.5157902690,16,0.2954055417,in_deg=1; out_deg=0; in=236000; out=0 KZT; tx=1/0; out/in=0; prev_day=0.000; depth=1; truncated=0; is_seed=0,1,False,1,0,236000.0000000000,0.0000000000,1,0,0.0003092446,0.0000000000,False,True,1,1,0,0.0000000000,0.0000000000,0.0000000000,0.4793149466,0.0000000000,0.0000000000,0.0000000000,0.5157902690,0.0000000000,0.4842097310,0.7364288919,0.2626738448,0.0000000000
100000003060187100,peripheral,0.5460108794,43,0.2386410122,in_deg=1; out_deg=0; in=93046; out=0 KZT; tx=1/0; role_score=0.546; depth=3; truncated=0; is_seed=0,3,False,1,0,93046.0000000000,0.0000000000,1,0,0.0002998366,0.0000000000,False,True,1,1,0,0.0000000000,0.0000000000,0.0000000000,0.4014679715,0.0000000000,0.0000000000,0.0000000000,0.4539891206,0.0000000000,0.5460108794,0.5560789592,0.2626738448,0.0000000000
100000003060517100,terminal,0.5313538833,28,0.3332535306,in_deg=1; out_deg=0; in=315955; out=0 KZT; tx=1/0; out/in=0; prev_day=0.000; depth=3; truncated=0; is_seed=0,3,False,1,0,315955.0000000000,0.0000000000,1,0,0.0003598222,0.0000000000,False,True,1,1,0,0.0000000000,0.0000000000,0.0000000000,0.6501334520,0.0000000000,0.0000000000,0.0000000000,0.5313538833,0.0000000000,0.4686461167,0.7853297443,0.2626738448,0.0000000000
100000003061115100,peripheral,1.0000000000,0,0.2594085675,in_deg=1; out_deg=0; in=45000; out=0 KZT; tx=1/0; role_score=1.000; depth=4; truncated=1; is_seed=0,4,False,1,0,45000.0000000000,0.0000000000,1,0,0.0005307335,0.0000000000,True,True,1,1,0,0.0000000000,0.0000000000,0.0000000000,0.8169483986,0.0000000000,0.0000000000,0.0000000000,0.0000000000,0.0000000000,1.0000000000,0.3898609242,0.2626738448,0.0000000000
100000003062895100,consolidator,0.8200362647,42,0.3949847000,in_deg=2; out_deg=0; in=328444; out=0 KZT; tx=2/0; role_score=0.820; depth=2; truncated=0; is_seed=0,2,False,2,0,328444.0000000000,0.0000000000,2,0,0.0004053089,0.0000000000,False,True,2,10,0,0.0000000000,0.0000000000,0.0000000000,0.7119661922,0.8200362647,0.0000000000,0.0000000000,0.8200362647,0.0000000000,0.1799637353,0.7893674293,0.6056527591,0.0000000000
100000003066385100,consolidator,0.6129495316,0,0.1733829253,in_deg=2; out_deg=0; in=20000; out=0 KZT; tx=2/0; role_score=0.613; depth=1; truncated=0; is_seed=0,1,False,2,0,20000.0000000000,0.0000000000,2,0,0.0002899630,0.0000000000,False,True,2,2,0,0.0000000000,0.0000000000,0.0000000000,0.2208629893,0.6129495316,0.0000000000,0.0000000000,0.6129495316,0.0000000000,0.3870504684,0.1976222521,0.6056527591,0.0000000000
100000003068941100,consolidator,0.7044424297,0,0.4997059822,in_deg=3; out_deg=1; in=94000; out=25000 KZT; tx=3/2; role_score=0.704; depth=2; truncated=0; is_seed=0,2,False,3,1,94000.0000000000,25000.0000000000,3,2,0.0003184024,0.2659574468,False,True,4,13,0,0.0000000000,0.0000198147,0.4065108514,0.5420373665,0.7044424297,0.2080296922,0.0000000000,0.5909608225,0.4471688060,0.2955575703,0.6108120233,0.8227904890,0.0000000000
100000003069463100,peripheral,0.7018935399,14,0.3131963435,in_deg=1; out_deg=1; in=11500; out=17920 KZT; tx=1/1; role_score=0.702; depth=3; truncated=0; is_seed=0,3,False,1,1,11500.0000000000,17920.0000000000,1,1,0.0002868955,1.5582608696,False,True,2,10,0,0.0000000000,0.0000196165,0.3823038397,0.1016459075,0.0000000000,0.1553139634,0.0000000000,0.0000000000,0.2981064601,0.7018935399,0.2931807986,0.6056527591,0.0000000000
100000003071649100,terminal,0.5011332729,4,0.2589275857,in_deg=1; out_deg=0; in=189500; out=0 KZT; tx=1/0; out/in=0; prev_day=0.000; depth=3; truncated=0; is_seed=0,3,False,1,0,189500.0000000000,0.0000000000,1,0,0.0002937345,0.0000000000,False,True,1,1,0,0.0000000000,0.0000000000,0.0000000000,0.3071619217,0.0000000000,0.0000000000,0.0000000000,0.5011332729,0.0000000000,0.4988667271,0.6938088829,0.2626738448,0.0000000000
100000003071930100,terminal,0.9063226676,4,0.7264509484,in_deg=3; out_deg=1; in=477610; out=5000 KZT; tx=4/1; out/in=0.0105; prev_day=1.000; depth=1; truncated=0; is_seed=0,1,False,3,1,477610.0000000000,5000.0000000000,4,1,0.0003464947,0.0104687925,False,True,5,9,1,1.0000000000,0.0000427997,0.6110183639,0.6234430605,0.8014222575,0.1044699185,0.0000000000,0.9063226676,0.6147457729,0.0936773324,0.8535217586,0.8227904890,0.8227904890
100000003072205100,consolidator,0.7790873376,4,0.3375630389,in_deg=2; out_deg=0; in=163000; out=0 KZT; tx=2/0; role_score=0.779; depth=4; truncated=1; is_seed=0,4,False,2,0,163000.0000000000,0.0000000000,2,0,0.0003172268,0.0000000000,True,True,1,1,0,0.0000000000,0.0000000000,0.0000000000,0.5340302491,0.7790873376,0.0000000000,0.0000000000,0.0000000000,0.0000000000,0.2209126624,0.6664423508,0.6056527591,0.0000000000
100000003072676100,peripheral,0.6288153521,28,0.1582453582,in_deg=1; out_deg=0; in=31545; out=0 KZT; tx=1/0; role_score=0.629; depth=3; truncated=0; is_seed=0,3,False,1,0,31545.0000000000,0.0000000000,1,0,0.0002916037,0.0000000000,False,True,1,1,0,0.0000000000,0.0000000000,0.0000000000,0.2617882562,0.0000000000,0.0000000000,0.0000000000,0.3711846479,0.0000000000,0.6288153521,0.3183041723,0.2626738448,0.0000000000
100000003073398100,peripheral,0.5461619825,1,0.2411524615,in_deg=1; out_deg=0; in=92960; out=0 KZT; tx=1/0; role_score=0.546; depth=2; truncated=0; is_seed=0,2,False,1,0,92960.0000000000,0.0000000000,1,0,0.0003015375,0.0000000000,False,True,1,1,0,0.0000000000,0.0000000000,0.0000000000,0.4197064057,0.0000000000,0.0000000000,0.0000000000,0.4538380175,0.0000000000,0.5461619825,0.5551816958,0.2626738448,0.0000000000
100000003073635100,peripheral,0.5233454216,8,0.2676031404,in_deg=1; out_deg=0; in=129231; out=0 KZT; tx=1/0; role_score=0.523; depth=3; truncated=0; is_seed=0,3,False,1,0,129231.0000000000,0.0000000000,1,0,0.0003101233,0.0000000000,False,True,1,1,0,0.0000000000,0.0000000000,0.0000000000,0.4868772242,0.0000000000,0.0000000000,0.0000000000,0.4766545784,0.0000000000,0.5233454216,0.6206819201,0.2626738448,0.0000000000
100000003074515100,peripheral,1.0000000000,4,0.2415997760,in_deg=1; out_deg=0; in=105000; out=0 KZT; tx=1/0; role_score=1.000; depth=4; truncated=1; is_seed=0,4,False,1,0,105000.0000000000,0.0000000000,1,0,0.0002977553,0.0000000000,True,True,1,1,0,0.0000000000,0.0000000000,0.0000000000,0.3681049822,0.0000000000,0.0000000000,0.0000000000,0.0000000000,0.0000000000,1.0000000000,0.5879318080,0.2626738448,0.0000000000
100000003078839100,peripheral,1.0000000000,8,0.1968439370,in_deg=1; out_deg=0; in=14000; out=0 KZT; tx=2/0; role_score=1.000; depth=4; truncated=1; is_seed=0,4,False,1,0,14000.0000000000,0.0000000000,2,0,0.0003130645,0.0000000000,True,True,2,5,0,0.0000000000,0.0000000000,0.0000000000,0.5122330961,0.0000000000,0.0000000000,0.0000000000,0.0000000000,0.0000000000,1.0000000000,0.1166442351,0.6056527591,0.0000000000
100000003083865100,peripheral,1.0000000000,18,0.1033122209,in_deg=1; out_deg=0; in=15000; out=0 KZT; tx=1/0; role_score=1.000; depth=4; truncated=1; is_seed=0,4,False,1,0,15000.0000000000,0.0000000000,1,0,0.0002896096,0.0000000000,True,True,1,1,0,0.0000000000,0.0000000000,0.0000000000,0.2077402135,0.0000000000,0.0000000000,0.0000000000,0.0000000000,0.0000000000,1.0000000000,0.1310004486,0.2626738448,0.0000000000
100000003084870100,peripheral,1.0000000000,24,0.1397357593,in_deg=1; out_deg=0; in=6500; out=0 KZT; tx=1/0; role_score=1.000; depth=4; truncated=1; is_seed=0,4,False,1,0,6500.0000000000,0.0000000000,1,0,0.0003432499,0.0000000000,True,True,1,1,0,0.0000000000,0.0000000000,0.0000000000,0.6154359431,0.0000000000,0.0000000000,0.0000000000,0.0000000000,0.0000000000,1.0000000000,0.0320771646,0.2626738448,0.0000000000
100000003086040100,peripheral,0.7175883953,0,0.1878496304,in_deg=1; out_deg=0; in=10500; out=0 KZT; tx=1/0; role_score=0.718; depth=2; truncated=0; is_seed=0,2,False,1,0,10500.0000000000,0.0000000000,1,0,0.0005454702,0.0000000000,False,True,1,1,0,0.0000000000,0.0000000000,0.0000000000,0.8449733096,0.0000000000,0.0000000000,0.0000000000,0.2824116047,0.0000000000,0.7175883953,0.0868102288,0.2626738448,0.0000000000
100000003087877100,peripheral,0.5470686008,8,0.2128123708,in_deg=1; out_deg=0; in=91486; out=0 KZT; tx=1/0; role_score=0.547; depth=3; truncated=0; is_seed=0,3,False,1,0,91486.0000000000,0.0000000000,1,0,0.0002905076,0.0000000000,False,True,1,1,0,0.0000000000,0.0000000000,0.0000000000,0.2337633452,0.0000000000,0.0000000000,0.0000000000,0.4529313992,0.0000000000,0.5470686008,0.5533871691,0.2626738448,0.0000000000
100000003089018100,terminal,0.5136748262,4,0.2895968092,in_deg=1; out_deg=0; in=230000; out=0 KZT; tx=1/0; out/in=0; prev_day=0.000; depth=2; truncated=0; is_seed=0,2,False,1,0,230000.0000000000,0.0000000000,1,0,0.0003055356,0.0000000000,False,True,1,1,0,0.0000000000,0.0000000000,0.0000000000,0.4521797153,0.0000000000,0.0000000000,0.0000000000,0.5136748262,0.0000000000,0.4863251738,0.7294751009,0.2626738448,0.0000000000
100000003089553100,peripheral,0.5135237232,42,0.2689491053,in_deg=1; out_deg=0; in=150000; out=0 KZT; tx=1/0; role_score=0.514; depth=3; truncated=0; is_seed=0,3,False,1,0,150000.0000000000,0.0000000000,1,0,0.0003054180,0.0000000000,False,True,1,1,0,0.0000000000,0.0000000000,0.0000000000,0.4517348754,0.0000000000,0.0000000000,0.0000000000,0.4864762768,0.0000000000,0.5135237232,0.6471511889,0.2626738448,0.0000000000
100000003091142100,peripheral,1.0000000000,0,0.2377701020,in_deg=1; out_deg=0; in=40000; out=0 KZT; tx=1/0; role_score=1.000; depth=4; truncated=1; is_seed=0,4,False,1,0,40000.0000000000,0.0000000000,1,0,0.0004075025,0.0000000000,True,True,1,1,0,0.0000000000,0.0000000000,0.0000000000,0.7141903915,0.0000000000,0.0000000000,0.0000000000,0.0000000000,0.0000000000,1.0000000000,0.3649618663,0.2626738448,0.0000000000
100000003093299100,peripheral,0.7004381989,0,0.0768553704,in_deg=1; out_deg=0; in=15000; out=0 KZT; tx=1/0; role_score=0.700; depth=3; truncated=0; is_seed=0,3,False,1,0,15000.0000000000,0.0000000000,1,0,0.0002848762,0.0000000000,False,True,1,1,0,0.0000000000,0.0000000000,0.0000000000,0.0313612100,0.0000000000,0.0000000000,0.0000000000,0.2995618011,0.0000000000,0.7004381989,0.1310004486,0.2626738448,0.0000000000
100000003095610100,peripheral,0.6596403747,18,0.1416785859,in_deg=1; out_deg=0; in=23665; out=0 KZT; tx=1/0; role_score=0.660; depth=3; truncated=0; is_seed=0,3,False,1,0,23665.0000000000,0.0000000000,1,0,0.0002927932,0.0000000000,False,True,1,1,0,0.0000000000,0.0000000000,0.0000000000,0.2889234875,0.0000000000,0.0000000000,0.0000000000,0.3403596253,0.0000000000,0.6596403747,0.2357559444,0.2626738448,0.0000000000
100000003096787100,peripheral,1.0000000000,18,0.1115799309,in_deg=1; out_deg=0; in=16400; out=0 KZT; tx=1/0; role_score=1.000; depth=4; truncated=1; is_seed=0,4,False,1,0,16400.0000000000,0.0000000000,1,0,0.0002901297,0.0000000000,True,True,1,1,0,0.0000000000,0.0000000000,0.0000000000,0.2239768683,0.0000000000,0.0000000000,0.0000000000,0.0000000000,0.0000000000,1.0000000000,0.1543292956,0.2626738448,0.0000000000
100000003097324100,consolidator,0.8150498640,35,0.3684362223,in_deg=2; out_deg=0; in=294000; out=0 KZT; tx=2/0; role_score=0.815; depth=3; truncated=0; is_seed=0,3,False,2,0,294000.0000000000,0.0000000000,2,0,0.0003242299,0.0000000000,False,True,1,1,0,0.0000000000,0.0000000000,0.0000000000,0.5633896797,0.8150498640,0.0000000000,0.0000000000,0.8150498640,0.0000000000,0.1849501360,0.7723194258,0.6056527591,0.0000000000
100000003097947100,peripheral,1.0000000000,8,0.2312170162,in_deg=1; out_deg=0; in=52980; out=0 KZT; tx=1/0; role_score=1.000; depth=4; truncated=1; is_seed=0,4,False,1,0,52980.0000000000,0.0000000000,1,0,0.0003183174,0.0000000000,True,True,1,1,0,0.0000000000,0.0000000000,0.0000000000,0.5411476868,0.0000000000,0.0000000000,0.0000000000,0.0000000000,0.0000000000,1.0000000000,0.4425751458,0.2626738448,0.0000000000
100000003102157100,terminal,0.5926261710,0,0.2963587044,in_deg=1; out_deg=0; in=96746; out=0 KZT; tx=2/0; out/in=0; prev_day=0.000; depth=1; truncated=0; is_seed=0,1,False,1,0,96746.0000000000,0.0000000000,2,0,0.0003020502,0.0000000000,False,True,1,1,0,0.0000000000,0.0000000000,0.0000000000,0.4268238434,0.0000000000,0.0000000000,0.0000000000,0.5926261710,0.0000000000,0.4073738290,0.5659488560,0.6056527591,0.0000000000
100000003104347100,terminal,0.5019784378,29,0.4999431692,in_deg=1; out_deg=1; in=418000; out=32000 KZT; tx=1/1; out/in=0.0766; prev_day=0.000; depth=2; truncated=0; is_seed=0,2,False,1,1,418000.0000000000,32000.0000000000,1,1,0.0003622526,0.0765550239,False,True,2,22,0,0.0000000000,0.0000192202,0.2863105175,0.6550266904,0.0000000000,0.1521792512,0.0000000000,0.5019784378,0.3969253694,0.4980215622,0.8425302826,0.6056527591,0.0000000000
100000003105089100,peripheral,1.0000000000,32,0.1126486891,in_deg=1; out_deg=0; in=10000; out=0 KZT; tx=1/0; role_score=1.000; depth=4; truncated=1; is_seed=0,4,False,1,0,10000.0000000000,0.0000000000,1,0,0.0002977947,0.0000000000,True,True,1,1,0,0.0000000000,0.0000000000,0.0000000000,0.3705516014,0.0000000000,0.0000000000,0.0000000000,0.0000000000,0.0000000000,1.0000000000,0.0706594886,0.2626738448,0.0000000000
100000003105929100,peripheral,0.5670492645,10,0.4847609585,in_deg=1; out_deg=1; in=429567; out=156354 KZT; tx=2/1; role_score=0.567; depth=3; truncated=0; is_seed=0,3,False,1,1,429567.0000000000,156354.0000000000,2,1,0.0002978439,0.3639804734,False,True,2,5,0,0.0000000000,0.0000192202,0.2863105175,0.3712188612,0.0000000000,0.2441511293,0.0000000000,0.4329507355,0.3117830206,0.5670492645,0.8808882907,0.7243158367,0.0000000000
100000003109805100,peripheral,0.6188425506,28,0.1588630250,in_deg=1; out_deg=0; in=36929; out=0 KZT; tx=1/0; role_score=0.619; depth=3; truncated=0; is_seed=0,3,False,1,0,36929.0000000000,0.0000000000,1,0,0.0002898075,0.0000000000,False,True,1,1,0,0.0000000000,0.0000000000,0.0000000000,0.2173042705,0.0000000000,0.0000000000,0.0000000000,0.3811574494,0.0000000000,0.6188425506,0.3474652310,0.2626738448,0.0000000000
100000003111305100,consolidator,0.9312481112,46,0.4405365808,in_deg=4; out_deg=0; in=509338; out=0 KZT; tx=4/0; role_score=0.931; depth=3; truncated=0; is_seed=0,3,False,4,0,509338.0000000000,0.0000000000,4,0,0.0004013706,0.0000000000,False,True,3,10,0,0.0000000000,0.0000000000,0.0000000000,0.7084074733,0.9312481112,0.0000000000,0.0000000000,0.9312481112,0.0000000000,0.0687518888,0.8656348138,0.7857783760,0.0000000000
100000003112436100,peripheral,0.5390601390,16,0.2445662033,in_deg=1; out_deg=0; in=100000; out=0 KZT; tx=1/0; role_score=0.539; depth=2; truncated=0; is_seed=0,2,False,1,0,100000.0000000000,0.0000000000,1,0,0.0003004875,0.0000000000,False,True,1,1,0,0.0000000000,0.0000000000,0.0000000000,0.4076957295,0.0000000000,0.0000000000,0.0000000000,0.4609398610,0.0000000000,0.5390601390,0.5760430686,0.2626738448,0.0000000000
100000003112578100,peripheral,0.5358869749,24,0.2123198339,in_deg=1; out_deg=0; in=101080; out=0 KZT; tx=1/0; role_score=0.536; depth=3; truncated=0; is_seed=0,3,False,1,0,101080.0000000000,0.0000000000,1,0,0.0002888174,0.0000000000,False,True,1,1,0,0.0000000000,0.0000000000,0.0000000000,0.1803825623,0.0000000000,0.0000000000,0.0000000000,0.4641130251,0.0000000000,0.5358869749,0.5834454913,0.2626738448,0.0000000000
100000003115284100,consolidator,0.8925883953,11,0.8574520795,in_deg=8; out_deg=2; in=2.1605e+06; out=517000 KZT; tx=15/4; role_score=0.893; depth=1; truncated=0; is_seed=0,1,False,8,2,2160500.0000000000,517000.0000000000,15,4,0.0015155554,0.2392964592,False,True,6,19,2,0.5000000000,0.0001278047,0.7838063439,0.9739768683,0.8925883953,0.4987030033,0.3938040346,0.7544390587,0.8408575012,0.1074116047,0.9809331539,0.9589502019,0.4794751009
100000003116106100,terminal,0.6869144757,10,0.3658157383,in_deg=1; out_deg=0; in=494050; out=0 KZT; tx=2/0; out/in=0; prev_day=0.000; depth=3; truncated=0; is_seed=0,3,False,1,0,494050.0000000000,0.0000000000,2,0,0.0002999164,0.0000000000,False,True,2,2,0,0.0000000000,0.0000000000,0.0000000000,0.4023576512,0.0000000000,0.0000000000,0.0000000000,0.6869144757,0.0000000000,0.3130855243,0.8584567070,0.6056527591,0.0000000000
100000003119550100,peripheral,0.6681021457,22,0.1184699445,in_deg=1; out_deg=0; in=21000; out=0 KZT; tx=1/0; role_score=0.668; depth=1; truncated=0; is_seed=0,1,False,1,0,21000.0000000000,0.0000000000,1,0,0.0002884118,0.0000000000,False,True,1,1,0,0.0000000000,0.0000000000,0.0000000000,0.1685943060,0.0000000000,0.0000000000,0.0000000000,0.3318978543,0.0000000000,0.6681021457,0.2151188874,0.2626738448,0.0000000000
100000003122817100,terminal,0.5461619825,14,0.3542951044,in_deg=1; out_deg=0; in=444680; out=0 KZT; tx=1/0; out/in=0; prev_day=0.000; depth=3; truncated=0; is_seed=0,3,False,1,0,444680.0000000000,0.0000000000,1,0,0.0003945578,0.0000000000,False,True,1,1,0,0.0000000000,0.0000000000,0.0000000000,0.7021797153,0.0000000000,0.0000000000,0.0000000000,0.5461619825,0.0000000000,0.4538380175,0.8382682817,0.2626738448,0.0000000000
100000003123296100,terminal,0.5840132971,7,0.2819528979,in_deg=1; out_deg=0; in=86200; out=0 KZT; tx=2/0; out/in=0; prev_day=0.000; depth=1; truncated=0; is_seed=0,1,False,1,0,86200.0000000000,0.0000000000,2,0,0.0002982493,0.0000000000,False,True,1,1,0,0.0000000000,0.0000000000,0.0000000000,0.3778914591,0.0000000000,0.0000000000,0.0000000000,0.5840132971,0.0000000000,0.4159867029,0.5376850606,0.6056527591,0.0000000000
100000003125997100,peripheral,1.0000000000,42,0.3011745598,in_deg=1; out_deg=0; in=87750; out=0 KZT; tx=1/0; role_score=1.000; depth=4; truncated=1; is_seed=0,4,False,1,0,87750.0000000000,0.0000000000,1,0,0.0005453170,0.0000000000,True,True,1,1,0,0.0000000000,0.0000000000,0.0000000000,0.8445284698,0.0000000000,0.0000000000,0.0000000000,0.0000000000,0.0000000000,1.0000000000,0.5403768506,0.2626738448,0.0000000000
100000003128638100,peripheral,1.0000000000,4,0.3297425786,in_deg=1; out_deg=0; in=300000; out=0 KZT; tx=1/0; role_score=1.000; depth=4; truncated=1; is_seed=0,4,False,1,0,300000.0000000000,0.0000000000,1,0,0.0003561810,0.0000000000,True,True,1,1,0,0.0000000000,0.0000000000,0.0000000000,0.6416814947,0.0000000000,0.0000000000,0.0000000000,0.0000000000,0.0000000000,1.0000000000,0.7763571108,0.2626738448,0.0000000000
100000003131016100,terminal,0.5160275198,8,0.5017772490,in_deg=1; out_deg=1; in=405700; out=126000 KZT; tx=7/4; out/in=0.311; prev_day=0.000; depth=2; truncated=0; is_seed=0,2,False,1,1,405700.0000000000,126000.0000000000,7,4,0.0017197374,0.3105743160,False,True,9,29,0,0.0000000000,0.0000000000,0.0000000000,0.9784252669,0.0000000000,0.3407552783,0.0000000000,0.5160275198,0.0000000000,0.4839724802,0.8714670256,0.9143113504,0.0000000000
100000003131693100,terminal,0.5363402841,2,0.3355591841,in_deg=1; out_deg=0; in=353277; out=0 KZT; tx=1/0; out/in=0; prev_day=0.000; depth=1; truncated=0; is_seed=0,1,False,1,0,353277.0000000000,0.0000000000,1,0,0.0003542037,0.0000000000,False,True,1,1,0,0.0000000000,0.0000000000,0.0000000000,0.6363434164,0.0000000000,0.0000000000,0.0000000000,0.5363402841,0.0000000000,0.4636597159,0.8028263795,0.2626738448,0.0000000000
100000003132484100,peripheral,0.5489573889,4,0.3003774204,in_deg=1; out_deg=0; in=90000; out=0 KZT; tx=1/0; role_score=0.549; depth=3; truncated=0; is_seed=0,3,False,1,0,90000.0000000000,0.0000000000,1,0,0.0005356227,0.0000000000,False,True,1,1,0,0.0000000000,0.0000000000,0.0000000000,0.8276245552,0.0000000000,0.0000000000,0.0000000000,0.4510426111,0.0000000000,0.5489573889,0.5473306415,0.2626738448,0.0000000000
100000003133045100,peripheral,1.0000000000,48,0.2499813752,in_deg=1; out_deg=0; in=68000; out=0 KZT; tx=1/0; role_score=1.000; depth=4; truncated=1; is_seed=0,4,False,1,0,68000.0000000000,0.0000000000,1,0,0.0003312073,0.0000000000,True,True,1,1,0,0.0000000000,0.0000000000,0.0000000000,0.5847419929,0.0000000000,0.0000000000,0.0000000000,0.0000000000,0.0000000000,1.0000000000,0.4914759982,0.2626738448,0.0000000000
100000003134474100,peripheral,0.5284829254,10,0.2124668466,in_deg=1; out_deg=0; in=116000; out=0 KZT; tx=1/0; role_score=0.528; depth=3; truncated=0; is_seed=0,3,False,1,0,116000.0000000000,0.0000000000,1,0,0.0002877656,0.0000000000,False,True,1,1,0,0.0000000000,0.0000000000,0.0000000000,0.1443505338,0.0000000000,0.0000000000,0.0000000000,0.4715170746,0.0000000000,0.5284829254,0.6056527591,0.2626738448,0.0000000000
100000003134550100,peripheral,1.0000000000,42,0.2371596197,in_deg=1; out_deg=0; in=100000; out=0 KZT; tx=1/0; role_score=1.000; depth=4; truncated=1; is_seed=0,4,False,1,0,100000.0000000000,0.0000000000,1,0,0.0002972270,0.0000000000,True,True,1,1,0,0.0000000000,0.0000000000,0.0000000000,0.3583185053,0.0000000000,0.0000000000,0.0000000000,0.0000000000,0.0000000000,1.0000000000,0.5760430686,0.2626738448,0.0000000000
100000003134934100,consolidator,0.9168933212,0,0.4298403775,in_deg=4; out_deg=0; in=379354; out=0 KZT; tx=4/0; role_score=0.917; depth=2; truncated=0; is_seed=0,2,False,4,0,379354.0000000000,0.0000000000,4,0,0.0004219187,0.0000000000,False,True,3,23,0,0.0000000000,0.0000000000,0.0000000000,0.7230871886,0.9168933212,0.0000000000,0.0000000000,0.9168933212,0.0000000000,0.0831066788,0.8140421714,0.7857783760,0.0000000000
100000003134937100,peripheral,0.7179661529,16,0.0667178412,in_deg=1; out_deg=0; in=10286; out=0 KZT; tx=1/0; role_score=0.718; depth=1; truncated=0; is_seed=0,1,False,1,0,10286.0000000000,0.0000000000,1,0,0.0002851359,0.0000000000,False,True,1,1,0,0.0000000000,0.0000000000,0.0000000000,0.0389234875,0.0000000000,0.0000000000,0.0000000000,0.2820338471,0.0000000000,0.7179661529,0.0859129655,0.2626738448,0.0000000000
100000003146511100,peripheral,1.0000000000,12,0.1300308065,in_deg=1; out_deg=0; in=10000; out=0 KZT; tx=1/0; role_score=1.000; depth=4; truncated=1; is_seed=0,4,False,1,0,10000.0000000000,0.0000000000,1,0,0.0003101083,0.0000000000,True,True,1,1,0,0.0000000000,0.0000000000,0.0000000000,0.4864323843,0.0000000000,0.0000000000,0.0000000000,0.0000000000,0.0000000000,1.0000000000,0.0706594886,0.2626738448,0.0000000000
100000003147719100,peripheral,0.5390601390,4,0.2122708296,in_deg=1; out_deg=0; in=100000; out=0 KZT; tx=1/0; role_score=0.539; depth=3; truncated=0; is_seed=0,3,False,1,0,100000.0000000000,0.0000000000,1,0,0.0002891545,0.0000000000,False,True,1,1,0,0.0000000000,0.0000000000,0.0000000000,0.1923932384,0.0000000000,0.0000000000,0.0000000000,0.4609398610,0.0000000000,0.5390601390,0.5760430686,0.2626738448,0.0000000000
100000003148220100,peripheral,0.5811319244,50,0.3792597909,in_deg=1; out_deg=2; in=5650; out=43400 KZT; tx=1/4; role_score=0.581; depth=1; truncated=0; is_seed=0,1,False,1,2,5650.0000000000,43400.0000000000,1,4,0.0009104479,7.6814159292,False,True,5,16,0,0.0000000000,0.0000003963,0.0300500835,0.9468416370,0.0000000000,0.1743493734,0.4188680756,0.0000000000,0.3050875495,0.5811319244,0.4131897712,0.8227904890,0.0000000000
100000003149149100,terminal,0.5182079178,10,0.2658629963,in_deg=1; out_deg=0; in=245000; out=0 KZT; tx=1/0; out/in=0; prev_day=0.000; depth=3; truncated=0; is_seed=0,3,False,1,0,245000.0000000000,0.0000000000,1,0,0.0002919118,0.0000000000,False,True,1,1,0,0.0000000000,0.0000000000,0.0000000000,0.2689056940,0.0000000000,0.0000000000,0.0000000000,0.5182079178,0.0000000000,0.4817920822,0.7445042620,0.2626738448,0.0000000000
100000003152964100,peripheral,0.5352913212,8,0.4280694016,in_deg=1; out_deg=1; in=141847; out=5500 KZT; tx=1/1; role_score=0.535; depth=3; truncated=0; is_seed=0,3,False,1,1,141847.0000000000,5500.0000000000,1,1,0.0003126699,0.0387741722,False,True,2,4,0,0.0000000000,0.0000192202,0.2863105175,0.5082295374,0.0000000000,0.0969578406,0.0000000000,0.4647086788,0.3528862235,0.5352913212,0.6431135038,0.6056527591,0.0000000000
100000003154105100,coordinator,0.8168470657,32,0.7696231241,in_deg=1; out_deg=7; in=60000; out=338000 KZT; tx=1/9; bet_pct=0.804; pr_pct=0.847; depth=3; truncated=0; is_seed=0,3,False,1,7,60000.0000000000,338000.0000000000,1,9,0.0005470588,5.6333333333,False,True,6,20,2,0.2222222222,0.0001400898,0.8038397329,0.8471975089,0.0000000000,0.3042684476,0.7542327089,0.0000000000,0.8168470657,0.1831529343,0.8218932257,0.9042171377,0.2009371417
100000003157333100,peripheral,0.6345572681,1,0.1467343635,in_deg=1; out_deg=0; in=30000; out=0 KZT; tx=1/0; role_score=0.635; depth=2; truncated=0; is_seed=0,2,False,1,0,30000.0000000000,0.0000000000,1,0,0.0002896849,0.0000000000,False,True,1,1,0,0.0000000000,0.0000000000,0.0000000000,0.2119661922,0.0000000000,0.0000000000,0.0000000000,0.3654427319,0.0000000000,0.6345572681,0.3021534320,0.2626738448,0.0000000000
100000003157679100,consolidator,0.9332124509,4,0.4360588655,in_deg=4; out_deg=0; in=541000; out=0 KZT; tx=4/0; role_score=0.933; depth=3; truncated=0; is_seed=0,3,False,4,0,541000.0000000000,0.0000000000,4,0,0.0003707357,0.0000000000,False,True,3,17,0,0.0000000000,0.0000000000,0.0000000000,0.6665925267,0.9332124509,0.0000000000,0.0000000000,0.9332124509,0.0000000000,0.0667875491,0.8728129206,0.7857783760,0.0000000000
100000003158727100,consolidator,0.8887126020,1,0.3865552342,in_deg=3; out_deg=0; in=367940; out=0 KZT; tx=3/0; role_score=0.889; depth=1; truncated=0; is_seed=0,1,False,3,0,367940.0000000000,0.0000000000,3,0,0.0003124477,0.0000000000,False,True,2,6,0,0.0000000000,0.0000000000,0.0000000000,0.5064501779,0.8887126020,0.0000000000,0.0000000000,0.8887126020,0.0000000000,0.1112873980,0.8077613279,0.7243158367,0.0000000000
100000003159641100,consolidator,0.7412964642,3,0.6179976644,in_deg=4; out_deg=1; in=64000; out=197800 KZT; tx=7/1; role_score=0.741; depth=2; truncated=0; is_seed=0,2,False,4,1,64000.0000000000,197800.0000000000,7,1,0.0003035379,3.0906250000,False,True,5,11,0,0.0000000000,0.0000588496,0.6611018364,0.4357206406,0.7412964642,0.2520551717,0.0000000000,0.0000000000,0.5934874776,0.2587035358,0.7552714222,0.8829071332,0.0000000000
100000003163256100,peripheral,0.7845692925,16,0.2701760985,in_deg=1; out_deg=1; in=13485; out=15000 KZT; tx=1/1; role_score=0.785; depth=1; truncated=0; is_seed=0,1,False,1,1,13485.0000000000,15000.0000000000,1,1,0.0002854776,1.1123470523,False,True,2,6,0,0.0000000000,0.0000192202,0.2863105175,0.0500444840,0.0000000000,0.1617573247,0.0000000000,0.0000000000,0.2154307075,0.7845692925,0.2864513235,0.6056527591,0.0000000000
100000003163886100,terminal,0.5523572076,31,0.3928258896,in_deg=1; out_deg=0; in=500000; out=0 KZT; tx=1/0; out/in=0; prev_day=0.000; depth=3; truncated=0; is_seed=0,3,False,1,0,500000.0000000000,0.0000000000,1,0,0.0007290167,0.0000000000,False,True,1,1,0,0.0000000000,0.0000000000,0.0000000000,0.9179270463,0.0000000000,0.0000000000,0.0000000000,0.5523572076,0.0000000000,0.4476427924,0.8629430238,0.2626738448,0.0000000000
100000003164661100,terminal,0.7305832578,27,0.4615569006,in_deg=1; out_deg=0; in=596200; out=0 KZT; tx=3/0; out/in=0; prev_day=0.000; depth=3; truncated=0; is_seed=0,3,False,1,0,596200.0000000000,0.0000000000,3,0,0.0005968344,0.0000000000,False,True,3,8,0,0.0000000000,0.0000000000,0.0000000000,0.8823398577,0.0000000000,0.0000000000,0.0000000000,0.7305832578,0.0000000000,0.2694167422,0.8822341857,0.7243158367,0.0000000000
100000003166017100,peripheral,1.0000000000,18,0.1033122209,in_deg=1; out_deg=0; in=15000; out=0 KZT; tx=1/0; role_score=1.000; depth=4; truncated=1; is_seed=0,4,False,1,0,15000.0000000000,0.0000000000,1,0,0.0002896096,0.0000000000,True,True,1,1,0,0.0000000000,0.0000000000,0.0000000000,0.2077402135,0.0000000000,0.0000000000,0.0000000000,0.0000000000,0.0000000000,1.0000000000,0.1310004486,0.2626738448,0.0000000000
100000003166755100,peripheral,0.6566183137,2,0.1223451153,in_deg=1; out_deg=0; in=24010; out=0 KZT; tx=1/0; role_score=0.657; depth=2; truncated=0; is_seed=0,2,False,1,0,24010.0000000000,0.0000000000,1,0,0.0002877969,0.0000000000,False,True,1,1,0,0.0000000000,0.0000000000,0.0000000000,0.1465747331,0.0000000000,0.0000000000,0.0000000000,0.3433816863,0.0000000000,0.6566183137,0.2438313145,0.2626738448,0.0000000000
100000003171006100,consolidator,0.8377153218,4,0.3930101120,in_deg=2; out_deg=0; in=485000; out=0 KZT; tx=2/0; role_score=0.838; depth=3; truncated=0; is_seed=0,3,False,2,0,485000.0000000000,0.0000000000,2,0,0.0003330960,0.0000000000,False,True,1,1,0,0.0000000000,0.0000000000,0.0000000000,0.5896352313,0.8377153218,0.0000000000,0.0000000000,0.8377153218,0.0000000000,0.1622846782,0.8548676537,0.6056527591,0.0000000000
100000003171587100,consolidator,0.6366160471,10,0.6442891094,in_deg=2; out_deg=2; in=700000; out=431300 KZT; tx=2/7; role_score=0.637; depth=3; truncated=0; is_seed=0,3,False,2,2,700000.0000000000,431300.0000000000,2,7,0.0003142525,0.6161428571,False,True,8,29,0,0.0000000000,0.0000388368,0.5676126878,0.5184608541,0.6366160471,0.5590017754,0.5214337176,0.3258261559,0.5528671377,0.3633839529,0.9356213549,0.8930013459,0.0000000000
100000003173783100,peripheral,1.0000000000,33,0.2419950928,in_deg=1; out_deg=0; in=23500; out=0 KZT; tx=2/0; role_score=1.000; depth=4; truncated=1; is_seed=0,4,False,1,0,23500.0000000000,0.0000000000,2,0,0.0003446659,0.0000000000,True,True,2,6,0,0.0000000000,0.0000000000,0.0000000000,0.6203291815,0.0000000000,0.0000000000,0.0000000000,0.0000000000,0.0000000000,1.0000000000,0.2323912068,0.6056527591,0.0000000000
100000003177533100,peripheral,1.0000000000,8,0.2478327428,in_deg=1; out_deg=0; in=20000; out=0 KZT; tx=3/0; role_score=1.000; depth=4; truncated=1; is_seed=0,4,False,1,0,20000.0000000000,0.0000000000,3,0,0.0003363111,0.0000000000,True,True,1,1,0,0.0000000000,0.0000000000,0.0000000000,0.5985320285,0.0000000000,0.0000000000,0.0000000000,0.0000000000,0.0000000000,1.0000000000,0.1976222521,0.7243158367,0.0000000000
100000003178549100,coordinator,0.7915888506,28,0.7212991359,in_deg=2; out_deg=4; in=250000; out=89080 KZT; tx=2/4; bet_pct=0.861; pr_pct=0.631; depth=3; truncated=0; is_seed=0,3,False,2,4,250000.0000000000,89080.0000000000,2,4,0.0003501392,0.3563200000,False,True,5,15,0,0.0000000000,0.0002721220,0.8606010017,0.6305604982,0.5379772338,0.4671610375,0.5267371118,0.5194277788,0.7915888506,0.2084111494,0.7934051144,0.8476895469,0.0000000000
100000003180305100,peripheral,1.0000000000,0,0.3171933748,in_deg=1; out_deg=0; in=144000; out=0 KZT; tx=1/0; role_score=1.000; depth=4; truncated=1; is_seed=0,4,False,1,0,144000.0000000000,0.0000000000,1,0,0.0005248358,0.0000000000,True,True,1,1,0,0.0000000000,0.0000000000,0.0000000000,0.7898131673,0.0000000000,0.0000000000,0.0000000000,0.0000000000,0.0000000000,1.0000000000,0.6372812921,0.2626738448,0.0000000000
100000003180820100,peripheral,1.0000000000,4,0.2389647934,in_deg=1; out_deg=0; in=101000; out=0 KZT; tx=1/0; role_score=1.000; depth=4; truncated=1; is_seed=0,4,False,1,0,101000.0000000000,0.0000000000,1,0,0.0002972327,0.0000000000,True,True,1,1,0,0.0000000000,0.0000000000,0.0000000000,0.3587633452,0.0000000000,0.0000000000,0.0000000000,0.0000000000,0.0000000000,1.0000000000,0.5829968596,0.2626738448,0.0000000000
100000003186579100,peripheral,1.0000000000,8,0.3574088138,in_deg=1; out_deg=0; in=110000; out=0 KZT; tx=2/0; role_score=1.000; depth=4; truncated=1; is_seed=0,4,False,1,0,110000.0000000000,0.0000000000,2,0,0.0005121083,0.0000000000,True,True,2,14,0,0.0000000000,0.0000000000,0.0000000000,0.7844750890,0.0000000000,0.0000000000,0.0000000000,0.0000000000,0.0000000000,1.0000000000,0.5955585464,0.6056527591,0.0000000000
100000003187359100,peripheral,0.6798881837,22,0.1084744338,in_deg=1; out_deg=0; in=19072; out=0 KZT; tx=1/0; role_score=0.680; depth=1; truncated=0; is_seed=0,1,False,1,0,19072.0000000000,0.0000000000,1,0,0.0002880101,0.0000000000,False,True,1,1,0,0.0000000000,0.0000000000,0.0000000000,0.1528024911,0.0000000000,0.0000000000,0.0000000000,0.3201118163,0.0000000000,0.6798881837,0.1846119336,0.2626738448,0.0000000000
100000003188607100,peripheral,0.7713726873,1,0.2424389934,in_deg=1; out_deg=1; in=18000; out=5000 KZT; tx=1/1; role_score=0.771; depth=2; truncated=0; is_seed=0,2,False,1,1,18000.0000000000,5000.0000000000,1,1,0.0003130043,0.2777777778,False,True,2,24,0,0.0000000000,0.0000005944,0.0517529215,0.5100088968,0.0000000000,0.0998652471,0.0000000000,0.2286273127,0.1892297141,0.7713726873,0.2279048901,0.6056527591,0.0000000000
100000003190207100,peripheral,0.5807026390,47,0.5475580569,in_deg=1; out_deg=1; in=5000; out=377000 KZT; tx=1/8; role_score=0.581; depth=3; truncated=0; is_seed=0,3,False,1,1,5000.0000000000,377000.0000000000,1,8,0.0002975016,75.4000000000,False,True,8,17,0,0.0000000000,0.0000210036,0.4432387312,0.3634341637,0.0000000000,0.1618975016,0.0000000000,0.0000000000,0.4192973610,0.5807026390,0.8158366981,0.8930013459,0.0000000000
100000003191430100,peripheral,0.5025687519,16,0.3309078535,in_deg=1; out_deg=0; in=180000; out=0 KZT; tx=1/0; role_score=0.503; depth=2; truncated=0; is_seed=0,2,False,1,0,180000.0000000000,0.0000000000,1,0,0.0005276043,0.0000000000,False,True,1,1,0,0.0000000000,0.0000000000,0.0000000000,0.8004893238,0.0000000000,0.0000000000,0.0000000000,0.4974312481,0.0000000000,0.5025687519,0.6857335128,0.2626738448,0.0000000000
100000003192220100,terminal,0.5605167724,5,0.3250037070,in_deg=1; out_deg=0; in=60000; out=0 KZT; tx=2/0; out/in=0; prev_day=0.000; depth=2; truncated=0; is_seed=0,2,False,1,0,60000.0000000000,0.0000000000,2,0,0.0004998740,0.0000000000,False,True,2,3,0,0.0000000000,0.0000000000,0.0000000000,0.7778024911,0.0000000000,0.0000000000,0.0000000000,0.5605167724,0.0000000000,0.4394832276,0.4699416779,0.6056527591,0.0000000000
100000003192309100,peripheral,0.7913384786,22,0.3271008623,in_deg=1; out_deg=1; in=17200; out=213000 KZT; tx=1/1; role_score=0.791; depth=3; truncated=0; is_seed=0,3,False,1,1,17200.0000000000,213000.0000000000,1,1,0.0002867022,12.3837209302,False,True,2,17,0,0.0000000000,0.0000013870,0.1143572621,0.0905249110,0.0000000000,0.2086615214,0.0000000000,0.0000000000,0.1072075568,0.7913384786,0.7305966801,0.6056527591,0.0000000000
100000003194831100,peripheral,1.0000000000,18,0.0764553937,in_deg=1; out_deg=0; in=6265; out=0 KZT; tx=1/0; role_score=1.000; depth=4; truncated=1; is_seed=0,4,False,1,0,6265.0000000000,0.0000000000,1,0,0.0002892585,0.0000000000,True,True,1,1,0,0.0000000000,0.0000000000,0.0000000000,0.1950622776,0.0000000000,0.0000000000,0.0000000000,0.0000000000,0.0000000000,1.0000000000,0.0311799013,0.2626738448,0.0000000000
100000003199390100,peripheral,1.0000000000,10,0.3289389532,in_deg=1; out_deg=0; in=260000; out=0 KZT; tx=1/0; role_score=1.000; depth=4; truncated=1; is_seed=0,4,False,1,0,260000.0000000000,0.0000000000,1,0,0.0003744953,0.0000000000,True,True,1,1,0,0.0000000000,0.0000000000,0.0000000000,0.6737099644,0.0000000000,0.0000000000,0.0000000000,0.0000000000,0.0000000000,1.0000000000,0.7539255271,0.2626738448,0.0000000000
100000003200071100,peripheral,1.0000000000,58,0.1163406803,in_deg=0; out_deg=1; in=0; out=30000 KZT; tx=0/1; role_score=1.000; depth=0; truncated=0; is_seed=1,0,True,0,1,0.0000000000,30000.0000000000,0,1,0.0002840373,-1.0000000000,False,False,1,1,0,0.0000000000,0.0000000000,0.0000000000,0.0093416370,0.0000000000,0.0000000000,0.0000000000,0.0000000000,0.0000000000,1.0000000000,0.3021534320,0.2626738448,0.0000000000
100000003204491100,peripheral,0.6804309044,0,0.4463646631,in_deg=1; out_deg=1; in=140000; out=100000 KZT; tx=1/2; role_score=0.680; depth=3; truncated=0; is_seed=0,3,False,1,1,140000.0000000000,100000.0000000000,1,2,0.0002963584,0.7142857143,False,True,1,1,0,0.0000000000,0.0000192202,0.2863105175,0.3485320285,0.0000000000,0.3195690956,0.0000000000,0.1376332945,0.3049769708,0.6804309044,0.7409152086,0.7243158367,0.0000000000
100000003205210100,peripheral,0.5200211544,2,0.2711566804,in_deg=1; out_deg=0; in=137563; out=0 KZT; tx=1/0; role_score=0.520; depth=1; truncated=0; is_seed=0,1,False,1,0,137563.0000000000,0.0000000000,1,0,0.0003113595,0.0000000000,False,True,1,1,0,0.0000000000,0.0000000000,0.0000000000,0.4971085409,0.0000000000,0.0000000000,0.0000000000,0.4799788456,0.0000000000,0.5200211544,0.6287572903,0.2626738448,0.0000000000
100000003207060100,peripheral,1.0000000000,0,0.2592554181,in_deg=1; out_deg=0; in=53000; out=0 KZT; tx=1/0; role_score=1.000; depth=4; truncated=1; is_seed=0,4,False,1,0,53000.0000000000,0.0000000000,1,0,0.0004248683,0.0000000000,True,True,1,1,0,0.0000000000,0.0000000000,0.0000000000,0.7262010676,0.0000000000,0.0000000000,0.0000000000,0.0000000000,0.0000000000,1.0000000000,0.4436967250,0.2626738448,0.0000000000
100000003213473100,distributor,0.7781280019,0,0.6161081044,in_deg=1; out_deg=11; in=57500; out=240000 KZT; tx=2/12; role_score=0.778; depth=3; truncated=0; is_seed=0,3,False,1,11,57500.0000000000,240000.0000000000,2,12,0.0002872531,4.1739130435,False,True,12,30,0,0.0000000000,0.0001097267,0.7554257095,0.1194395018,0.0000000000,0.3962458761,0.7781280019,0.0000000000,0.5646298472,0.2218719981,0.7736653208,0.9358456707,0.0000000000
100000003214786100,peripheral,1.0000000000,0,0.1491475898,in_deg=1; out_deg=0; in=5000; out=0 KZT; tx=1/0; role_score=1.000; depth=4; truncated=1; is_seed=0,4,False,1,0,5000.0000000000,0.0000000000,1,0,0.0004178251,0.0000000000,True,True,1,1,0,0.0000000000,0.0000000000,0.0000000000,0.7193060498,0.0000000000,0.0000000000,0.0000000000,0.0000000000,0.0000000000,1.0000000000,0.0074024226,0.2626738448,0.0000000000
100000003215448100,coordinator,0.5096826933,8,0.5787870622,in_deg=1; out_deg=2; in=91309; out=124000 KZT; tx=1/4; bet_pct=0.544; pr_pct=0.429; depth=3; truncated=0; is_seed=0,3,False,1,2,91309.0000000000,124000.0000000000,1,4,0.0003024685,1.3580260434,False,True,4,18,1,0.2500000000,0.0000384405,0.5442404007,0.4290480427,0.0000000000,0.3889793533,0.4805075248,0.0000000000,0.5096826933,0.4903173067,0.7198295200,0.8227904890,0.2056976223
100000003216073100,peripheral,0.7817353146,8,0.2754386105,in_deg=1; out_deg=1; in=37001; out=70000 KZT; tx=1/1; role_score=0.782; depth=3; truncated=0; is_seed=0,3,False,1,1,37001.0000000000,70000.0000000000,1,1,0.0002866542,1.8918407611,False,True,2,4,0,0.0000000000,0.0000007926,0.0684474124,0.0865213523,0.0000000000,0.2182646854,0.0000000000,0.0000000000,0.0738695943,0.7817353146,0.5906235980,0.6056527591,0.0000000000
100000003218308100,peripheral,0.7153974010,0,0.0662649787,in_deg=1; out_deg=0; in=11165; out=0 KZT; tx=1/0; role_score=0.715; depth=3; truncated=0; is_seed=0,3,False,1,0,11165.0000000000,0.0000000000,1,0,0.0002846617,0.0000000000,False,True,1,1,0,0.0000000000,0.0000000000,0.0000000000,0.0246886121,0.0000000000,0.0000000000,0.0000000000,0.2846025990,0.0000000000,0.7153974010,0.0926424406,0.2626738448,0.0000000000
100000003219438100,peripheral,0.6277576307,59,0.2313401305,in_deg=1; out_deg=0; in=32000; out=0 KZT; tx=1/0; role_score=0.628; depth=2; truncated=0; is_seed=0,2,False,1,0,32000.0000000000,0.0000000000,1,0,0.0004442690,0.0000000000,False,True,1,1,0,0.0000000000,0.0000000000,0.0000000000,0.7431049822,0.0000000000,0.0000000000,0.0000000000,0.3722423693,0.0000000000,0.6277576307,0.3218932257,0.2626738448,0.0000000000
100000003220685100,peripheral,1.0000000000,10,0.4498211810,in_deg=1; out_deg=0; in=1.306e+06; out=0 KZT; tx=2/0; role_score=1.000; depth=4; truncated=1; is_seed=0,4,False,1,0,1306000.0000000000,0.0000000000,2,0,0.0005343903,0.0000000000,True,True,1,1,0,0.0000000000,0.0000000000,0.0000000000,0.8240658363,0.0000000000,0.0000000000,0.0000000000,0.0000000000,0.0000000000,1.0000000000,0.9414535666,0.6056527591,0.0000000000
100000003221384100,terminal,0.5540193412,3,0.3675665693,in_deg=1; out_deg=0; in=511200; out=0 KZT; tx=1/0; out/in=0; prev_day=0.000; depth=2; truncated=0; is_seed=0,2,False,1,0,511200.0000000000,0.0000000000,1,0,0.0004454156,0.0000000000,False,True,1,1,0,0.0000000000,0.0000000000,0.0000000000,0.7435498221,0.0000000000,0.0000000000,0.0000000000,0.5540193412,0.0000000000,0.4459806588,0.8665320772,0.2626738448,0.0000000000
100000003221510100,peripheral,0.5465097663,0,0.4749109883,in_deg=1; out_deg=2; in=24000; out=120000 KZT; tx=1/3; role_score=0.547; depth=3; truncated=0; is_seed=0,3,False,1,2,24000.0000000000,120000.0000000000,1,3,0.0002853795,5.0000000000,False,True,3,16,0,0.0000000000,0.0000384405,0.5442404007,0.0482651246,0.0000000000,0.2397854337,0.4534902337,0.0000000000,0.3954478178,0.5465097663,0.6372812921,0.7857783760,0.0000000000
100000003230328100,consolidator,0.7069356301,0,0.2718401552,in_deg=3; out_deg=0; in=26572; out=0 KZT; tx=3/0; role_score=0.707; depth=4; truncated=1; is_seed=0,4,False,3,0,26572.0000000000,0.0000000000,3,0,0.0003497143,0.0000000000,True,True,3,4,0,0.0000000000,0.0000000000,0.0000000000,0.6292259786,0.7069356301,0.0000000000,0.0000000000,0.0000000000,0.0000000000,0.2930643699,0.2752355316,0.7243158367,0.0000000000
100000003230329100,peripheral,1.0000000000,4,0.2454415140,in_deg=1; out_deg=0; in=110000; out=0 KZT; tx=1/0; role_score=1.000; depth=4; truncated=1; is_seed=0,4,False,1,0,110000.0000000000,0.0000000000,1,0,0.0002984086,0.0000000000,True,True,1,1,0,0.0000000000,0.0000000000,0.0000000000,0.3810053381,0.0000000000,0.0000000000,0.0000000000,0.0000000000,0.0000000000,1.0000000000,0.5955585464,0.2626738448,0.0000000000
100000003232675100,peripheral,1.0000000000,12,0.2921202826,in_deg=1; out_deg=0; in=44000; out=0 KZT; tx=2/0; role_score=1.000; depth=4; truncated=1; is_seed=0,4,False,1,0,44000.0000000000,0.0000000000,2,0,0.0003987500,0.0000000000,True,True,1,1,0,0.0000000000,0.0000000000,0.0000000000,0.7066281139,0.0000000000,0.0000000000,0.0000000000,0.0000000000,0.0000000000,1.0000000000,0.3811126066,0.6056527591,0.0000000000
100000003235780100,consolidator,0.7172106377,0,0.2429137599,in_deg=2; out_deg=0; in=65000; out=0 KZT; tx=2/0; role_score=0.717; depth=1; truncated=0; is_seed=0,1,False,2,0,65000.0000000000,0.0000000000,2,0,0.0002896264,0.0000000000,False,True,2,3,0,0.0000000000,0.0000000000,0.0000000000,0.2088523132,0.7172106377,0.0000000000,0.0000000000,0.7172106377,0.0000000000,0.2827893623,0.4829519964,0.6056527591,0.0000000000
100000003237045100,peripheral,0.6251660934,16,0.4275634820,in_deg=1; out_deg=1; in=340200; out=150000 KZT; tx=2/1; role_score=0.625; depth=2; truncated=0; is_seed=0,2,False,1,1,340200.0000000000,150000.0000000000,2,1,0.0003917500,0.4409171076,False,True,2,15,0,0.0000000000,0.0000000000,0.0000000000,0.6968416370,0.0000000000,0.2475674590,0.0000000000,0.3748339066,0.0000000000,0.6251660934,0.8575594437,0.7243158367,0.0000000000
100000003239379100,peripheral,0.5466152916,7,0.2370793330,in_deg=1; out_deg=0; in=92500; out=0 KZT; tx=1/0; role_score=0.547; depth=1; truncated=0; is_seed=0,1,False,1,0,92500.0000000000,0.0000000000,1,0,0.0002992880,0.0000000000,False,True,1,1,0,0.0000000000,0.0000000000,0.0000000000,0.3947953737,0.0000000000,0.0000000000,0.0000000000,0.4533847084,0.0000000000,0.5466152916,0.5538358008,0.2626738448,0.0000000000
100000003239859100,peripheral,0.6814747658,7,0.1015278223,in_deg=1; out_deg=0; in=18600; out=0 KZT; tx=1/0; role_score=0.681; depth=1; truncated=0; is_seed=0,1,False,1,0,18600.0000000000,0.0000000000,1,0,0.0002871039,0.0000000000,False,True,1,1,0,0.0000000000,0.0000000000,0.0000000000,0.1120996441,0.0000000000,0.0000000000,0.0000000000,0.3185252342,0.0000000000,0.6814747658,0.1812471961,0.2626738448,0.0000000000
100000003241965100,peripheral,0.7004381989,18,0.1031454060,in_deg=1; out_deg=0; in=15000; out=0 KZT; tx=1/0; role_score=0.700; depth=3; truncated=0; is_seed=0,3,False,1,0,15000.0000000000,0.0000000000,1,0,0.0002895872,0.0000000000,False,True,1,1,0,0.0000000000,0.0000000000,0.0000000000,0.2066281139,0.0000000000,0.0000000000,0.0000000000,0.2995618011,0.0000000000,0.7004381989,0.1310004486,0.2626738448,0.0000000000
100000003242289100,distributor,0.9008950344,28,0.8466460727,in_deg=3; out_deg=23; in=550791; out=2.37774e+06 KZT; tx=8/26; role_score=0.901; depth=2; truncated=0; is_seed=0,2,False,3,23,550791.0000000000,2377741.0000000000,8,26,0.0004370864,4.3169568856,False,True,17,30,4,0.1538461538,0.0010013456,0.9357262104,0.7395462633,0.5262599670,0.6825297892,0.9008950344,0.0000000000,0.8768722262,0.0991049656,0.9827276806,0.9827276806,0.1511888739
100000003242795100,peripheral,0.5305228166,10,0.2090148174,in_deg=1; out_deg=0; in=111000; out=0 KZT; tx=1/0; role_score=0.531; depth=3; truncated=0; is_seed=0,3,False,1,0,111000.0000000000,0.0000000000,1,0,0.0002876049,0.0000000000,False,True,1,1,0,0.0000000000,0.0000000000,0.0000000000,0.1336743772,0.0000000000,0.0000000000,0.0000000000,0.4694771834,0.0000000000,0.5305228166,0.5982503365,0.2626738448,0.0000000000
100000003246024100,coordinator,0.8677398645,8,0.6002562041,in_deg=1; out_deg=1; in=25000; out=5000 KZT; tx=1/1; bet_pct=0.952; pr_pct=0.670; depth=2; truncated=0; is_seed=0,2,False,1,1,25000.0000000000,5000.0000000000,1,1,0.0003725078,0.2000000000,False,True,1,1,0,0.0000000000,0.0016116906,0.9524207012,0.6701512456,0.0000000000,0.0971661864,0.0000000000,0.2781504986,0.8677398645,0.1322601355,0.3021534320,0.6056527591,0.0000000000
100000003247600100,peripheral,1.0000000000,2,0.2951831617,in_deg=1; out_deg=0; in=58000; out=0 KZT; tx=1/0; role_score=1.000; depth=4; truncated=1; is_seed=0,4,False,1,0,58000.0000000000,0.0000000000,1,0,0.0008353770,0.0000000000,True,True,1,1,0,0.0000000000,0.0000000000,0.0000000000,0.9339412811,0.0000000000,0.0000000000,0.0000000000,0.0000000000,0.0000000000,1.0000000000,0.4627635711,0.2626738448,0.0000000000
100000003249054100,consolidator,0.8163814597,2,0.6049650966,in_deg=7; out_deg=1; in=99700; out=15000 KZT; tx=11/1; role_score=0.816; depth=2; truncated=0; is_seed=0,2,False,7,1,99700.0000000000,15000.0000000000,11,1,0.0004289385,0.1504513541,False,True,9,21,0,0.0000000000,0.0000396294,0.5876460768,0.7315391459,0.8163814597,0.1271522300,0.0000000000,0.7397928145,0.6308139975,0.1836185403,0.6045311799,0.9228353522,0.0000000000
100000003252446100,peripheral,1.0000000000,42,0.2445683886,in_deg=1; out_deg=0; in=108600; out=0 KZT; tx=1/0; role_score=1.000; depth=4; truncated=1; is_seed=0,4,False,1,0,108600.0000000000,0.0000000000,1,0,0.0002983613,0.0000000000,True,True,1,1,0,0.0000000000,0.0000000000,0.0000000000,0.3796708185,0.0000000000,0.0000000000,0.0000000000,0.0000000000,0.0000000000,1.0000000000,0.5928667564,0.2626738448,0.0000000000
100000003254277100,peripheral,0.7701564811,0,0.3452380448,in_deg=1; out_deg=1; in=49200; out=44997 KZT; tx=1/1; role_score=0.770; depth=3; truncated=0; is_seed=0,3,False,1,1,49200.0000000000,44997.0000000000,1,1,0.0002867889,0.9145731707,False,True,1,1,0,0.0000000000,0.0000192202,0.2863105175,0.0980871886,0.0000000000,0.2139635684,0.0000000000,0.0345747601,0.2298435189,0.7701564811,0.5578734859,0.6056527591,0.0000000000
100000003254723100,terminal,0.7247657903,2,0.4364990055,in_deg=1; out_deg=0; in=269850; out=0 KZT; tx=6/0; out/in=0; prev_day=0.000; depth=2; truncated=0; is_seed=0,2,False,1,0,269850.0000000000,0.0000000000,6,0,0.0005268404,0.0000000000,False,True,6,23,0,0.0000000000,0.0000000000,0.0000000000,0.7960409253,0.0000000000,0.0000000000,0.0000000000,0.7247657903,0.0000000000,0.2752342097,0.7597577389,0.8476895469,0.0000000000
100000003265158100,coordinator,0.7801911475,7,0.7151404369,in_deg=3; out_deg=2; in=146100; out=154200 KZT; tx=3/4; bet_pct=0.822; pr_pct=0.682; depth=1; truncated=0; is_seed=0,1,False,3,2,146100.4000000000,154200.0000000000,3,4,0.0003824693,1.0554385888,False,True,3,23,0,0.0000000000,0.0001765488,0.8222036728,0.6821619217,0.6682985796,0.5211735973,0.4113592699,0.0000000000,0.7801911475,0.2198088525,0.7790489009,0.8685509197,0.0000000000
100000003265658100,peripheral,1.0000000000,60,0.0000000000,in_deg=0; out_deg=0; in=0; out=0 KZT; tx=0/0; observed_edges=0; depth=0; truncated=0; is_seed=1,0,True,0,0,0.0000000000,0.0000000000,0,0,0.0002840373,-1.0000000000,False,False,0,0,0,0.0000000000,0.0000000000,0.0000000000,0.0093416370,0.0000000000,0.0000000000,0.0000000000,0.0000000000,0.0000000000,1.0000000000,0.0000000000,0.0000000000,0.0000000000
100000003270419100,peripheral,0.5135237232,12,0.3410798882,in_deg=1; out_deg=0; in=150000; out=0 KZT; tx=1/0; role_score=0.514; depth=3; truncated=0; is_seed=0,3,False,1,0,150000.0000000000,0.0000000000,1,0,0.0008268876,0.0000000000,False,True,1,1,0,0.0000000000,0.0000000000,0.0000000000,0.9326067616,0.0000000000,0.0000000000,0.0000000000,0.4864762768,0.0000000000,0.5135237232,0.6471511889,0.2626738448,0.0000000000
100000003271151100,peripheral,0.5239498338,8,0.2668450167,in_deg=1; out_deg=0; in=127294; out=0 KZT; tx=1/0; role_score=0.524; depth=3; truncated=0; is_seed=0,3,False,1,0,127294.0000000000,0.0000000000,1,0,0.0003097323,0.0000000000,False,True,1,1,0,0.0000000000,0.0000000000,0.0000000000,0.4833185053,0.0000000000,0.0000000000,0.0000000000,0.4760501662,0.0000000000,0.5239498338,0.6197846568,0.2626738448,0.0000000000
100000003275398100,peripheral,0.5061851516,34,0.3978936613,in_deg=1; out_deg=1; in=300000; out=20000 KZT; tx=1/1; role_score=0.506; depth=2; truncated=0; is_seed=0,2,False,1,1,300000.0000000000,20000.0000000000,1,1,0.0004315974,0.0666666667,False,True,2,2,0,0.0000000000,0.0000000000,0.0000000000,0.7350978648,0.0000000000,0.1322446366,0.0000000000,0.4938148484,0.0000000000,0.5061851516,0.7871242710,0.6056527591,0.0000000000
100000003278020100,terminal,0.5014354790,0,0.2969748844,in_deg=1; out_deg=0; in=190000; out=0 KZT; tx=1/0; out/in=0; prev_day=0.000; depth=2; truncated=0; is_seed=0,2,False,1,0,190000.0000000000,0.0000000000,1,0,0.0003227647,0.0000000000,False,True,1,1,0,0.0000000000,0.0000000000,0.0000000000,0.5589412811,0.0000000000,0.0000000000,0.0000000000,0.5014354790,0.0000000000,0.4985645210,0.6949304621,0.2626738448,0.0000000000
100000003284932100,peripheral,0.5670142037,2,0.2185349891,in_deg=1; out_deg=0; in=69925; out=0 KZT; tx=1/0; role_score=0.567; depth=1; truncated=0; is_seed=0,1,False,1,0,69925.0000000000,0.0000000000,1,0,0.0002979255,0.0000000000,False,True,1,1,0,0.0000000000,0.0000000000,0.0000000000,0.3721085409,0.0000000000,0.0000000000,0.0000000000,0.4329857963,0.0000000000,0.5670142037,0.4932705249,0.2626738448,0.0000000000
100000003286537100,consolidator,0.7759897250,4,0.3140179586,in_deg=2; out_deg=0; in=153000; out=0 KZT; tx=2/0; role_score=0.776; depth=3; truncated=0; is_seed=0,3,False,2,0,153000.0000000000,0.0000000000,2,0,0.0002994854,0.0000000000,False,True,1,1,0,0.0000000000,0.0000000000,0.0000000000,0.3961298932,0.7759897250,0.0000000000,0.0000000000,0.7759897250,0.0000000000,0.2240102750,0.6550022432,0.6056527591,0.0000000000
100000003289281100,peripheral,1.0000000000,0,0.2627923440,in_deg=1; out_deg=0; in=40000; out=0 KZT; tx=1/0; role_score=1.000; depth=4; truncated=1; is_seed=0,4,False,1,0,40000.0000000000,0.0000000000,1,0,0.0005940770,0.0000000000,True,True,1,1,0,0.0000000000,0.0000000000,0.0000000000,0.8810053381,0.0000000000,0.0000000000,0.0000000000,0.0000000000,0.0000000000,1.0000000000,0.3649618663,0.2626738448,0.0000000000
100000003289405100,terminal,0.5364913871,2,0.3307577575,in_deg=1; out_deg=0; in=355000; out=0 KZT; tx=1/0; out/in=0; prev_day=0.000; depth=2; truncated=0; is_seed=0,2,False,1,0,355000.0000000000,0.0000000000,1,0,0.0003370713,0.0000000000,False,True,1,1,0,0.0000000000,0.0000000000,0.0000000000,0.6020907473,0.0000000000,0.0000000000,0.0000000000,0.5364913871,0.0000000000,0.4635086129,0.8041722746,0.2626738448,0.0000000000
100000003292191100,peripheral,0.5302206105,35,0.2455061246,in_deg=1; out_deg=0; in=112000; out=0 KZT; tx=1/0; role_score=0.530; depth=3; truncated=0; is_seed=0,3,False,1,0,112000.0000000000,0.0000000000,1,0,0.0002980041,0.0000000000,False,True,1,1,0,0.0000000000,0.0000000000,0.0000000000,0.3743327402,0.0000000000,0.0000000000,0.0000000000,0.4697793895,0.0000000000,0.5302206105,0.5998205473,0.2626738448,0.0000000000
100000003292979100,peripheral,0.5961770928,2,0.2288161981,in_deg=1; out_deg=0; in=48950; out=0 KZT; tx=1/0; role_score=0.596; depth=2; truncated=0; is_seed=0,2,False,1,0,48950.0000000000,0.0000000000,1,0,0.0003284785,0.0000000000,False,True,1,1,0,0.0000000000,0.0000000000,0.0000000000,0.5767348754,0.0000000000,0.0000000000,0.0000000000,0.4038229072,0.0000000000,0.5961770928,0.4116195603,0.2626738448,0.0000000000
100000003293377100,peripheral,0.5913417951,10,0.1530623752,in_deg=1; out_deg=0; in=50000; out=0 KZT; tx=1/0; role_score=0.591; depth=3; truncated=0; is_seed=0,3,False,1,0,50000.0000000000,0.0000000000,1,0,0.0002856443,0.0000000000,False,True,1,1,0,0.0000000000,0.0000000000,0.0000000000,0.0522686833,0.0000000000,0.0000000000,0.0000000000,0.4086582049,0.0000000000,0.5913417951,0.4232839838,0.2626738448,0.0000000000
100000003299365100,peripheral,0.6887608069,2,0.3811342049,in_deg=1; out_deg=1; in=200000; out=200000 KZT; tx=1/1; role_score=0.689; depth=1; truncated=0; is_seed=0,1,False,1,1,200000.0000000000,200000.0000000000,1,1,0.0003237605,1.0000000000,False,True,1,1,0,0.0000000000,0.0000000000,0.0000000000,0.5620551601,0.0000000000,0.3112391931,0.0000000000,0.0000000000,0.0000000000,0.6887608069,0.8239120682,0.6056527591,0.0000000000
100000003321423100,terminal,0.5968570565,11,0.3705459586,in_deg=1; out_deg=0; in=100000; out=0 KZT; tx=2/0; out/in=0; prev_day=0.000; depth=2; truncated=0; is_seed=0,2,False,1,0,100000.0000000000,0.0000000000,2,0,0.0006657320,0.0000000000,False,True,2,16,0,0.0000000000,0.0000000000,0.0000000000,0.9045818505,0.0000000000,0.0000000000,0.0000000000,0.5968570565,0.0000000000,0.4031429435,0.5760430686,0.6056527591,0.0000000000
100000003321895100,coordinator,0.5556805456,51,0.6153683123,in_deg=1; out_deg=2; in=24000; out=553830 KZT; tx=1/3; bet_pct=0.588; pr_pct=0.481; depth=3; truncated=0; is_seed=0,3,False,1,2,24000.0000000000,553830.0000000000,1,3,0.0003095366,23.0762500000,False,True,4,19,0,0.0000000000,0.0000396294,0.5876460768,0.4810943060,0.0000000000,0.2263689760,0.5253362152,0.0000000000,0.5556805456,0.4443194544,0.8786451323,0.7857783760,0.0000000000
100000003336565100,peripheral,0.6915231188,22,0.1099735481,in_deg=1; out_deg=0; in=16550; out=0 KZT; tx=1/0; role_score=0.692; depth=2; truncated=0; is_seed=0,2,False,1,0,16550.0000000000,0.0000000000,1,0,0.0002896158,0.0000000000,False,True,1,1,0,0.0000000000,0.0000000000,0.0000000000,0.2084074733,0.0000000000,0.0000000000,0.0000000000,0.3084768812,0.0000000000,0.6915231188,0.1572454015,0.2626738448,0.0000000000
100000003338583100,peripheral,0.6662889090,34,0.1207379342,in_deg=1; out_deg=0; in=21765; out=0 KZT; tx=1/0; role_score=0.666; depth=3; truncated=0; is_seed=0,3,False,1,0,21765.0000000000,0.0000000000,1,0,0.0002885953,0.0000000000,False,True,1,1,0,0.0000000000,0.0000000000,0.0000000000,0.1754893238,0.0000000000,0.0000000000,0.0000000000,0.3337110910,0.0000000000,0.6662889090,0.2200538358,0.2626738448,0.0000000000
100000003345947100,peripheral,1.0000000000,8,0.3718364632,in_deg=1; out_deg=0; in=79500; out=0 KZT; tx=6/0; role_score=1.000; depth=4; truncated=1; is_seed=0,4,False,1,0,79500.0000000000,0.0000000000,6,0,0.0004918257,0.0000000000,True,True,1,1,0,0.0000000000,0.0000000000,0.0000000000,0.7724644128,0.0000000000,0.0000000000,0.0000000000,0.0000000000,0.0000000000,1.0000000000,0.5152534769,0.8476895469,0.0000000000
100000003349739100,peripheral,1.0000000000,61,0.0000000000,in_deg=0; out_deg=0; in=0; out=0 KZT; tx=0/0; observed_edges=0; depth=0; truncated=0; is_seed=1,0,True,0,0,0.0000000000,0.0000000000,0,0,0.0002840373,-1.0000000000,False,False,0,0,0,0.0000000000,0.0000000000,0.0000000000,0.0093416370,0.0000000000,0.0000000000,0.0000000000,0.0000000000,0.0000000000,1.0000000000,0.0000000000,0.0000000000,0.0000000000
100000003360542100,terminal,0.7153641774,11,0.5266062689,in_deg=2; out_deg=2; in=317000; out=51800 KZT; tx=3/5; out/in=0.163; prev_day=0.200; depth=2; truncated=0; is_seed=0,2,False,2,2,317000.0000000000,51800.0000000000,3,5,0.0014432905,0.1634069401,False,True,8,19,1,0.2000000000,0.0000009907,0.0809682805,0.9726423488,0.6413191296,0.3832521962,0.4043587896,0.7153641774,0.3484705010,0.2846358226,0.8091072230,0.8829071332,0.1765814266
100000003366154100,coordinator,0.6170670720,2,0.6338363624,in_deg=1; out_deg=3; in=125000; out=289170 KZT; tx=1/3; bet_pct=0.677; pr_pct=0.477; depth=1; truncated=0; is_seed=0,1,False,1,3,125000.0000000000,289170.0000000000,1,3,0.0003088643,2.3133600000,False,True,1,1,0,0.0000000000,0.0000614671,0.6769616027,0.4773131673,0.0000000000,0.3601338072,0.5618996158,0.0000000000,0.6170670720,0.3829329280,0.8297442799,0.7857783760,0.0000000000
100000003366471100,terminal,0.8271520422,8,0.5241789487,in_deg=2; out_deg=1; in=329789; out=20000 KZT; tx=5/1; out/in=0.0606; prev_day=0.000; depth=3; truncated=0; is_seed=0,3,False,2,1,329789.0000000000,20000.0000000000,5,1,0.0003583575,0.0606448365,False,True,4,28,0,0.0000000000,0.0000192202,0.2863105175,0.6474644128,0.7337941976,0.1319460035,0.0000000000,0.8271520422,0.3946566861,0.1728479578,0.7987886945,0.8476895469,0.0000000000
100000003370425100,peripheral,1.0000000000,12,0.2234263017,in_deg=1; out_deg=0; in=20000; out=0 KZT; tx=1/0; role_score=1.000; depth=4; truncated=1; is_seed=0,4,False,1,0,20000.0000000000,0.0000000000,1,0,0.0006435285,0.0000000000,True,True,1,1,0,0.0000000000,0.0000000000,0.0000000000,0.8974644128,0.0000000000,0.0000000000,0.0000000000,0.0000000000,0.0000000000,1.0000000000,0.1976222521,0.2626738448,0.0000000000
100000003377795100,peripheral,0.7387428226,1,0.0516021170,in_deg=1; out_deg=0; in=7000; out=0 KZT; tx=1/0; role_score=0.739; depth=1; truncated=0; is_seed=0,1,False,1,0,7000.0000000000,0.0000000000,1,0,0.0002844361,0.0000000000,False,True,1,1,0,0.0000000000,0.0000000000,0.0000000000,0.0189056940,0.0000000000,0.0000000000,0.0000000000,0.2612571774,0.0000000000,0.7387428226,0.0374607447,0.2626738448,0.0000000000
100000003390036100,coordinator,0.7919776956,11,0.7161099784,in_deg=2; out_deg=2; in=231300; out=62000 KZT; tx=4/2; bet_pct=0.717; pr_pct=0.967; depth=2; truncated=0; is_seed=0,2,False,2,2,231300.0000000000,62000.0000000000,4,2,0.0013117547,0.2680501513,False,True,5,15,0,0.0000000000,0.0000782680,0.7170283806,0.9668594306,0.6402991840,0.3309553549,0.3461815562,0.6248891878,0.7919776956,0.2080223044,0.7718707941,0.8476895469,0.0000000000
100000003404627100,consolidator,0.9521758840,42,0.4974150344,in_deg=4; out_deg=0; in=877700; out=0 KZT; tx=5/0; role_score=0.952; depth=1; truncated=0; is_seed=0,1,False,4,0,877700.0000000000,0.0000000000,5,0,0.0013678443,0.0000000000,False,True,2,4,0,0.0000000000,0.0000000000,0.0000000000,0.9690836299,0.9521758840,0.0000000000,0.0000000000,0.9521758840,0.0000000000,0.0478241160,0.9145356662,0.8227904890,0.0000000000
100000003406094100,coordinator,0.6744418708,16,0.6194214738,in_deg=1; out_deg=3; in=70000; out=47000 KZT; tx=4/3; bet_pct=0.568; pr_pct=0.924; depth=3; truncated=0; is_seed=0,3,False,1,3,70000.0000000000,47000.0000000000,4,3,0.0007722542,0.6714285714,False,True,7,22,0,0.0000000000,0.0000388368,0.5676126878,0.9237099644,0.0000000000,0.4326943530,0.4629262728,0.2044262401,0.6744418708,0.3255581292,0.6076716016,0.8685509197,0.0000000000
100000003447411100,peripheral,1.0000000000,8,0.3699503142,in_deg=1; out_deg=0; in=302000; out=0 KZT; tx=3/0; role_score=1.000; depth=4; truncated=1; is_seed=0,4,False,1,0,302000.0000000000,0.0000000000,3,0,0.0003041501,0.0000000000,True,True,3,9,0,0.0000000000,0.0000000000,0.0000000000,0.4406138790,0.0000000000,0.0000000000,0.0000000000,0.0000000000,0.0000000000,1.0000000000,0.7808434275,0.7243158367,0.0000000000
100000003448713100,peripheral,1.0000000000,8,0.2924029425,in_deg=1; out_deg=0; in=266750; out=0 KZT; tx=1/0; role_score=1.000; depth=4; truncated=1; is_seed=0,4,False,1,0,266750.0000000000,0.0000000000,1,0,0.0003018025,0.0000000000,True,True,1,1,0,0.0000000000,0.0000000000,0.0000000000,0.4241548043,0.0000000000,0.0000000000,0.0000000000,0.0000000000,0.0000000000,1.0000000000,0.7575145805,0.2626738448,0.0000000000
100000003449074100,peripheral,0.7238591720,0,0.0662407709,in_deg=1; out_deg=0; in=10000; out=0 KZT; tx=1/0; role_score=0.724; depth=1; truncated=0; is_seed=0,1,False,1,0,10000.0000000000,0.0000000000,1,0,0.0002858992,0.0000000000,False,True,1,1,0,0.0000000000,0.0000000000,0.0000000000,0.0611654804,0.0000000000,0.0000000000,0.0000000000,0.2761408280,0.0000000000,0.7238591720,0.0706594886,0.2626738448,0.0000000000
100000003457710100,peripheral,0.6374135904,10,0.4966001049,in_deg=1; out_deg=1; in=326555; out=1.306e+06 KZT; tx=1/2; role_score=0.637; depth=3; truncated=0; is_seed=0,3,False,1,1,326555.0000000000,1306000.0000000000,1,2,0.0002945330,3.9993263003,False,True,1,1,0,0.0000000000,0.0000192202,0.2863105175,0.3222864769,0.0000000000,0.3625864096,0.0000000000,0.0000000000,0.2971033053,0.6374135904,0.9576043069,0.7243158367,0.0000000000
100000003470579100,peripheral,1.0000000000,14,0.4220641418,in_deg=1; out_deg=0; in=357000; out=0 KZT; tx=2/0; role_score=1.000; depth=4; truncated=1; is_seed=0,4,False,1,0,357000.0000000000,0.0000000000,2,0,0.0005648025,0.0000000000,True,True,2,6,0,0.0000000000,0.0000000000,0.0000000000,0.8663256228,0.0000000000,0.0000000000,0.0000000000,0.0000000000,0.0000000000,1.0000000000,0.8050695379,0.6056527591,0.0000000000
100000003476560100,peripheral,0.5913417951,2,0.1919636207,in_deg=1; out_deg=0; in=50000; out=0 KZT; tx=1/0; role_score=0.591; depth=1; truncated=0; is_seed=0,1,False,1,0,50000.0000000000,0.0000000000,1,0,0.0002939681,0.0000000000,False,True,1,1,0,0.0000000000,0.0000000000,0.0000000000,0.3116103203,0.0000000000,0.0000000000,0.0000000000,0.4086582049,0.0000000000,0.5913417951,0.4232839838,0.2626738448,0.0000000000
100000003481025100,peripheral,1.0000000000,0,0.1728957967,in_deg=1; out_deg=0; in=9000; out=0 KZT; tx=1/0; role_score=1.000; depth=4; truncated=1; is_seed=0,4,False,1,0,9000.0000000000,0.0000000000,1,0,0.0005278870,0.0000000000,True,True,1,1,0,0.0000000000,0.0000000000,0.0000000000,0.8036032028,0.0000000000,0.0000000000,0.0000000000,0.0000000000,0.0000000000,1.0000000000,0.0518169583,0.2626738448,0.0000000000
100000003484058100,peripheral,0.5568449683,40,0.4206392688,in_deg=1; out_deg=1; in=110000; out=6000 KZT; tx=1/1; role_score=0.557; depth=3; truncated=0; is_seed=0,3,False,1,1,110000.0000000000,6000.0000000000,1,1,0.0003150226,0.0545454545,False,True,2,14,0,0.0000000000,0.0000192202,0.2863105175,0.5211298932,0.0000000000,0.0991310803,0.0000000000,0.4431550317,0.3567563302,0.5568449683,0.6056527591,0.6056527591,0.0000000000
100000003486846100,peripheral,1.0000000000,16,0.2812840715,in_deg=1; out_deg=0; in=27000; out=0 KZT; tx=2/0; role_score=1.000; depth=4; truncated=1; is_seed=0,4,False,1,0,27000.0000000000,0.0000000000,2,0,0.0005279981,0.0000000000,True,True,2,3,0,0.0000000000,0.0000000000,0.0000000000,0.8044928826,0.0000000000,0.0000000000,0.0000000000,0.0000000000,0.0000000000,1.0000000000,0.2790489009,0.6056527591,0.0000000000
100000003486970100,peripheral,0.5135237232,10,0.2287800661,in_deg=1; out_deg=0; in=150000; out=0 KZT; tx=1/0; role_score=0.514; depth=3; truncated=0; is_seed=0,3,False,1,0,150000.0000000000,0.0000000000,1,0,0.0002888584,0.0000000000,False,True,1,1,0,0.0000000000,0.0000000000,0.0000000000,0.1839412811,0.0000000000,0.0000000000,0.0000000000,0.4864762768,0.0000000000,0.5135237232,0.6471511889,0.2626738448,0.0000000000
100000003497735100,peripheral,0.5249320036,43,0.2610902478,in_deg=1; out_deg=0; in=125000; out=0 KZT; tx=1/0; role_score=0.525; depth=3; truncated=0; is_seed=0,3,False,1,0,125000.0000000000,0.0000000000,1,0,0.0003052625,0.0000000000,False,True,1,1,0,0.0000000000,0.0000000000,0.0000000000,0.4490658363,0.0000000000,0.0000000000,0.0000000000,0.4750679964,0.0000000000,0.5249320036,0.6173171826,0.2626738448,0.0000000000
100000003500764100,peripheral,1.0000000000,28,0.2127203893,in_deg=1; out_deg=0; in=21000; out=0 KZT; tx=1/0; role_score=1.000; depth=4; truncated=1; is_seed=0,4,False,1,0,21000.0000000000,0.0000000000,1,0,0.0005269370,0.0000000000,True,True,1,1,0,0.0000000000,0.0000000000,0.0000000000,0.7969306050,0.0000000000,0.0000000000,0.0000000000,0.0000000000,0.0000000000,1.0000000000,0.2151188874,0.2626738448,0.0000000000
100000003509750100,consolidator,0.6087375340,1,0.5342858931,in_deg=3; out_deg=3; in=82290; out=78400 KZT; tx=4/5; role_score=0.609; depth=2; truncated=0; is_seed=0,2,False,3,3,82290.0000000000,78400.0000000000,4,5,0.0016747372,0.9527281565,False,True,7,28,2,0.4000000000,0.0000019815,0.1477462437,0.9775355872,0.6087375340,0.5755441943,0.4650576369,0.0383681939,0.3966830468,0.3912624660,0.6650964558,0.8930013459,0.3572005384
100000003528285100,coordinator,0.7427557569,2,0.7621398046,in_deg=4; out_deg=4; in=118870; out=548000 KZT; tx=5/6; bet_pct=0.757; pr_pct=0.709; depth=3; truncated=0; is_seed=0,3,False,4,4,118870.0000000000,548000.0000000000,5,6,0.0004019556,4.6100782367,False,True,9,29,2,0.3333333333,0.0001150463,0.7570951586,0.7092971530,0.6439823209,0.5692904386,0.5788904899,0.0000000000,0.7427557569,0.2572442431,0.8925527142,0.9143113504,0.3047704501
100000003557488100,terminal,0.5805283725,36,0.6302384010,in_deg=1; out_deg=2; in=664992; out=138000 KZT; tx=3/4; out/in=0.208; prev_day=0.000; depth=3; truncated=0; is_seed=0,3,False,1,2,664992.0000000000,138000.0000000000,3,4,0.0005767622,0.2075212935,False,True,5,16,0,0.0000000000,0.0000198147,0.4065108514,0.8729982206,0.0000000000,0.4082502745,0.4847102145,0.5805283725,0.5464570622,0.4194716275,0.9069089278,0.8685509197,0.0000000000
100000003561031100,peripheral,0.7717579046,8,0.2500003658,in_deg=1; out_deg=1; in=13300; out=5000 KZT; tx=1/1; role_score=0.772; depth=3; truncated=0; is_seed=0,3,False,1,1,13300.0000000000,5000.0000000000,1,1,0.0002867220,0.3759398496,False,True,2,23,0,0.0000000000,0.0000192202,0.2863105175,0.0927491103,0.0000000000,0.1032716879,0.0000000000,0.1823240104,0.2282420954,0.7717579046,0.1801256169,0.6056527591,0.0000000000
100000003567087100,peripheral,0.5730583258,22,0.2119617168,in_deg=1; out_deg=0; in=62115; out=0 KZT; tx=1/0; role_score=0.573; depth=1; truncated=0; is_seed=0,1,False,1,0,62115.0000000000,0.0000000000,1,0,0.0002969763,0.0000000000,False,True,1,1,0,0.0000000000,0.0000000000,0.0000000000,0.3552046263,0.0000000000,0.0000000000,0.0000000000,0.4269416742,0.0000000000,0.5730583258,0.4771197847,0.2626738448,0.0000000000
100000003568904100,peripheral,1.0000000000,12,0.2634150400,in_deg=1; out_deg=0; in=49000; out=0 KZT; tx=1/0; role_score=1.000; depth=4; truncated=1; is_seed=0,4,False,1,0,49000.0000000000,0.0000000000,1,0,0.0005285852,0.0000000000,True,True,1,1,0,0.0000000000,0.0000000000,0.0000000000,0.8062722420,0.0000000000,0.0000000000,0.0000000000,0.0000000000,0.0000000000,1.0000000000,0.4122925079,0.2626738448,0.0000000000
100000003574895100,peripheral,0.7840354847,0,0.3008377982,in_deg=1; out_deg=1; in=27968; out=20000 KZT; tx=1/1; role_score=0.784; depth=3; truncated=0; is_seed=0,3,False,1,1,27968.0000000000,20000.0000000000,1,1,0.0002856014,0.7151029748,False,True,1,1,0,0.0000000000,0.0000192202,0.2863105175,0.0518238434,0.0000000000,0.1644017205,0.0000000000,0.1021763507,0.2159645153,0.7840354847,0.4080305070,0.6056527591,0.0000000000
100000003581109100,peripheral,0.6082653370,0,0.1452361174,in_deg=1; out_deg=0; in=42750; out=0 KZT; tx=1/0; role_score=0.608; depth=3; truncated=0; is_seed=0,3,False,1,0,42750.0000000000,0.0000000000,1,0,0.0002864282,0.0000000000,False,True,1,1,0,0.0000000000,0.0000000000,0.0000000000,0.0767348754,0.0000000000,0.0000000000,0.0000000000,0.3917346630,0.0000000000,0.6082653370,0.3772992373,0.2626738448,0.0000000000
100000003582677100,coordinator,0.6569500844,2,0.5927303136,in_deg=2; out_deg=4; in=29757; out=56000 KZT; tx=2/5; bet_pct=0.826; pr_pct=0.264; depth=3; truncated=0; is_seed=0,3,False,2,4,29756.9900000000,56000.0000000000,2,5,0.0002917016,1.8819107712,False,True,4,18,0,0.0000000000,0.0001788815,0.8255425710,0.2635676157,0.4332628186,0.4869272807,0.5183317323,0.0000000000,0.6569500844,0.3430499156,0.5358905339,0.8685509197,0.0000000000
100000003589877100,distributor,0.6827269452,42,0.6913096026,in_deg=2; out_deg=6; in=176000; out=416129 KZT; tx=2/6; role_score=0.683; depth=1; truncated=0; is_seed=0,1,False,2,6,176000.0000000000,416129.0000000000,2,6,0.0003053031,2.3643693182,False,True,4,6,1,0.1666666667,0.0000954572,0.7320534224,0.4499555160,0.4896683288,0.6026747601,0.6827269452,0.0000000000,0.6474240505,0.3172730548,0.8817855541,0.8829071332,0.1471511889
100000003594472100,peripheral,0.6745240254,36,0.1322786148,in_deg=1; out_deg=0; in=20000; out=0 KZT; tx=1/0; role_score=0.675; depth=3; truncated=0; is_seed=0,3,False,1,0,20000.0000000000,0.0000000000,1,0,0.0002928411,0.0000000000,False,True,1,1,0,0.0000000000,0.0000000000,0.0000000000,0.2898131673,0.0000000000,0.0000000000,0.0000000000,0.3254759746,0.0000000000,0.6745240254,0.1976222521,0.2626738448,0.0000000000
100000003603979100,terminal,0.6646267755,34,0.4076068264,in_deg=1; out_deg=0; in=165000; out=0 KZT; tx=3/0; out/in=0; prev_day=0.000; depth=2; truncated=0; is_seed=0,2,False,1,0,165000.0000000000,0.0000000000,3,0,0.0005818108,0.0000000000,False,True,3,9,0,0.0000000000,0.0000000000,0.0000000000,0.8752224199,0.0000000000,0.0000000000,0.0000000000,0.6646267755,0.0000000000,0.3353732245,0.6707043517,0.7243158367,0.0000000000
100000003610172100,peripheral,0.5658809308,10,0.1744454519,in_deg=1; out_deg=0; in=70000; out=0 KZT; tx=1/0; role_score=0.566; depth=3; truncated=0; is_seed=0,3,False,1,0,70000.0000000000,0.0000000000,1,0,0.0002862871,0.0000000000,False,True,1,1,0,0.0000000000,0.0000000000,0.0000000000,0.0740658363,0.0000000000,0.0000000000,0.0000000000,0.4341190692,0.0000000000,0.5658809308,0.4957379991,0.2626738448,0.0000000000
100000003616818100,consolidator,0.6065843155,34,0.5041643255,in_deg=3; out_deg=3; in=78000; out=240100 KZT; tx=4/8; role_score=0.607; depth=1; truncated=0; is_seed=0,1,False,3,3,78000.0000000000,240100.0000000000,4,8,0.0005097713,3.0782051282,False,True,9,28,0,0.0000000000,0.0000019815,0.1477462437,0.7831405694,0.6065843155,0.5259347740,0.5394452450,0.0000000000,0.3383645414,0.3934156845,0.7862270076,0.9228353522,0.0000000000
100000003617552100,peripheral,0.6523118767,27,0.2300955368,in_deg=1; out_deg=0; in=25000; out=0 KZT; tx=1/0; role_score=0.652; depth=2; truncated=0; is_seed=0,2,False,1,0,25000.0000000000,0.0000000000,1,0,0.0005476914,0.0000000000,False,True,1,1,0,0.0000000000,0.0000000000,0.0000000000,0.8480871886,0.0000000000,0.0000000000,0.0000000000,0.3476881233,0.0000000000,0.6523118767,0.2539255271,0.2626738448,0.0000000000
100000003622955100,peripheral,1.0000000000,11,0.2173802814,in_deg=1; out_deg=0; in=15000; out=0 KZT; tx=1/0; role_score=1.000; depth=4; truncated=1; is_seed=0,4,False,1,0,15000.0000000000,0.0000000000,1,0,0.0013203500,0.0000000000,True,True,1,1,0,0.0000000000,0.0000000000,0.0000000000,0.9681939502,0.0000000000,0.0000000000,0.0000000000,0.0000000000,0.0000000000,1.0000000000,0.1310004486,0.2626738448,0.0000000000
100000003626268100,peripheral,1.0000000000,8,0.1616587108,in_deg=1; out_deg=0; in=5000; out=0 KZT; tx=1/0; role_score=1.000; depth=4; truncated=1; is_seed=0,4,False,1,0,5000.0000000000,0.0000000000,1,0,0.0005277510,0.0000000000,True,True,1,1,0,0.0000000000,0.0000000000,0.0000000000,0.8027135231,0.0000000000,0.0000000000,0.0000000000,0.0000000000,0.0000000000,1.0000000000,0.0074024226,0.2626738448,0.0000000000
100000003631015100,peripheral,1.0000000000,62,0.3113957085,in_deg=1; out_deg=0; in=266000; out=0 KZT; tx=1/0; role_score=1.000; depth=4; truncated=1; is_seed=0,4,False,1,0,266000.0000000000,0.0000000000,1,0,0.0003204795,0.0000000000,True,True,1,1,0,0.0000000000,0.0000000000,0.0000000000,0.5522686833,0.0000000000,0.0000000000,0.0000000000,0.0000000000,0.0000000000,1.0000000000,0.7566173172,0.2626738448,0.0000000000
100000003632533100,peripheral,1.0000000000,10,0.1663297389,in_deg=1; out_deg=0; in=10000; out=0 KZT; tx=1/0; role_score=1.000; depth=4; truncated=1; is_seed=0,4,False,1,0,10000.0000000000,0.0000000000,1,0,0.0004262843,0.0000000000,True,True,1,1,0,0.0000000000,0.0000000000,0.0000000000,0.7284252669,0.0000000000,0.0000000000,0.0000000000,0.0000000000,0.0000000000,1.0000000000,0.0706594886,0.2626738448,0.0000000000
100000003635170100,coordinator,0.8691747886,11,0.8360117999,in_deg=3; out_deg=4; in=268500; out=253500 KZT; tx=13/10; bet_pct=0.831; pr_pct=0.959; depth=1; truncated=0; is_seed=0,1,False,3,4,268500.0000000000,253500.0000000000,13,10,0.0011383485,0.9441340782,False,True,14,26,4,0.4000000000,0.0001880414,0.8305509182,0.9592971530,0.6563808660,0.7058670488,0.5989090161,0.0513370510,0.8691747886,0.1308252114,0.8692238672,0.9690444145,0.3876177658
100000003635660100,peripheral,0.6809459051,0,0.1131182705,in_deg=1; out_deg=0; in=18985; out=0 KZT; tx=1/0; role_score=0.681; depth=3; truncated=0; is_seed=0,3,False,1,0,18985.0000000000,0.0000000000,1,0,0.0002889493,0.0000000000,False,True,1,1,0,0.0000000000,0.0000000000,0.0000000000,0.1875000000,0.0000000000,0.0000000000,0.0000000000,0.3190540949,0.0000000000,0.6809459051,0.1823687752,0.2626738448,0.0000000000
100000003636627100,terminal,0.5663469954,1,0.4167395244,in_deg=1; out_deg=1; in=77000; out=10000 KZT; tx=8/1; out/in=0.13; prev_day=0.000; depth=3; truncated=0; is_seed=0,3,False,1,1,77000.0000000000,10000.0000000000,8,1,0.0020824454,0.1298701299,False,True,9,28,0,0.0000000000,0.0000000000,0.0000000000,0.9868772242,0.0000000000,0.1129251032,0.0000000000,0.5663469954,0.0000000000,0.4336530046,0.5390309556,0.8930013459,0.0000000000
100000003646145100,peripheral,1.0000000000,41,0.1762717002,in_deg=1; out_deg=0; in=5000; out=0 KZT; tx=1/0; role_score=1.000; depth=4; truncated=1; is_seed=0,4,False,1,0,5000.0000000000,0.0000000000,1,0,0.0006485334,0.0000000000,True,True,1,1,0,0.0000000000,0.0000000000,0.0000000000,0.9001334520,0.0000000000,0.0000000000,0.0000000000,0.0000000000,0.0000000000,1.0000000000,0.0074024226,0.2626738448,0.0000000000
100000003647799100,peripheral,0.5390601390,10,0.2012276802,in_deg=1; out_deg=0; in=100000; out=0 KZT; tx=1/0; role_score=0.539; depth=3; truncated=0; is_seed=0,3,False,1,0,100000.0000000000,0.0000000000,1,0,0.0002872514,0.0000000000,False,True,1,1,0,0.0000000000,0.0000000000,0.0000000000,0.1187722420,0.0000000000,0.0000000000,0.0000000000,0.4609398610,0.0000000000,0.5390601390,0.5760430686,0.2626738448,0.0000000000
100000003650146100,peripheral,0.7042157752,16,0.1269786144,in_deg=1; out_deg=0; in=14400; out=0 KZT; tx=1/0; role_score=0.704; depth=3; truncated=0; is_seed=0,3,False,1,0,14400.0000000000,0.0000000000,1,0,0.0002984897,0.0000000000,False,True,1,1,0,0.0000000000,0.0000000000,0.0000000000,0.3823398577,0.0000000000,0.0000000000,0.0000000000,0.2957842248,0.0000000000,0.7042157752,0.1209062360,0.2626738448,0.0000000000
100000003664994100,peripheral,1.0000000000,63,0.3927458424,in_deg=1; out_deg=0; in=338271; out=0 KZT; tx=2/0; role_score=1.000; depth=4; truncated=1; is_seed=0,4,False,1,0,338271.0000000000,0.0000000000,2,0,0.0003888193,0.0000000000,True,True,2,3,0,0.0000000000,0.0000000000,0.0000000000,0.6910587189,0.0000000000,0.0000000000,0.0000000000,0.0000000000,0.0000000000,1.0000000000,0.7929564827,0.6056527591,0.0000000000
100000003671721100,peripheral,0.7521909943,18,0.1702663621,in_deg=1; out_deg=0; in=5000; out=0 KZT; tx=1/0; role_score=0.752; depth=3; truncated=0; is_seed=0,3,False,1,0,5000.0000000000,0.0000000000,1,0,0.0005553712,0.0000000000,False,True,1,1,0,0.0000000000,0.0000000000,0.0000000000,0.8600978648,0.0000000000,0.0000000000,0.0000000000,0.2478090057,0.0000000000,0.7521909943,0.0074024226,0.2626738448,0.0000000000
100000003677936100,peripheral,0.6437011309,1,0.4105186232,in_deg=1; out_deg=1; in=71000; out=13000 KZT; tx=1/2; role_score=0.644; depth=3; truncated=0; is_seed=0,3,False,1,1,71000.0000000000,13000.0000000000,1,2,0.0003071811,0.1830985915,False,True,2,18,0,0.0000000000,0.0000192202,0.2863105175,0.4628558719,0.0000000000,0.1787893548,0.0000000000,0.3562988691,0.3392741238,0.6437011309,0.5289367429,0.7243158367,0.0000000000
100000003684369100,coordinator,0.9750786082,2,0.9689840320,in_deg=24; out_deg=62; in=3.84844e+06; out=8.58866e+06 KZT; tx=58/67; bet_pct=0.971; pr_pct=0.985; depth=0; truncated=0; is_seed=1,0,True,24,62,3848436.0000000000,8588655.0000000000,58,67,0.0020068752,2.2317260830,False,True,16,17,55,0.8208955224,0.0023030748,0.9707846411,0.9850978648,0.6391000232,0.9726554547,0.8521993611,0.0000000000,0.9750786082,0.0249213918,0.9988784208,0.9984297891,0.8196065433
100000003692843100,peripheral,1.0000000000,51,0.4264412841,in_deg=1; out_deg=0; in=510000; out=0 KZT; tx=2/0; role_score=1.000; depth=4; truncated=1; is_seed=0,4,False,1,0,510000.0000000000,0.0000000000,2,0,0.0005263212,0.0000000000,True,True,2,19,0,0.0000000000,0.0000000000,0.0000000000,0.7938167260,0.0000000000,0.0000000000,0.0000000000,0.0000000000,0.0000000000,1.0000000000,0.8660834455,0.6056527591,0.0000000000
100000003696422100,peripheral,1.0000000000,36,0.3798678283,in_deg=1; out_deg=0; in=118000; out=0 KZT; tx=2/0; role_score=1.000; depth=4; truncated=1; is_seed=0,4,False,1,0,118000.0000000000,0.0000000000,2,0,0.0007032348,0.0000000000,True,True,2,12,0,0.0000000000,0.0000000000,0.0000000000,0.9121441281,0.0000000000,0.0000000000,0.0000000000,0.0000000000,0.0000000000,1.0000000000,0.6087931808,0.6056527591,0.0000000000
100000003701161100,coordinator,0.8813911011,29,0.8815835208,in_deg=4; out_deg=3; in=1.5271e+06; out=349000 KZT; tx=13/7; bet_pct=0.841; pr_pct=0.977; depth=1; truncated=0; is_seed=0,1,False,4,3,1527103.0000000000,349000.0000000000,13,7,0.0016540682,0.2285373023,False,True,14,26,4,0.5714285714,0.0002130079,0.8405676127,0.9766459075,0.7698052929,0.5616446155,0.5249073693,0.7558422683,0.8813911011,0.1186088989,0.9665769403,0.9618663078,0.5496378901
100000003711830100,peripheral,0.5913417951,8,0.1924640656,in_deg=1; out_deg=0; in=50000; out=0 KZT; tx=1/0; role_score=0.591; depth=3; truncated=0; is_seed=0,3,False,1,0,50000.0000000000,0.0000000000,1,0,0.0002941301,0.0000000000,False,True,1,1,0,0.0000000000,0.0000000000,0.0000000000,0.3149466192,0.0000000000,0.0000000000,0.0000000000,0.4086582049,0.0000000000,0.5913417951,0.4232839838,0.2626738448,0.0000000000
100000003713616100,peripheral,0.6946962829,16,0.0846403573,in_deg=1; out_deg=0; in=15893; out=0 KZT; tx=1/0; role_score=0.695; depth=1; truncated=0; is_seed=0,1,False,1,0,15893.0000000000,0.0000000000,1,0,0.0002857348,0.0000000000,False,True,1,1,0,0.0000000000,0.0000000000,0.0000000000,0.0567170819,0.0000000000,0.0000000000,0.0000000000,0.3053037171,0.0000000000,0.6946962829,0.1469268730,0.2626738448,0.0000000000
100000003718221100,transit,0.7043440033,29,0.7588929869,in_deg=2; out_deg=4; in=350000; out=423500 KZT; tx=6/8; out/in=1.21; prev_day=0.500; depth=2; truncated=0; is_seed=0,2,False,2,4,350000.0000000000,423500.0000000000,6,8,0.0010463017,1.2100000000,False,True,11,26,4,0.5000000000,0.0000392331,0.5792988314,0.9535142349,0.5923239649,0.7043440033,0.6474143452,0.0000000000,0.6915634524,0.2956559967,0.9037685061,0.9358456707,0.4679228354
100000003718715100,peripheral,1.0000000000,12,0.4693554482,in_deg=1; out_deg=0; in=915000; out=0 KZT; tx=3/0; role_score=1.000; depth=4; truncated=1; is_seed=0,4,False,1,0,915000.0000000000,0.0000000000,3,0,0.0005720413,0.0000000000,True,True,3,13,0,0.0000000000,0.0000000000,0.0000000000,0.8707740214,0.0000000000,0.0000000000,0.0000000000,0.0000000000,0.0000000000,1.0000000000,0.9203678780,0.7243158367,0.0000000000
100000003724440100,consolidator,0.6961317619,2,0.2656302088,in_deg=2; out_deg=0; in=50000; out=0 KZT; tx=2/0; role_score=0.696; depth=2; truncated=0; is_seed=0,2,False,2,0,50000.0000000000,0.0000000000,2,0,0.0003063982,0.0000000000,False,True,2,3,0,0.0000000000,0.0000000000,0.0000000000,0.4597419929,0.6961317619,0.0000000000,0.0000000000,0.6961317619,0.0000000000,0.3038682381,0.4232839838,0.6056527591,0.0000000000
100000003736419100,peripheral,0.7330568370,0,0.3061947757,in_deg=1; out_deg=1; in=23300; out=10000 KZT; tx=1/1; role_score=0.733; depth=3; truncated=0; is_seed=0,3,False,1,1,23300.0000000000,10000.0000000000,1,1,0.0002900658,0.4291845494,False,True,1,1,0,0.0000000000,0.0000192202,0.2863105175,0.2217526690,0.0000000000,0.1253066855,0.0000000000,0.1929887535,0.2669431630,0.7330568370,0.3275011216,0.6056527591,0.0000000000
100000003739818100,peripheral,0.5778936235,2,0.2050548147,in_deg=1; out_deg=0; in=57293; out=0 KZT; tx=1/0; role_score=0.578; depth=1; truncated=0; is_seed=0,1,False,1,0,57293.0000000000,0.0000000000,1,0,0.0002954166,0.0000000000,False,True,1,1,0,0.0000000000,0.0000000000,0.0000000000,0.3360765125,0.0000000000,0.0000000000,0.0000000000,0.4221063765,0.0000000000,0.5778936235,0.4609690444,0.2626738448,0.0000000000
100000003741418100,consolidator,0.7915061197,10,0.6711719768,in_deg=9; out_deg=3; in=151900; out=39920 KZT; tx=13/3; role_score=0.792; depth=2; truncated=0; is_seed=0,2,False,9,3,151900.0000000000,39920.0000000000,13,3,0.0006286085,0.2628044766,False,True,11,16,0,0.0000000000,0.0000527549,0.6318864775,0.8943505338,0.7915061197,0.3705695516,0.3236071085,0.6668511636,0.7106256944,0.2084938803,0.6969493046,0.9441453567,0.0000000000
100000003747133100,consolidator,0.7879808315,54,0.7091144277,in_deg=5; out_deg=2; in=237068; out=250000 KZT; tx=8/2; role_score=0.788; depth=2; truncated=0; is_seed=0,2,False,5,2,237068.0000000000,250000.0000000000,8,2,0.0003759167,1.0545497494,False,True,8,13,0,0.0000000000,0.0000961012,0.7370617696,0.6763790036,0.7879808315,0.4816668463,0.3490634006,0.0000000000,0.7188569398,0.2120191685,0.8562135487,0.9042171377,0.0000000000
100000003760160100,peripheral,0.5346781505,10,0.2054768837,in_deg=1; out_deg=0; in=104470; out=0 KZT; tx=1/0; role_score=0.535; depth=3; truncated=0; is_seed=0,3,False,1,0,104470.0000000000,0.0000000000,1,0,0.0002873950,0.0000000000,False,True,1,1,0,0.0000000000,0.0000000000,0.0000000000,0.1287811388,0.0000000000,0.0000000000,0.0000000000,0.4653218495,0.0000000000,0.5346781505,0.5870345446,0.2626738448,0.0000000000
100000003770083100,peripheral,1.0000000000,64,0.0000000000,in_deg=0; out_deg=0; in=0; out=0 KZT; tx=0/0; observed_edges=0; depth=0; truncated=0; is_seed=1,0,True,0,0,0.0000000000,0.0000000000,0,0,0.0002840373,-1.0000000000,False,False,0,0,0,0.0000000000,0.0000000000,0.0000000000,0.0093416370,0.0000000000,0.0000000000,0.0000000000,0.0000000000,0.0000000000,1.0000000000,0.0000000000,0.0000000000,0.0000000000
100000003781406100,terminal,0.5315049864,7,0.3257352979,in_deg=1; out_deg=0; in=45000; out=0 KZT; tx=2/0; out/in=0; prev_day=0.000; depth=3; truncated=0; is_seed=0,3,False,1,0,45000.0000000000,0.0000000000,2,0,0.0007181143,0.0000000000,False,True,1,1,0,0.0000000000,0.0000000000,0.0000000000,0.9161476868,0.0000000000,0.0000000000,0.0000000000,0.5315049864,0.0000000000,0.4684950136,0.3898609242,0.6056527591,0.0000000000
100000003782913100,peripheral,1.0000000000,40,0.2718021971,in_deg=1; out_deg=0; in=200000; out=0 KZT; tx=1/0; role_score=1.000; depth=4; truncated=1; is_seed=0,4,False,1,0,200000.0000000000,0.0000000000,1,0,0.0002977853,0.0000000000,True,True,1,1,0,0.0000000000,0.0000000000,0.0000000000,0.3694395018,0.0000000000,0.0000000000,0.0000000000,0.0000000000,0.0000000000,1.0000000000,0.7079407806,0.2626738448,0.0000000000
100000003786516100,peripheral,1.0000000000,0,0.0802530169,in_deg=1; out_deg=0; in=5000; out=0 KZT; tx=1/0; role_score=1.000; depth=4; truncated=1; is_seed=0,4,False,1,0,5000.0000000000,0.0000000000,1,0,0.0002915777,0.0000000000,True,True,1,1,0,0.0000000000,0.0000000000,0.0000000000,0.2600088968,0.0000000000,0.0000000000,0.0000000000,0.0000000000,0.0000000000,1.0000000000,0.0074024226,0.2626738448,0.0000000000
100000003792647100,peripheral,1.0000000000,10,0.1564322017,in_deg=1; out_deg=0; in=8000; out=0 KZT; tx=1/0; role_score=1.000; depth=4; truncated=1; is_seed=0,4,False,1,0,8000.0000000000,0.0000000000,1,0,0.0003978349,0.0000000000,True,True,1,1,0,0.0000000000,0.0000000000,0.0000000000,0.7061832740,0.0000000000,0.0000000000,0.0000000000,0.0000000000,0.0000000000,1.0000000000,0.0444145357,0.2626738448,0.0000000000
100000003795588100,terminal,0.6780749471,0,0.3791324256,in_deg=1; out_deg=0; in=400000; out=0 KZT; tx=2/0; out/in=0; prev_day=0.000; depth=3; truncated=0; is_seed=0,3,False,1,0,400000.0000000000,0.0000000000,2,0,0.0003192403,0.0000000000,False,True,1,1,0,0.0000000000,0.0000000000,0.0000000000,0.5487099644,0.0000000000,0.0000000000,0.0000000000,0.6780749471,0.0000000000,0.3219250529,0.8239120682,0.6056527591,0.0000000000
100000003796063100,coordinator,0.9331601379,10,0.8434418904,in_deg=1; out_deg=15; in=35000; out=959150 KZT; tx=1/23; bet_pct=0.944; pr_pct=0.908; depth=3; truncated=0; is_seed=0,3,False,1,15,35000.0000000000,959150.0000000000,1,23,0.0006808526,27.4042857143,False,True,11,12,0,0.0000000000,0.0011789272,0.9440734558,0.9076957295,0.0000000000,0.2490384124,0.8854616955,0.0000000000,0.9331601379,0.0668398621,0.9244055630,0.9717362046,0.0000000000
100000003798151100,terminal,0.7076911454,16,0.4390621632,in_deg=1; out_deg=0; in=350000; out=0 KZT; tx=3/0; out/in=0; prev_day=0.000; depth=2; truncated=0; is_seed=0,2,False,1,0,350000.0000000000,0.0000000000,3,0,0.0005719004,0.0000000000,False,True,3,18,0,0.0000000000,0.0000000000,0.0000000000,0.8703291815,0.0000000000,0.0000000000,0.0000000000,0.7076911454,0.0000000000,0.2923088546,0.7994616420,0.7243158367,0.0000000000
100000003809101100,coordinator,0.7463086090,11,0.7279434476,in_deg=2; out_deg=2; in=166050; out=55200 KZT; tx=3/4; bet_pct=0.787; pr_pct=0.651; depth=1; truncated=0; is_seed=0,1,False,2,2,166050.0000000000,55200.0000000000,3,4,0.0003599223,0.3324299910,False,True,5,20,2,0.5000000000,0.0001333396,0.7871452421,0.6510231317,0.6124206709,0.4109245635,0.3935518732,0.5451115637,0.7463086090,0.2536913910,0.7243158367,0.8685509197,0.4342754598
100000003814002100,peripheral,0.6345572681,10,0.1204443280,in_deg=1; out_deg=0; in=30000; out=0 KZT; tx=1/0; role_score=0.635; depth=3; truncated=0; is_seed=0,3,False,1,0,30000.0000000000,0.0000000000,1,0,0.0002850015,0.0000000000,False,True,1,1,0,0.0000000000,0.0000000000,0.0000000000,0.0366992883,0.0000000000,0.0000000000,0.0000000000,0.3654427319,0.0000000000,0.6345572681,0.3021534320,0.2626738448,0.0000000000
100000003819173100,peripheral,1.0000000000,8,0.2442590363,in_deg=1; out_deg=0; in=143777; out=0 KZT; tx=1/0; role_score=1.000; depth=4; truncated=1; is_seed=0,4,False,1,0,143777.0000000000,0.0000000000,1,0,0.0002936127,0.0000000000,True,True,1,1,0,0.0000000000,0.0000000000,0.0000000000,0.3058274021,0.0000000000,0.0000000000,0.0000000000,0.0000000000,0.0000000000,1.0000000000,0.6359353970,0.2626738448,0.0000000000
100000003823811100,coordinator,0.7378974967,47,0.6281905608,in_deg=1; out_deg=3; in=30000; out=66130 KZT; tx=1/3; bet_pct=0.780; pr_pct=0.639; depth=2; truncated=0; is_seed=0,2,False,1,3,30000.0000000000,66130.0000000000,1,3,0.0003548314,2.2043333333,False,True,4,19,0,0.0000000000,0.0001245234,0.7804674457,0.6385676157,0.0000000000,0.2789837230,0.4866714697,0.0000000000,0.7378974967,0.2621025033,0.5655002243,0.7857783760,0.0000000000
100000003824464100,terminal,0.5061952251,29,0.2996602932,in_deg=1; out_deg=0; in=200000; out=0 KZT; tx=1/0; out/in=0; prev_day=0.000; depth=2; truncated=0; is_seed=0,2,False,1,0,200000.0000000000,0.0000000000,1,0,0.0003214609,0.0000000000,False,True,1,1,0,0.0000000000,0.0000000000,0.0000000000,0.5551601423,0.0000000000,0.0000000000,0.0000000000,0.5061952251,0.0000000000,0.4938047749,0.7079407806,0.2626738448,0.0000000000
100000003831201100,terminal,0.5611211846,0,0.3238079379,in_deg=1; out_deg=0; in=40500; out=0 KZT; tx=3/0; out/in=0; prev_day=0.000; depth=2; truncated=0; is_seed=0,2,False,1,0,40500.0000000000,0.0000000000,3,0,0.0005311625,0.0000000000,False,True,3,8,0,0.0000000000,0.0000000000,0.0000000000,0.8182829181,0.0000000000,0.0000000000,0.0000000000,0.5611211846,0.0000000000,0.4388788154,0.3696724989,0.7243158367,0.0000000000
100000003831324100,consolidator,0.8165608945,1,0.3621725119,in_deg=2; out_deg=0; in=300000; out=0 KZT; tx=2/0; role_score=0.817; depth=1; truncated=0; is_seed=0,1,False,2,0,300000.0000000000,0.0000000000,2,0,0.0003134703,0.0000000000,False,True,2,8,0,0.0000000000,0.0000000000,0.0000000000,0.5149021352,0.8165608945,0.0000000000,0.0000000000,0.8165608945,0.0000000000,0.1834391055,0.7763571108,0.6056527591,0.0000000000
100000003832231100,peripheral,0.6221668178,2,0.1608555444,in_deg=1; out_deg=0; in=35000; out=0 KZT; tx=1/0; role_score=0.622; depth=1; truncated=0; is_seed=0,1,False,1,0,35000.0000000000,0.0000000000,1,0,0.0002909888,0.0000000000,False,True,1,1,0,0.0000000000,0.0000000000,0.0000000000,0.2466637011,0.0000000000,0.0000000000,0.0000000000,0.3778331822,0.0000000000,0.6221668178,0.3378196501,0.2626738448,0.0000000000
100000003834495100,terminal,0.9029618439,0,0.6242366664,in_deg=3; out_deg=1; in=602441; out=20000 KZT; tx=5/1; out/in=0.0332; prev_day=1.000; depth=3; truncated=0; is_seed=0,3,False,3,1,602441.0000000000,20000.0000000000,5,1,0.0006169955,0.0331982717,False,True,4,25,1,1.0000000000,0.0000028717,0.1627712855,0.8903469751,0.8172219704,0.1504215762,0.0000000000,0.9029618439,0.3810439924,0.0970381561,0.8871691341,0.8476895469,0.8476895469
100000003835149100,distributor,0.6702289465,21,0.5528547703,in_deg=1; out_deg=2; in=248500; out=4.60044e+06 KZT; tx=1/13; role_score=0.670; depth=1; truncated=0; is_seed=0,1,False,1,2,248500.0000000000,4600440.0000000000,1,13,0.0004860433,18.5128370221,False,True,12,28,0,0.0000000000,0.0000017833,0.1393989983,0.7680160142,0.0000000000,0.3442341304,0.6702289465,0.0000000000,0.3279841031,0.3297710535,0.9939434724,0.9358456707,0.0000000000
100000003838587100,peripheral,1.0000000000,40,0.1743445198,in_deg=1; out_deg=0; in=6000; out=0 KZT; tx=1/0; role_score=1.000; depth=4; truncated=1; is_seed=0,4,False,1,0,6000.0000000000,0.0000000000,1,0,0.0005518065,0.0000000000,True,True,1,1,0,0.0000000000,0.0000000000,0.0000000000,0.8547597865,0.0000000000,0.0000000000,0.0000000000,0.0000000000,0.0000000000,1.0000000000,0.0269179004,0.2626738448,0.0000000000
100000003843844100,peripheral,0.7321226733,12,0.4124828536,in_deg=1; out_deg=1; in=16680; out=238000 KZT; tx=1/1; role_score=0.732; depth=3; truncated=0; is_seed=0,3,False,1,1,16680.0000000000,238000.0000000000,1,1,0.0002901658,14.2685851319,False,True,2,10,0,0.0000000000,0.0000192202,0.2863105175,0.2248665480,0.0000000000,0.2062173922,0.0000000000,0.0000000000,0.2678773267,0.7321226733,0.7507851054,0.6056527591,0.0000000000
100000003854444100,distributor,0.8928434198,43,0.8422891194,in_deg=1; out_deg=14; in=210000; out=2.32291e+06 KZT; tx=4/14; role_score=0.893; depth=2; truncated=0; is_seed=0,2,False,1,14,210000.0000000000,2322909.0000000000,4,14,0.0004640394,11.0614714286,False,True,10,16,2,0.1428571429,0.0010752598,0.9373956594,0.7520017794,0.0000000000,0.4789939641,0.8928434198,0.0000000000,0.8817774954,0.1071565802,0.9777927322,0.9553611485,0.1364801641
100000003865939100,peripheral,0.5556814748,65,0.2882885729,in_deg=1; out_deg=0; in=81465; out=0 KZT; tx=1/0; role_score=0.556; depth=1; truncated=0; is_seed=0,1,False,1,0,81465.0000000000,0.0000000000,1,0,0.0005254690,0.0000000000,False,True,1,1,0,0.0000000000,0.0000000000,0.0000000000,0.7911476868,0.0000000000,0.0000000000,0.0000000000,0.4443185252,0.0000000000,0.5556814748,0.5208613728,0.2626738448,0.0000000000
100000003873332100,coordinator,0.7018806181,43,0.6807743153,in_deg=1; out_deg=4; in=23468; out=286000 KZT; tx=1/8; bet_pct=0.931; pr_pct=0.168; depth=1; truncated=0; is_seed=0,1,False,1,4,23468.0000000000,286000.0000000000,1,8,0.0002884067,12.1868075678,False,True,9,27,0,0.0000000000,0.0008935591,0.9307178631,0.1679270463,0.0000000000,0.2270000885,0.6775936599,0.0000000000,0.7018806181,0.2981193819,0.7835352176,0.8930013459,0.0000000000
100000003877908100,peripheral,0.6127984285,2,0.1712109383,in_deg=1; out_deg=0; in=40000; out=0 KZT; tx=1/0; role_score=0.613; depth=1; truncated=0; is_seed=0,1,False,1,0,40000.0000000000,0.0000000000,1,0,0.0002919819,0.0000000000,False,True,1,1,0,0.0000000000,0.0000000000,0.0000000000,0.2704626335,0.0000000000,0.0000000000,0.0000000000,0.3872015715,0.0000000000,0.6127984285,0.3649618663,0.2626738448,0.0000000000
100000003880331100,distributor,0.9316621461,8,0.7985528186,in_deg=1; out_deg=16; in=100000; out=3.90491e+06 KZT; tx=1/31; role_score=0.932; depth=3; truncated=0; is_seed=0,3,False,1,16,100000.0000000000,3904908.0000000000,1,31,0.0003059556,39.0490800000,False,True,8,19,5,0.1612903226,0.0006596541,0.9140233723,0.4559608541,0.0000000000,0.3099964525,0.9316621461,0.0000000000,0.7766046168,0.0683378539,0.9885598923,0.9818304172,0.1583597447
100000003886323100,terminal,0.7173586382,16,0.5116068044,in_deg=2; out_deg=1; in=78168; out=7650 KZT; tx=6/1; out/in=0.0979; prev_day=0.000; depth=1; truncated=0; is_seed=0,1,False,2,1,78168.0000000000,7650.0000000000,6,1,0.0018965814,0.0978661345,False,True,6,20,0,0.0000000000,0.0000192202,0.2863105175,0.9802046263,0.6626498439,0.1039883560,0.0000000000,0.7173586382,0.4944787502,0.2826413618,0.5363391655,0.8685509197,0.0000000000
100000003888197100,peripheral,0.5541704442,10,0.1849761924,in_deg=1; out_deg=0; in=83167; out=0 KZT; tx=1/0; role_score=0.554; depth=3; truncated=0; is_seed=0,3,False,1,0,83167.0000000000,0.0000000000,1,0,0.0002867103,0.0000000000,False,True,1,1,0,0.0000000000,0.0000000000,0.0000000000,0.0923042705,0.0000000000,0.0000000000,0.0000000000,0.4458295558,0.0000000000,0.5541704442,0.5269179004,0.2626738448,0.0000000000
100000003888271100,peripheral,0.6299631764,23,0.2548348098,in_deg=1; out_deg=2; in=12177; out=25590 KZT; tx=2/3; role_score=0.630; depth=1; truncated=0; is_seed=0,1,False,1,2,12177.0000000000,25590.0000000000,2,3,0.0002898032,2.1015028332,False,True,5,24,0,0.0000000000,0.0000003963,0.0300500835,0.2164145907,0.0000000000,0.3254554127,0.3700368236,0.0000000000,0.0859594357,0.6299631764,0.3537460745,0.8227904890,0.0000000000
100000003888527100,peripheral,0.6345572681,63,0.2138606981,in_deg=1; out_deg=0; in=30000; out=0 KZT; tx=1/0; role_score=0.635; depth=3; truncated=0; is_seed=0,3,False,1,0,30000.0000000000,0.0000000000,1,0,0.0003645480,0.0000000000,False,True,1,1,0,0.0000000000,0.0000000000,0.0000000000,0.6594750890,0.0000000000,0.0000000000,0.0000000000,0.3654427319,0.0000000000,0.6345572681,0.3021534320,0.2626738448,0.0000000000
100000003896956100,peripheral,0.7676208940,16,0.3481433440,in_deg=1; out_deg=1; in=10000; out=27000 KZT; tx=1/2; role_score=0.768; depth=3; truncated=0; is_seed=0,3,False,1,1,10000.0000000000,27000.0000000000,1,2,0.0002870128,2.7000000000,False,True,3,4,1,0.5000000000,0.0000192202,0.2863105175,0.1065391459,0.0000000000,0.2188671748,0.0000000000,0.0000000000,0.2323791060,0.7676208940,0.3483624944,0.7243158367,0.3621579183
100000003899325100,peripheral,0.5884708371,8,0.1964484806,in_deg=1; out_deg=0; in=50120; out=0 KZT; tx=1/0; role_score=0.588; depth=3; truncated=0; is_seed=0,3,False,1,0,50120.0000000000,0.0000000000,1,0,0.0002950227,0.0000000000,False,True,1,1,0,0.0000000000,0.0000000000,0.0000000000,0.3302935943,0.0000000000,0.0000000000,0.0000000000,0.4115291629,0.0000000000,0.5884708371,0.4300134590,0.2626738448,0.0000000000
100000003899899100,terminal,0.8195622092,16,0.6552624296,in_deg=2; out_deg=1; in=218500; out=10000 KZT; tx=5/1; out/in=0.0458; prev_day=1.000; depth=3; truncated=0; is_seed=0,3,False,2,1,218500.0000000000,10000.0000000000,5,1,0.0006499476,0.0457665904,False,True,5,16,1,1.0000000000,0.0000194184,0.3606010017,0.9010231317,0.7157247910,0.1259926261,0.0000000000,0.8195622092,0.5227276407,0.1804377908,0.7279048901,0.8476895469,0.8476895469
100000003900547100,peripheral,0.6588848595,16,0.1116788773,in_deg=1; out_deg=0; in=23700; out=0 KZT; tx=1/0; role_score=0.659; depth=1; truncated=0; is_seed=0,1,False,1,0,23700.0000000000,0.0000000000,1,0,0.0002865687,0.0000000000,False,True,1,1,0,0.0000000000,0.0000000000,0.0000000000,0.0851868327,0.0000000000,0.0000000000,0.0000000000,0.3411151405,0.0000000000,0.6588848595,0.2379991027,0.2626738448,0.0000000000
100000003904497100,peripheral,1.0000000000,4,0.1482469987,in_deg=1; out_deg=0; in=10000; out=0 KZT; tx=1/0; role_score=1.000; depth=4; truncated=1; is_seed=0,4,False,1,0,10000.0000000000,0.0000000000,1,0,0.0003393431,0.0000000000,True,True,1,1,0,0.0000000000,0.0000000000,0.0000000000,0.6078736655,0.0000000000,0.0000000000,0.0000000000,0.0000000000,0.0000000000,1.0000000000,0.0706594886,0.2626738448,0.0000000000
100000003917461100,coordinator,0.5099688686,7,0.5439256636,in_deg=1; out_deg=2; in=10000; out=140000 KZT; tx=1/5; bet_pct=0.427; pr_pct=0.705; depth=3; truncated=0; is_seed=0,3,False,1,2,10000.0000000000,140000.0000000000,1,5,0.0003967252,14.0000000000,False,True,5,28,0,0.0000000000,0.0000202110,0.4265442404,0.7046263345,0.0000000000,0.1844226244,0.5027217419,0.0000000000,0.5099688686,0.4900311314,0.6471511889,0.8476895469,0.0000000000
100000003920950100,terminal,0.5321093986,1,0.3403988980,in_deg=1; out_deg=0; in=323290; out=0 KZT; tx=1/0; out/in=0; prev_day=0.000; depth=3; truncated=0; is_seed=0,3,False,1,0,323290.0000000000,0.0000000000,1,0,0.0003894199,0.0000000000,False,True,1,1,0,0.0000000000,0.0000000000,0.0000000000,0.6932829181,0.0000000000,0.0000000000,0.0000000000,0.5321093986,0.0000000000,0.4678906014,0.7880215343,0.2626738448,0.0000000000
100000003922499100,peripheral,0.5913417951,7,0.2681646883,in_deg=1; out_deg=0; in=50000; out=0 KZT; tx=1/0; role_score=0.591; depth=2; truncated=0; is_seed=0,2,False,1,0,50000.0000000000,0.0000000000,1,0,0.0005320698,0.0000000000,False,True,1,1,0,0.0000000000,0.0000000000,0.0000000000,0.8196174377,0.0000000000,0.0000000000,0.0000000000,0.4086582049,0.0000000000,0.5913417951,0.4232839838,0.2626738448,0.0000000000
100000003923946100,distributor,0.6687319885,1,0.5377976912,in_deg=1; out_deg=4; in=282000; out=675000 KZT; tx=3/4; role_score=0.669; depth=1; truncated=0; is_seed=0,1,False,1,4,282000.0000000000,675000.0000000000,3,4,0.0003871803,2.3936170213,False,True,3,4,1,0.2500000000,0.0000019815,0.1477462437,0.6888345196,0.0000000000,0.5439504634,0.6687319885,0.0000000000,0.3100727265,0.3312680115,0.9230596680,0.8685509197,0.2171377299
100000003927792100,peripheral,0.7084466606,3,0.0908329711,in_deg=1; out_deg=0; in=13067; out=0 KZT; tx=1/0; role_score=0.708; depth=2; truncated=0; is_seed=0,2,False,1,0,13067.0000000000,0.0000000000,1,0,0.0002881623,0.0000000000,False,True,1,1,0,0.0000000000,0.0000000000,0.0000000000,0.1608096085,0.0000000000,0.0000000000,0.0000000000,0.2915533394,0.0000000000,0.7084466606,0.1092418125,0.2626738448,0.0000000000
100000003934614100,peripheral,0.5026191196,59,0.2650294197,in_deg=2; out_deg=1; in=17000; out=11500 KZT; tx=2/2; role_score=0.503; depth=3; truncated=0; is_seed=0,3,False,2,1,17000.0000000000,11500.0000000000,2,2,0.0003117111,0.6764705882,False,True,3,10,0,0.0000000000,0.0000000660,0.0008347245,0.5002224199,0.4973808804,0.2087136944,0.0000000000,0.1931008124,0.1506510332,0.5026191196,0.2873485868,0.7857783760,0.0000000000
100000003942602100,peripheral,0.7987752161,22,0.2422968565,in_deg=1; out_deg=1; in=30000; out=30000 KZT; tx=1/1; role_score=0.799; depth=1; truncated=0; is_seed=0,1,False,1,1,30000.0000000000,30000.0000000000,1,1,0.0002902865,1.0000000000,False,True,1,1,0,0.0000000000,0.0000000000,0.0000000000,0.2264234875,0.0000000000,0.2012247839,0.0000000000,0.0000000000,0.0000000000,0.7987752161,0.4699416779,0.6056527591,0.0000000000
100000003943247100,peripheral,0.6127984285,0,0.1416846928,in_deg=1; out_deg=0; in=40000; out=0 KZT; tx=1/0; role_score=0.613; depth=3; truncated=0; is_seed=0,3,False,1,0,40000.0000000000,0.0000000000,1,0,0.0002862744,0.0000000000,False,True,1,1,0,0.0000000000,0.0000000000,0.0000000000,0.0736209964,0.0000000000,0.0000000000,0.0000000000,0.3872015715,0.0000000000,0.6127984285,0.3649618663,0.2626738448,0.0000000000
100000003943483100,peripheral,0.7238591720,7,0.1428421944,in_deg=1; out_deg=0; in=10000; out=0 KZT; tx=1/0; role_score=0.724; depth=2; truncated=0; is_seed=0,2,False,1,0,10000.0000000000,0.0000000000,1,0,0.0003271453,0.0000000000,False,True,1,1,0,0.0000000000,0.0000000000,0.0000000000,0.5718416370,0.0000000000,0.0000000000,0.0000000000,0.2761408280,0.0000000000,0.7238591720,0.0706594886,0.2626738448,0.0000000000
100000003946524100,coordinator,0.7093675922,2,0.6630507768,in_deg=2; out_deg=2; in=133757; out=144750 KZT; tx=2/2; bet_pct=0.772; pr_pct=0.563; depth=1; truncated=0; is_seed=0,1,False,2,2,133757.0000000000,144750.0000000000,2,2,0.0003242241,1.0821863529,False,True,4,24,0,0.0000000000,0.0001194826,0.7721202003,0.5629448399,0.5745693563,0.4515090022,0.3843659942,0.0000000000,0.7093675922,0.2906324078,0.7620008973,0.7857783760,0.0000000000
100000003950749100,peripheral,1.0000000000,16,0.1510238252,in_deg=1; out_deg=0; in=7000; out=0 KZT; tx=1/0; role_score=1.000; depth=4; truncated=1; is_seed=0,4,False,1,0,7000.0000000000,0.0000000000,1,0,0.0003818014,0.0000000000,True,True,1,1,0,0.0000000000,0.0000000000,0.0000000000,0.6817170819,0.0000000000,0.0000000000,0.0000000000,0.0000000000,0.0000000000,1.0000000000,0.0374607447,0.2626738448,0.0000000000
100000003951827100,peripheral,0.6843980147,0,0.2154670194,in_deg=1; out_deg=2; in=9000; out=17000 KZT; tx=1/2; role_score=0.684; depth=3; truncated=0; is_seed=0,3,False,1,2,9000.0000000000,17000.0000000000,1,2,0.0002845406,1.8888888889,False,True,3,25,0,0.0000000000,0.0000013265,0.1076794658,0.0193505338,0.0000000000,0.2097741454,0.3156019853,0.0000000000,0.0811807862,0.6843980147,0.2649170031,0.7243158367,0.0000000000
100000003962994100,peripheral,0.7238591720,19,0.1715343652,in_deg=1; out_deg=0; in=10000; out=0 KZT; tx=1/0; role_score=0.724; depth=3; truncated=0; is_seed=0,3,False,1,0,10000.0000000000,0.0000000000,1,0,0.0004782796,0.0000000000,False,True,1,1,0,0.0000000000,0.0000000000,0.0000000000,0.7631227758,0.0000000000,0.0000000000,0.0000000000,0.2761408280,0.0000000000,0.7238591720,0.0706594886,0.2626738448,0.0000000000
100000003964910100,consolidator,0.8553188274,28,0.4395460388,in_deg=2; out_deg=0; in=1e+06; out=0 KZT; tx=2/0; role_score=0.855; depth=3; truncated=0; is_seed=0,3,False,2,0,1000000.0000000000,0.0000000000,2,0,0.0005062073,0.0000000000,False,True,1,1,0,0.0000000000,0.0000000000,0.0000000000,0.7813612100,0.8553188274,0.0000000000,0.0000000000,0.8553188274,0.0000000000,0.1446811726,0.9259757739,0.6056527591,0.0000000000
100000003968044100,distributor,0.5946805956,8,0.6123525980,in_deg=1; out_deg=3; in=40000; out=311000 KZT; tx=1/4; role_score=0.595; depth=3; truncated=0; is_seed=0,3,False,1,3,40000.0000000000,311000.0000000000,1,4,0.0002943866,7.7750000000,False,True,5,22,0,0.0000000000,0.0000656150,0.6869782972,0.3200622776,0.0000000000,0.2641312328,0.5946805956,0.0000000000,0.5769034913,0.4053194044,0.8019291162,0.8227904890,0.0000000000
100000003970394100,peripheral,0.5528105168,7,0.2289734786,in_deg=1; out_deg=0; in=85000; out=0 KZT; tx=1/0; role_score=0.553; depth=1; truncated=0; is_seed=0,1,False,1,0,85000.0000000000,0.0000000000,1,0,0.0002980514,0.0000000000,False,True,1,1,0,0.0000000000,0.0000000000,0.0000000000,0.3747775801,0.0000000000,0.0000000000,0.0000000000,0.4471894832,0.0000000000,0.5528105168,0.5334230597,0.2626738448,0.0000000000
100000003971049100,terminal,0.6265488063,0,0.2876112349,in_deg=1; out_deg=0; in=55900; out=0 KZT; tx=7/0; out/in=0; prev_day=0.000; depth=2; truncated=0; is_seed=0,2,False,1,0,55900.0000000000,0.0000000000,7,0,0.0002926742,0.0000000000,False,True,7,17,0,0.0000000000,0.0000000000,0.0000000000,0.2858096085,0.0000000000,0.0000000000,0.0000000000,0.6265488063,0.0000000000,0.3734511937,0.4578286227,0.8685509197,0.0000000000
100000003975102100,peripheral,0.5961415306,16,0.4564711601,in_deg=1; out_deg=2; in=25650; out=88500 KZT; tx=1/2; role_score=0.596; depth=0; truncated=0; is_seed=1,0,True,1,2,25650.0000000000,88500.0000000000,1,2,0.0003434864,3.4502923977,False,True,3,17,1,0.5000000000,0.0000059147,0.1944908180,0.6167704626,0.0000000000,0.3339641886,0.4038584694,0.0000000000,0.3211747114,0.5961415306,0.6040825482,0.7243158367,0.3621579183
100000003977183100,transit,0.6858114234,1,0.4935330161,in_deg=2; out_deg=4; in=123800; out=766000 KZT; tx=2/6; out/in=unavailable; prev_day=0.000; depth=0; truncated=0; is_seed=1,0,True,2,4,123800.0000000000,766000.0000000000,2,6,0.0003296102,6.1873990307,False,True,6,10,0,0.0000000000,0.0000015852,0.1285475793,0.5794039146,0.5080084618,0.6858114234,0.6552193404,0.0000000000,0.2638044799,0.3141885766,0.9167788246,0.8829071332,0.0000000000
100000003980083100,peripheral,0.6345572681,58,0.2336115877,in_deg=1; out_deg=0; in=30000; out=0 KZT; tx=1/0; role_score=0.635; depth=1; truncated=0; is_seed=0,1,False,1,0,30000.0000000000,0.0000000000,1,0,0.0005254690,0.0000000000,False,True,1,1,0,0.0000000000,0.0000000000,0.0000000000,0.7911476868,0.0000000000,0.0000000000,0.0000000000,0.3654427319,0.0000000000,0.6345572681,0.3021534320,0.2626738448,0.0000000000
100000003985389100,peripheral,1.0000000000,8,0.4649303793,in_deg=1; out_deg=0; in=422698; out=0 KZT; tx=16/0; role_score=1.000; depth=4; truncated=1; is_seed=0,4,False,1,0,422698.0000000000,0.0000000000,16,0,0.0004874633,0.0000000000,True,True,15,26,0,0.0000000000,0.0000000000,0.0000000000,0.7702402135,0.0000000000,0.0000000000,0.0000000000,0.0000000000,0.0000000000,1.0000000000,0.8310901750,0.9441453567,0.0000000000
100000003986141100,peripheral,0.7469779390,28,0.0503583914,in_deg=1; out_deg=0; in=5286.32; out=0 KZT; tx=1/0; role_score=0.747; depth=3; truncated=0; is_seed=0,3,False,1,0,5286.3200000000,0.0000000000,1,0,0.0002853053,0.0000000000,False,True,1,1,0,0.0000000000,0.0000000000,0.0000000000,0.0442615658,0.0000000000,0.0000000000,0.0000000000,0.2530220610,0.0000000000,0.7469779390,0.0172723194,0.2626738448,0.0000000000
100000003988112100,peripheral,0.6161769620,47,0.4469143092,in_deg=1; out_deg=1; in=92000; out=64000 KZT; tx=2/5; role_score=0.616; depth=2; truncated=0; is_seed=0,2,False,1,1,92000.0000000000,64000.0000000000,2,5,0.0005011394,0.6956521739,False,True,3,3,2,0.4000000000,0.0000000000,0.0000000000,0.7782473310,0.0000000000,0.3838230380,0.0000000000,0.1792837715,0.0000000000,0.6161769620,0.6606101391,0.8685509197,0.3474203679
100000003989033100,peripheral,1.0000000000,18,0.4746244356,in_deg=1; out_deg=0; in=373400; out=0 KZT; tx=13/0; role_score=1.000; depth=4; truncated=1; is_seed=0,4,False,1,0,373400.0000000000,0.0000000000,13,0,0.0005952275,0.0000000000,True,True,12,25,0,0.0000000000,0.0000000000,0.0000000000,0.8814501779,0.0000000000,0.0000000000,0.0000000000,0.0000000000,0.0000000000,1.0000000000,0.8113503813,0.9304620906,0.0000000000
100000003996562100,peripheral,0.7365518283,0,0.1359416386,in_deg=1; out_deg=0; in=7700; out=0 KZT; tx=1/0; role_score=0.737; depth=3; truncated=0; is_seed=0,3,False,1,0,7700.0000000000,0.0000000000,1,0,0.0003279803,0.0000000000,False,True,1,1,0,0.0000000000,0.0000000000,0.0000000000,0.5740658363,0.0000000000,0.0000000000,0.0000000000,0.2634481717,0.0000000000,0.7365518283,0.0417227456,0.2626738448,0.0000000000
100000004004621100,consolidator,0.7901934119,12,0.2945973261,in_deg=3; out_deg=0; in=75389; out=0 KZT; tx=3/0; role_score=0.790; depth=1; truncated=0; is_seed=0,1,False,3,0,75389.0000000000,0.0000000000,3,0,0.0002991252,0.0000000000,False,True,2,2,0,0.0000000000,0.0000000000,0.0000000000,0.3921263345,0.7901934119,0.0000000000,0.0000000000,0.7901934119,0.0000000000,0.2098065881,0.5085240018,0.7243158367,0.0000000000
100000004005964100,consolidator,0.6358794198,34,0.4691706523,in_deg=3; out_deg=3; in=97900; out=72000 KZT; tx=9/5; role_score=0.636; depth=1; truncated=0; is_seed=0,1,False,3,3,97900.0000000000,72000.0000000000,9,5,0.0004020784,0.7354443309,False,True,9,25,2,0.4000000000,0.0000004954,0.0442404007,0.7097419929,0.6358794198,0.5349356148,0.4591138329,0.2243006738,0.2438908783,0.3641205802,0.6776581427,0.9358456707,0.3743382683
100000004006327100,peripheral,1.0000000000,42,0.4310173472,in_deg=1; out_deg=0; in=300000; out=0 KZT; tx=3/0; role_score=1.000; depth=4; truncated=1; is_seed=0,4,False,1,0,300000.0000000000,0.0000000000,3,0,0.0005519330,0.0000000000,True,True,3,10,0,0.0000000000,0.0000000000,0.0000000000,0.8552046263,0.0000000000,0.0000000000,0.0000000000,0.0000000000,0.0000000000,1.0000000000,0.7763571108,0.7243158367,0.0000000000
100000004007116100,consolidator,0.6883283685,34,0.5701658792,in_deg=3; out_deg=4; in=764704; out=148000 KZT; tx=24/6; role_score=0.688; depth=0; truncated=0; is_seed=1,0,True,3,4,764704.0000000000,148000.0000000000,24,6,0.0006237322,0.1935389379,False,True,18,29,3,0.5000000000,0.0000003963,0.0300500835,0.8925711744,0.6883283685,0.6625360231,0.5479621243,0.0000000000,0.2888064107,0.3116716315,0.9190219830,0.9800358905,0.4900179453
100000004007197100,peripheral,0.7184194621,34,0.0711856379,in_deg=1; out_deg=0; in=10048; out=0 KZT; tx=1/0; role_score=0.718; depth=3; truncated=0; is_seed=0,3,False,1,0,10048.0000000000,0.0000000000,1,0,0.0002861415,0.0000000000,False,True,1,1,0,0.0000000000,0.0000000000,0.0000000000,0.0709519573,0.0000000000,0.0000000000,0.0000000000,0.2815805379,0.0000000000,0.7184194621,0.0845670704,0.2626738448,0.0000000000
100000004013952100,peripheral,1.0000000000,0,0.1667370298,in_deg=1; out_deg=0; in=5500; out=0 KZT; tx=1/0; role_score=1.000; depth=4; truncated=1; is_seed=0,4,False,1,0,5500.0000000000,0.0000000000,1,0,0.0005299817,0.0000000000,True,True,1,1,0,0.0000000000,0.0000000000,0.0000000000,0.8133896797,0.0000000000,0.0000000000,0.0000000000,0.0000000000,0.0000000000,1.0000000000,0.0213100045,0.2626738448,0.0000000000
100000004015047100,consolidator,0.9371524630,1,0.7094173107,in_deg=9; out_deg=1; in=919104; out=69195 KZT; tx=18/7; role_score=0.937; depth=1; truncated=0; is_seed=0,1,False,9,1,919104.0000000000,69195.0000000000,18,7,0.0022569405,0.0752852778,False,True,14,23,1,0.1428571429,0.0000228860,0.4849749583,0.9904359431,0.9371524630,0.3248203475,0.0000000000,0.9122091362,0.6366132537,0.0628475370,0.9239569314,0.9746523105,0.1392360444
100000004017410100,distributor,0.7342527789,59,0.7340568093,in_deg=2; out_deg=5; in=193650; out=1.33092e+06 KZT; tx=6/11; role_score=0.734; depth=3; truncated=0; is_seed=0,3,False,2,5,193650.0000000000,1330915.0000000000,6,11,0.0011229066,6.8727859540,False,True,9,31,0,0.0000000000,0.0000405871,0.5984974958,0.9579626335,0.5502363683,0.5874846139,0.7342527789,0.0000000000,0.7063370371,0.2657472211,0.9535666218,0.9499775684,0.0000000000
100000004019056100,peripheral,1.0000000000,12,0.2702999197,in_deg=1; out_deg=0; in=50000; out=0 KZT; tx=1/0; role_score=1.000; depth=4; truncated=1; is_seed=0,4,False,1,0,50000.0000000000,0.0000000000,1,0,0.0005376920,0.0000000000,True,True,1,1,0,0.0000000000,0.0000000000,0.0000000000,0.8338523132,0.0000000000,0.0000000000,0.0000000000,0.0000000000,0.0000000000,1.0000000000,0.4232839838,0.2626738448,0.0000000000
100000004019124100,consolidator,0.8535055908,16,0.4280073240,in_deg=3; out_deg=0; in=193000; out=0 KZT; tx=3/0; role_score=0.854; depth=0; truncated=0; is_seed=1,0,True,3,0,193000.0000000000,0.0000000000,3,0,0.0011947522,0.0000000000,False,True,3,5,0,0.0000000000,0.0000000000,0.0000000000,0.9637455516,0.8535055908,0.0000000000,0.0000000000,0.8535055908,0.0000000000,0.1464944092,0.6991924630,0.7243158367,0.0000000000
100000004021459100,peripheral,1.0000000000,66,0.0000000000,in_deg=0; out_deg=0; in=0; out=0 KZT; tx=0/0; observed_edges=0; depth=0; truncated=0; is_seed=1,0,True,0,0,0.0000000000,0.0000000000,0,0,0.0002840373,-1.0000000000,False,False,0,0,0,0.0000000000,0.0000000000,0.0000000000,0.0093416370,0.0000000000,0.0000000000,0.0000000000,0.0000000000,0.0000000000,1.0000000000,0.0000000000,0.0000000000,0.0000000000
100000004030553100,peripheral,1.0000000000,8,0.2834757010,in_deg=1; out_deg=0; in=70000; out=0 KZT; tx=1/0; role_score=1.000; depth=4; truncated=1; is_seed=0,4,False,1,0,70000.0000000000,0.0000000000,1,0,0.0005276933,0.0000000000,True,True,1,1,0,0.0000000000,0.0000000000,0.0000000000,0.8009341637,0.0000000000,0.0000000000,0.0000000000,0.0000000000,0.0000000000,1.0000000000,0.4957379991,0.2626738448,0.0000000000
100000004035925100,peripheral,1.0000000000,67,0.4368166899,in_deg=1; out_deg=0; in=1.11159e+06; out=0 KZT; tx=2/0; role_score=1.000; depth=4; truncated=1; is_seed=0,4,False,1,0,1111588.0000000000,0.0000000000,2,0,0.0004597217,0.0000000000,True,True,2,15,0,0.0000000000,0.0000000000,0.0000000000,0.7493327402,0.0000000000,0.0000000000,0.0000000000,0.0000000000,0.0000000000,1.0000000000,0.9342754598,0.6056527591,0.0000000000
100000004041163100,coordinator,0.6377494148,47,0.6793614728,in_deg=1; out_deg=2; in=50000; out=866000 KZT; tx=1/6; bet_pct=0.488; pr_pct=0.986; depth=0; truncated=0; is_seed=1,0,True,1,2,50000.0000000000,866000.0000000000,1,6,0.0020671341,17.3200000000,False,True,5,15,0,0.0000000000,0.0000233813,0.4883138564,0.9864323843,0.0000000000,0.3677923844,0.5933797630,0.0000000000,0.6377494148,0.3622505852,0.9208165096,0.8685509197,0.0000000000
100000004041294100,peripheral,1.0000000000,13,0.1929463296,in_deg=1; out_deg=0; in=17800; out=0 KZT; tx=2/0; role_score=1.000; depth=4; truncated=1; is_seed=0,4,False,1,0,17800.0000000000,0.0000000000,2,0,0.0002992205,0.0000000000,True,True,1,1,0,0.0000000000,0.0000000000,0.0000000000,0.3939056940,0.0000000000,0.0000000000,0.0000000000,0.0000000000,0.0000000000,1.0000000000,0.1720502467,0.6056527591,0.0000000000
100000004047887100,peripheral,1.0000000000,30,0.1267832959,in_deg=1; out_deg=0; in=30000; out=0 KZT; tx=1/0; role_score=1.000; depth=4; truncated=1; is_seed=0,4,False,1,0,30000.0000000000,0.0000000000,1,0,0.0002864658,0.0000000000,True,True,1,1,0,0.0000000000,0.0000000000,0.0000000000,0.0789590747,0.0000000000,0.0000000000,0.0000000000,0.0000000000,0.0000000000,1.0000000000,0.3021534320,0.2626738448,0.0000000000
100000004049912100,peripheral,1.0000000000,43,0.1409738670,in_deg=1; out_deg=0; in=10000; out=0 KZT; tx=1/0; role_score=1.000; depth=4; truncated=1; is_seed=0,4,False,1,0,10000.0000000000,0.0000000000,1,0,0.0003227658,0.0000000000,True,True,1,1,0,0.0000000000,0.0000000000,0.0000000000,0.5593861210,0.0000000000,0.0000000000,0.0000000000,0.0000000000,0.0000000000,1.0000000000,0.0706594886,0.2626738448,0.0000000000
100000004058740100,peripheral,0.6345572681,22,0.1489029579,in_deg=1; out_deg=0; in=30000; out=0 KZT; tx=1/0; role_score=0.635; depth=1; truncated=0; is_seed=0,1,False,1,0,30000.0000000000,0.0000000000,1,0,0.0002902865,0.0000000000,False,True,1,1,0,0.0000000000,0.0000000000,0.0000000000,0.2264234875,0.0000000000,0.0000000000,0.0000000000,0.3654427319,0.0000000000,0.6345572681,0.3021534320,0.2626738448,0.0000000000
100000004064431100,peripheral,0.7831554967,34,0.2357177766,in_deg=1; out_deg=1; in=26000; out=10000 KZT; tx=1/1; role_score=0.783; depth=3; truncated=0; is_seed=0,3,False,1,1,26000.0000000000,10000.0000000000,1,1,0.0002894822,0.3846153846,False,True,2,3,0,0.0000000000,0.0000009907,0.0809682805,0.2026245552,0.0000000000,0.1234630163,0.0000000000,0.2168445033,0.1174651629,0.7831554967,0.3445491252,0.6056527591,0.0000000000
100000004066370100,peripheral,1.0000000000,26,0.3431361799,in_deg=1; out_deg=0; in=65000; out=0 KZT; tx=2/0; role_score=1.000; depth=4; truncated=1; is_seed=0,4,False,1,0,65000.0000000000,0.0000000000,2,0,0.0005855735,0.0000000000,True,True,2,3,0,0.0000000000,0.0000000000,0.0000000000,0.8770017794,0.0000000000,0.0000000000,0.0000000000,0.0000000000,0.0000000000,1.0000000000,0.4829519964,0.6056527591,0.0000000000
100000004066647100,peripheral,0.5869598066,43,0.1909294030,in_deg=1; out_deg=0; in=51000; out=0 KZT; tx=1/0; role_score=0.587; depth=3; truncated=0; is_seed=0,3,False,1,0,51000.0000000000,0.0000000000,1,0,0.0002926972,0.0000000000,False,True,1,1,0,0.0000000000,0.0000000000,0.0000000000,0.2871441281,0.0000000000,0.0000000000,0.0000000000,0.4130401934,0.0000000000,0.5869598066,0.4338268282,0.2626738448,0.0000000000
100000004070318100,distributor,0.8301591279,0,0.8175001397,in_deg=4; out_deg=19; in=207247; out=551860 KZT; tx=6/37; role_score=0.830; depth=1; truncated=0; is_seed=0,1,False,4,19,207246.5500000000,551860.0000000000,6,37,0.0003123764,2.6628187538,False,True,17,31,11,0.2972972973,0.0020732651,0.9674457429,0.5051156584,0.5282874768,0.6962887517,0.8301591279,0.0000000000,0.8287467175,0.1698408721,0.9019739794,0.9883355765,0.2938294957
100000004070530100,peripheral,1.0000000000,30,0.0967136682,in_deg=1; out_deg=0; in=20000; out=0 KZT; tx=1/0; role_score=1.000; depth=4; truncated=1; is_seed=0,4,False,1,0,20000.0000000000,0.0000000000,1,0,0.0002856563,0.0000000000,True,True,1,1,0,0.0000000000,0.0000000000,0.0000000000,0.0527135231,0.0000000000,0.0000000000,0.0000000000,0.0000000000,0.0000000000,1.0000000000,0.1976222521,0.2626738448,0.0000000000
100000004071070100,terminal,0.6296021936,0,0.4565532205,in_deg=2; out_deg=1; in=41000; out=6000 KZT; tx=5/1; out/in=0.146; prev_day=1.000; depth=2; truncated=0; is_seed=0,2,False,2,1,41000.0000000000,6000.0000000000,5,1,0.0011824105,0.1463414634,False,True,6,17,1,1.0000000000,0.0000000000,0.0000000000,0.9624110320,0.6146116652,0.1174966613,0.0000000000,0.6296021936,0.0000000000,0.3703978064,0.4010767160,0.8476895469,0.8476895469
100000004071080100,consolidator,0.8501607187,0,0.7379682927,in_deg=9; out_deg=2; in=238600; out=46500 KZT; tx=16/5; role_score=0.850; depth=1; truncated=0; is_seed=0,1,False,9,2,238600.0000000000,46500.0000000000,16,5,0.0013620872,0.1948868399,False,True,12,19,4,0.8000000000,0.0000281369,0.5116861436,0.9686387900,0.8501607187,0.4112413641,0.3120578989,0.7529231411,0.6487719375,0.1498392813,0.7669358457,0.9645580978,0.7716464782
100000004071444100,peripheral,0.6632614634,0,0.4585778821,in_deg=1; out_deg=1; in=247350; out=100000 KZT; tx=1/1; role_score=0.663; depth=3; truncated=0; is_seed=0,3,False,1,1,247350.0000000000,100000.0000000000,1,1,0.0003058060,0.4042854255,False,True,2,2,0,0.0000000000,0.0000192202,0.2863105175,0.4544039146,0.0000000000,0.2303357642,0.0000000000,0.3089740521,0.3367385366,0.6632614634,0.7974427995,0.6056527591,0.0000000000
100000004076740100,coordinator,0.9027400724,59,0.7821977616,in_deg=3; out_deg=6; in=93250; out=125000 KZT; tx=5/10; bet_pct=0.896; pr_pct=0.919; depth=1; truncated=0; is_seed=0,1,False,3,6,93250.0000000000,125000.0000000000,5,10,0.0007363589,1.3404825737,False,True,12,27,1,0.1000000000,0.0004351604,0.8956594324,0.9192615658,0.5525334945,0.6340618396,0.6241994877,0.0000000000,0.9027400724,0.0972599276,0.7220726783,0.9394347241,0.0939434724
100000004077081100,distributor,0.6989913545,2,0.6640344336,in_deg=1; out_deg=4; in=140000; out=615000 KZT; tx=1/6; role_score=0.699; depth=3; truncated=0; is_seed=0,3,False,1,4,140000.0000000000,615000.0000000000,1,6,0.0002885370,4.3928571429,False,True,5,17,1,0.1666666667,0.0001159915,0.7654424040,0.1732651246,0.0000000000,0.3485591157,0.6989913545,0.0000000000,0.5877892202,0.3010086455,0.9015253477,0.8685509197,0.1447584866
100000004094958100,peripheral,0.7857211975,68,0.3266885264,in_deg=1; out_deg=1; in=39000; out=40000 KZT; tx=1/1; role_score=0.786; depth=1; truncated=0; is_seed=0,1,False,1,1,39000.0000000000,40000.0000000000,1,1,0.0003892422,1.0256410256,False,True,1,1,0,0.0000000000,0.0000001981,0.0091819699,0.6928380783,0.0000000000,0.2137788184,0.0000000000,0.0000000000,0.2142788025,0.7857211975,0.5148048452,0.6056527591,0.0000000000
100000004096559100,peripheral,0.6020701118,1,0.2808283351,in_deg=1; out_deg=0; in=46200; out=0 KZT; tx=1/0; role_score=0.602; depth=3; truncated=0; is_seed=0,3,False,1,0,46200.0000000000,0.0000000000,1,0,0.0009694177,0.0000000000,False,True,1,1,0,0.0000000000,0.0000000000,0.0000000000,0.9504003559,0.0000000000,0.0000000000,0.0000000000,0.3979298882,0.0000000000,0.6020701118,0.3954688201,0.2626738448,0.0000000000
100000004097972100,coordinator,0.5371737965,0,0.5322925959,in_deg=1; out_deg=2; in=118878; out=10000 KZT; tx=1/2; bet_pct=0.544; pr_pct=0.521; depth=3; truncated=0; is_seed=0,3,False,1,2,118878.0000000000,10000.0000000000,1,2,0.0003147950,0.0841198540,False,True,2,16,0,0.0000000000,0.0000384405,0.5442404007,0.5206850534,0.0000000000,0.2376967330,0.2951889209,0.4330986578,0.5371737965,0.4628262035,0.6202332885,0.7243158367,0.0000000000
100000004099450100,peripheral,0.6302508311,0,0.1661530802,in_deg=1; out_deg=0; in=31000; out=0 KZT; tx=1/0; role_score=0.630; depth=3; truncated=0; is_seed=0,3,False,1,0,31000.0000000000,0.0000000000,1,0,0.0002945613,0.0000000000,False,True,1,1,0,0.0000000000,0.0000000000,0.0000000000,0.3227313167,0.0000000000,0.0000000000,0.0000000000,0.3697491689,0.0000000000,0.6302508311,0.3133692239,0.2626738448,0.0000000000
100000004105288100,consolidator,0.7978241160,2,0.3829354571,in_deg=2; out_deg=0; in=215000; out=0 KZT; tx=2/0; role_score=0.798; depth=1; truncated=0; is_seed=0,1,False,2,0,215000.0000000000,0.0000000000,2,0,0.0004603070,0.0000000000,False,True,2,2,0,0.0000000000,0.0000000000,0.0000000000,0.7497775801,0.7978241160,0.0000000000,0.0000000000,0.7978241160,0.0000000000,0.2021758840,0.7184836249,0.6056527591,0.0000000000
100000004107228100,peripheral,1.0000000000,2,0.0584336219,in_deg=1; out_deg=0; in=5000; out=0 KZT; tx=1/0; role_score=1.000; depth=4; truncated=1; is_seed=0,4,False,1,0,5000.0000000000,0.0000000000,1,0,0.0002871546,0.0000000000,True,True,1,1,0,0.0000000000,0.0000000000,0.0000000000,0.1145462633,0.0000000000,0.0000000000,0.0000000000,0.0000000000,0.0000000000,1.0000000000,0.0074024226,0.2626738448,0.0000000000
100000004114962100,consolidator,0.7800695074,10,0.3954123470,in_deg=2; out_deg=0; in=165000; out=0 KZT; tx=2/0; role_score=0.780; depth=3; truncated=0; is_seed=0,3,False,2,0,165000.0000000000,0.0000000000,2,0,0.0007067031,0.0000000000,False,True,2,2,0,0.0000000000,0.0000000000,0.0000000000,0.9125889680,0.7800695074,0.0000000000,0.0000000000,0.7800695074,0.0000000000,0.2199304926,0.6707043517,0.6056527591,0.0000000000
100000004130144100,terminal,0.5061952251,1,0.2668978377,in_deg=1; out_deg=0; in=200000; out=0 KZT; tx=1/0; out/in=0; prev_day=0.000; depth=1; truncated=0; is_seed=0,1,False,1,0,200000.0000000000,0.0000000000,1,0,0.0002954309,0.0000000000,False,True,1,1,0,0.0000000000,0.0000000000,0.0000000000,0.3367437722,0.0000000000,0.0000000000,0.0000000000,0.5061952251,0.0000000000,0.4938047749,0.7079407806,0.2626738448,0.0000000000
100000004134060100,peripheral,0.5505439710,35,0.2603198107,in_deg=1; out_deg=0; in=88179; out=0 KZT; tx=1/0; role_score=0.551; depth=2; truncated=0; is_seed=0,2,False,1,0,88179.0000000000,0.0000000000,1,0,0.0003261956,0.0000000000,False,True,1,1,0,0.0000000000,0.0000000000,0.0000000000,0.5691725979,0.0000000000,0.0000000000,0.0000000000,0.4494560290,0.0000000000,0.5505439710,0.5421713773,0.2626738448,0.0000000000
100000004135268100,transit,0.6605520511,55,0.5982735896,in_deg=2; out_deg=3; in=1.239e+06; out=1.0002e+06 KZT; tx=3/4; out/in=0.807; prev_day=0.500; depth=1; truncated=0; is_seed=0,1,False,2,3,1239000.0000000000,1000200.0000000000,3,4,0.0017408989,0.8072639225,False,True,4,4,2,0.5000000000,0.0000011889,0.0976627713,0.9788701068,0.6261710487,0.6605520511,0.5859750240,0.1724082168,0.3620249719,0.3394479489,0.9742036788,0.8685509197,0.4342754598
100000004140487100,distributor,0.7972884464,2,0.6721123020,in_deg=1; out_deg=10; in=24510; out=262600 KZT; tx=1/19; role_score=0.797; depth=3; truncated=0; is_seed=0,3,False,1,10,24510.0000000000,262600.0000000000,1,19,0.0002878670,10.7139942880,False,True,7,12,1,0.0526315789,0.0003253704,0.8806343907,0.1483540925,0.0000000000,0.2337355921,0.7972884464,0.0000000000,0.6609503012,0.2027115536,0.7691790040,0.9618663078,0.0506245425
100000004140994100,peripheral,0.6812481112,22,0.1001947247,in_deg=1; out_deg=0; in=18650; out=0 KZT; tx=1/0; role_score=0.681; depth=3; truncated=0; is_seed=0,3,False,1,0,18650.0000000000,0.0000000000,1,0,0.0002869268,0.0000000000,False,True,1,1,0,0.0000000000,0.0000000000,0.0000000000,0.1020907473,0.0000000000,0.0000000000,0.0000000000,0.3187518888,0.0000000000,0.6812481112,0.1819201436,0.2626738448,0.0000000000
100000004144536100,consolidator,0.8850861287,34,0.4381320907,in_deg=4; out_deg=0; in=168000; out=0 KZT; tx=6/0; role_score=0.885; depth=1; truncated=0; is_seed=0,1,False,4,0,168000.0000000000,0.0000000000,6,0,0.0009620032,0.0000000000,False,True,5,16,0,0.0000000000,0.0000000000,0.0000000000,0.9486209964,0.8850861287,0.0000000000,0.0000000000,0.8850861287,0.0000000000,0.1149138713,0.6747420368,0.8476895469,0.0000000000
100000004150593100,distributor,0.8540766090,16,0.7422305990,in_deg=1; out_deg=11; in=57000; out=871165 KZT; tx=2/16; role_score=0.854; depth=2; truncated=0; is_seed=0,2,False,1,11,57000.0000000000,871165.0000000000,2,16,0.0003049554,15.2835964912,False,True,7,9,1,0.0625000000,0.0002216410,0.8439065109,0.4477313167,0.0000000000,0.3750767050,0.8540766090,0.0000000000,0.7250539526,0.1459233910,0.9217137730,0.9553611485,0.0597100718
100000004156082100,coordinator,0.9574268576,3,0.9465770912,in_deg=5; out_deg=26; in=377366; out=2.31956e+06 KZT; tx=7/29; bet_pct=0.966; pr_pct=0.938; depth=1; truncated=0; is_seed=0,1,False,5,26,377366.1100000000,2319556.0000000000,7,29,0.0008614700,6.1466992889,False,True,7,9,22,0.7586206897,0.0020400351,0.9657762938,0.9379448399,0.5449360980,0.7193932554,0.8807172074,0.0000000000,0.9574268576,0.0425731424,0.9813817856,0.9851951548,0.7473894278
100000004158362100,peripheral,0.7137352675,0,0.0962334747,in_deg=1; out_deg=0; in=12000; out=0 KZT; tx=1/0; role_score=0.714; depth=2; truncated=0; is_seed=0,2,False,1,0,12000.0000000000,0.0000000000,1,0,0.0002898109,0.0000000000,False,True,1,1,0,0.0000000000,0.0000000000,0.0000000000,0.2177491103,0.0000000000,0.0000000000,0.0000000000,0.2862647325,0.0000000000,0.7137352675,0.0966801256,0.2626738448,0.0000000000
100000004159526100,coordinator,0.8023690507,40,0.7506872919,in_deg=4; out_deg=4; in=275037; out=68000 KZT; tx=4/6; bet_pct=0.745; pr_pct=0.935; depth=1; truncated=0; is_seed=0,1,False,4,4,275037.0000000000,68000.0000000000,4,6,0.0008468746,0.2472394623,False,True,7,27,1,0.1666666667,0.0000978845,0.7454090150,0.9352758007,0.6765639166,0.4730548855,0.4870317003,0.6790541568,0.8023690507,0.1976309493,0.7951996411,0.9042171377,0.1507028563
100000004160650100,distributor,0.8539265130,34,0.5807419274,in_deg=2; out_deg=10; in=75100; out=1.48983e+06 KZT; tx=4/40; role_score=0.854; depth=2; truncated=0; is_seed=0,2,False,2,10,75100.0000000000,1489827.0000000000,4,40,0.0003670565,19.8379094541,False,True,16,30,11,0.2750000000,0.0000053500,0.1911519199,0.6634786477,0.4543794701,0.5375455580,0.8539265130,0.0000000000,0.3328499382,0.1460734870,0.9549125168,0.9892328398,0.2720390310
100000004167082100,peripheral,1.0000000000,12,0.1695618228,in_deg=1; out_deg=0; in=13300; out=0 KZT; tx=1/0; role_score=1.000; depth=4; truncated=1; is_seed=0,4,False,1,0,13300.0000000000,0.0000000000,1,0,0.0003827252,0.0000000000,True,True,1,1,0,0.0000000000,0.0000000000,0.0000000000,0.6830516014,0.0000000000,0.0000000000,0.0000000000,0.0000000000,0.0000000000,1.0000000000,0.1108120233,0.2626738448,0.0000000000
100000004174835100,peripheral,1.0000000000,69,0.0000000000,in_deg=0; out_deg=0; in=0; out=0 KZT; tx=0/0; observed_edges=0; depth=0; truncated=0; is_seed=1,0,True,0,0,0.0000000000,0.0000000000,0,0,0.0002840373,-1.0000000000,False,False,0,0,0,0.0000000000,0.0000000000,0.0000000000,0.0093416370,0.0000000000,0.0000000000,0.0000000000,0.0000000000,0.0000000000,1.0000000000,0.0000000000,0.0000000000,0.0000000000
100000004177936100,peripheral,1.0000000000,8,0.1462452193,in_deg=1; out_deg=0; in=10000; out=0 KZT; tx=1/0; role_score=1.000; depth=4; truncated=1; is_seed=0,4,False,1,0,10000.0000000000,0.0000000000,1,0,0.0003351308,0.0000000000,True,True,1,1,0,0.0000000000,0.0000000000,0.0000000000,0.5945284698,0.0000000000,0.0000000000,0.0000000000,0.0000000000,0.0000000000,1.0000000000,0.0706594886,0.2626738448,0.0000000000
100000004180097100,coordinator,0.8924858082,0,0.7614338930,in_deg=3; out_deg=3; in=104854; out=47800 KZT; tx=5/7; bet_pct=0.874; pr_pct=0.936; depth=1; truncated=0; is_seed=0,1,False,3,3,104854.0000000000,47800.0000000000,5,7,0.0008498069,0.4558719744,False,True,6,31,1,0.1428571429,0.0003136665,0.8739565943,0.9357206406,0.6300997280,0.4728582807,0.4556916427,0.4571398946,0.8924858082,0.1075141918,0.6543292956,0.9228353522,0.1318336217
100000004183610100,peripheral,0.5504255684,12,0.5731945734,in_deg=1; out_deg=1; in=22000; out=915000 KZT; tx=1/3; role_score=0.550; depth=3; truncated=0; is_seed=0,3,False,1,1,22000.0000000000,915000.0000000000,1,3,0.0003388283,41.5909090909,False,True,4,13,0,0.0000000000,0.0000196165,0.3823038397,0.6065391459,0.0000000000,0.2194137491,0.0000000000,0.0000000000,0.4495744316,0.5504255684,0.9221624047,0.7857783760,0.0000000000
100000004184158100,terminal,0.5085373225,0,0.2817905283,in_deg=1; out_deg=0; in=203805; out=0 KZT; tx=1/0; out/in=0; prev_day=0.000; depth=3; truncated=0; is_seed=0,3,False,1,0,203805.0000000000,0.0000000000,1,0,0.0003019737,0.0000000000,False,True,1,1,0,0.0000000000,0.0000000000,0.0000000000,0.4259341637,0.0000000000,0.0000000000,0.0000000000,0.5085373225,0.0000000000,0.4914626775,0.7139973082,0.2626738448,0.0000000000
100000004185681100,peripheral,0.7238591720,2,0.1800752905,in_deg=1; out_deg=0; in=10000; out=0 KZT; tx=1/0; role_score=0.724; depth=3; truncated=0; is_seed=0,3,False,1,0,10000.0000000000,0.0000000000,1,0,0.0005321239,0.0000000000,False,True,1,1,0,0.0000000000,0.0000000000,0.0000000000,0.8200622776,0.0000000000,0.0000000000,0.0000000000,0.2761408280,0.0000000000,0.7238591720,0.0706594886,0.2626738448,0.0000000000
100000004186824100,terminal,0.8905601605,16,0.4986922630,in_deg=2; out_deg=1; in=451700; out=7000 KZT; tx=7/1; out/in=0.0155; prev_day=0.000; depth=1; truncated=0; is_seed=0,1,False,2,1,451700.0000000000,7000.0000000000,7,1,0.0003797562,0.0154970113,False,True,7,16,0,0.0000000000,0.0000021796,0.1510851419,0.6786032028,0.7538153521,0.0987720713,0.0000000000,0.8905601605,0.3093405602,0.1094398395,0.8463436519,0.8829071332,0.0000000000
100000004188160100,coordinator,0.7816418155,16,0.7548742949,in_deg=2; out_deg=5; in=87862; out=133846 KZT; tx=5/6; bet_pct=0.974; pr_pct=0.333; depth=1; truncated=0; is_seed=0,1,False,2,5,87862.0000000000,133846.0000000000,5,6,0.0002952182,1.5233661879,False,True,8,27,3,0.5000000000,0.0024601048,0.9741235392,0.3325177936,0.5123526745,0.6103141772,0.6053931659,0.0000000000,0.7816418155,0.2183581845,0.7247644684,0.9143113504,0.4571556752
100000004192107100,peripheral,0.6523118767,2,0.1577645759,in_deg=1; out_deg=0; in=25000; out=0 KZT; tx=1/0; role_score=0.652; depth=2; truncated=0; is_seed=0,2,False,1,0,25000.0000000000,0.0000000000,1,0,0.0002976759,0.0000000000,False,True,1,1,0,0.0000000000,0.0000000000,0.0000000000,0.3658807829,0.0000000000,0.0000000000,0.0000000000,0.3476881233,0.0000000000,0.6523118767,0.2539255271,0.2626738448,0.0000000000
100000004192865100,peripheral,0.5686763373,27,0.2898991167,in_deg=1; out_deg=0; in=66666; out=0 KZT; tx=1/0; role_score=0.569; depth=2; truncated=0; is_seed=0,2,False,1,0,66666.0000000000,0.0000000000,1,0,0.0005524053,0.0000000000,False,True,1,1,0,0.0000000000,0.0000000000,0.0000000000,0.8560943060,0.0000000000,0.0000000000,0.0000000000,0.4313236627,0.0000000000,0.5686763373,0.4883355765,0.2626738448,0.0000000000
100000004193835100,peripheral,0.6348510492,16,0.3830006755,in_deg=1; out_deg=1; in=47000; out=5000 KZT; tx=1/1; role_score=0.635; depth=0; truncated=0; is_seed=1,0,True,1,1,47000.0000000000,5000.0000000000,1,1,0.0004671327,0.1063829787,False,True,1,1,0,0.0000000000,0.0000066775,0.1978297162,0.7555604982,0.0000000000,0.1249279539,0.0000000000,0.0000000000,0.3651489508,0.6348510492,0.4383131449,0.6056527591,0.0000000000
100000004200745100,peripheral,1.0000000000,7,0.4058474938,in_deg=1; out_deg=0; in=130000; out=0 KZT; tx=4/0; role_score=1.000; depth=4; truncated=1; is_seed=0,4,False,1,0,130000.0000000000,0.0000000000,4,0,0.0005971668,0.0000000000,True,True,4,21,0,0.0000000000,0.0000000000,0.0000000000,0.8827846975,0.0000000000,0.0000000000,0.0000000000,0.0000000000,0.0000000000,1.0000000000,0.6222521310,0.7857783760,0.0000000000
100000004206046100,peripheral,0.7155485041,16,0.0685549560,in_deg=1; out_deg=0; in=11075; out=0 KZT; tx=1/0; role_score=0.716; depth=1; truncated=0; is_seed=0,1,False,1,0,11075.0000000000,0.0000000000,1,0,0.0002852202,0.0000000000,False,True,1,1,0,0.0000000000,0.0000000000,0.0000000000,0.0407028470,0.0000000000,0.0000000000,0.0000000000,0.2844514959,0.0000000000,0.7155485041,0.0921938089,0.2626738448,0.0000000000
100000004209339100,coordinator,0.5896487845,11,0.6664596547,in_deg=1; out_deg=2; in=138500; out=238500 KZT; tx=6/11; bet_pct=0.443; pr_pct=0.931; depth=2; truncated=0; is_seed=0,2,False,1,2,138500.0000000000,238500.0000000000,6,11,0.0008126845,1.7220216606,False,True,11,26,3,0.2727272727,0.0000210036,0.4432387312,0.9312722420,0.0000000000,0.5607281007,0.5733669549,0.0000000000,0.5896487845,0.4103512155,0.8129205922,0.9499775684,0.2590847914
100000004213658100,peripheral,0.6492142641,22,0.1345716456,in_deg=1; out_deg=0; in=25347; out=0 KZT; tx=1/0; role_score=0.649; depth=1; truncated=0; is_seed=0,1,False,1,0,25347.0000000000,0.0000000000,1,0,0.0002893173,0.0000000000,False,True,1,1,0,0.0000000000,0.0000000000,0.0000000000,0.1981761566,0.0000000000,0.0000000000,0.0000000000,0.3507857359,0.0000000000,0.6492142641,0.2617765814,0.2626738448,0.0000000000
100000004217419100,terminal,0.7441556868,8,0.5300155924,in_deg=2; out_deg=1; in=118200; out=7700 KZT; tx=3/1; out/in=0.0651; prev_day=0.000; depth=3; truncated=0; is_seed=0,3,False,2,1,118200.0000000000,7700.0000000000,3,1,0.0005805439,0.0651438240,False,True,3,4,0,0.0000000000,0.0000194184,0.3606010017,0.8747775801,0.6633423995,0.1030471075,0.0000000000,0.7441556868,0.5148539752,0.2558443132,0.6188873934,0.7857783760,0.0000000000
100000004218576100,peripheral,0.6468721668,22,0.1366288104,in_deg=1; out_deg=0; in=26144; out=0 KZT; tx=1/0; role_score=0.647; depth=1; truncated=0; is_seed=0,1,False,1,0,26144.0000000000,0.0000000000,1,0,0.0002894833,0.0000000000,False,True,1,1,0,0.0000000000,0.0000000000,0.0000000000,0.2032918149,0.0000000000,0.0000000000,0.0000000000,0.3531278332,0.0000000000,0.6468721668,0.2669358457,0.2626738448,0.0000000000
100000004221668100,consolidator,0.7613165393,46,0.6187491358,in_deg=4; out_deg=3; in=1.1283e+06; out=731440 KZT; tx=8/10; role_score=0.761; depth=2; truncated=0; is_seed=0,2,False,4,3,1128300.0000000000,731440.0000000000,8,10,0.0032208959,0.6482673048,False,True,13,26,2,0.2000000000,0.0000045574,0.1869782972,0.9979982206,0.7613165393,0.6602182502,0.5667627281,0.3408108051,0.4302842742,0.2386834607,0.9647824136,0.9553611485,0.1910722297
100000004222274100,peripheral,1.0000000000,0,0.2000833750,in_deg=1; out_deg=0; in=15500; out=0 KZT; tx=1/0; role_score=1.000; depth=4; truncated=1; is_seed=0,4,False,1,0,15500.0000000000,0.0000000000,1,0,0.0005421489,0.0000000000,True,True,1,1,0,0.0000000000,0.0000000000,0.0000000000,0.8383007117,0.0000000000,0.0000000000,0.0000000000,0.0000000000,0.0000000000,1.0000000000,0.1397487663,0.2626738448,0.0000000000
100000004225615100,terminal,0.5869598066,4,0.2700182077,in_deg=1; out_deg=0; in=90000; out=0 KZT; tx=2/0; out/in=0; prev_day=0.000; depth=2; truncated=0; is_seed=0,2,False,1,0,90000.0000000000,0.0000000000,2,0,0.0002924497,0.0000000000,False,True,1,1,0,0.0000000000,0.0000000000,0.0000000000,0.2822508897,0.0000000000,0.0000000000,0.0000000000,0.5869598066,0.0000000000,0.4130401934,0.5473306415,0.6056527591,0.0000000000
100000004226848100,terminal,0.5302961620,2,0.3272822490,in_deg=1; out_deg=0; in=301866; out=0 KZT; tx=1/0; out/in=0; prev_day=0.000; depth=1; truncated=0; is_seed=0,1,False,1,0,301866.0000000000,0.0000000000,1,0,0.0003439927,0.0000000000,False,True,1,1,0,0.0000000000,0.0000000000,0.0000000000,0.6185498221,0.0000000000,0.0000000000,0.0000000000,0.5302961620,0.0000000000,0.4697038380,0.7803947959,0.2626738448,0.0000000000
100000004232712100,peripheral,1.0000000000,10,0.1842592598,in_deg=1; out_deg=0; in=12500; out=0 KZT; tx=1/0; role_score=1.000; depth=4; truncated=1; is_seed=0,4,False,1,0,12500.0000000000,0.0000000000,1,0,0.0005261520,0.0000000000,True,True,1,1,0,0.0000000000,0.0000000000,0.0000000000,0.7933718861,0.0000000000,0.0000000000,0.0000000000,0.0000000000,0.0000000000,1.0000000000,0.1034096007,0.2626738448,0.0000000000
100000004235471100,peripheral,1.0000000000,10,0.3044843659,in_deg=1; out_deg=0; in=180000; out=0 KZT; tx=1/0; role_score=1.000; depth=4; truncated=1; is_seed=0,4,False,1,0,180000.0000000000,0.0000000000,1,0,0.0003466621,0.0000000000,True,True,1,1,0,0.0000000000,0.0000000000,0.0000000000,0.6243327402,0.0000000000,0.0000000000,0.0000000000,0.0000000000,0.0000000000,1.0000000000,0.6857335128,0.2626738448,0.0000000000
100000004241142100,peripheral,1.0000000000,0,0.2293864872,in_deg=1; out_deg=0; in=27102; out=0 KZT; tx=1/0; role_score=1.000; depth=4; truncated=1; is_seed=0,4,False,1,0,27102.0000000000,0.0000000000,1,0,0.0005270025,0.0000000000,True,True,1,1,0,0.0000000000,0.0000000000,0.0000000000,0.7973754448,0.0000000000,0.0000000000,0.0000000000,0.0000000000,0.0000000000,1.0000000000,0.2815163751,0.2626738448,0.0000000000
100000004254434100,terminal,0.5296161982,22,0.2316935277,in_deg=1; out_deg=0; in=44445; out=0 KZT; tx=2/0; out/in=0; prev_day=0.000; depth=1; truncated=0; is_seed=0,1,False,1,0,44445.0000000000,0.0000000000,2,0,0.0002932955,0.0000000000,False,True,1,1,0,0.0000000000,0.0000000000,0.0000000000,0.3000444840,0.0000000000,0.0000000000,0.0000000000,0.5296161982,0.0000000000,0.4703838018,0.3833557649,0.6056527591,0.0000000000
100000004257714100,peripheral,0.5851465700,22,0.1908421114,in_deg=1; out_deg=0; in=52220; out=0 KZT; tx=1/0; role_score=0.585; depth=3; truncated=0; is_seed=0,3,False,1,0,52220.0000000000,0.0000000000,1,0,0.0002921279,0.0000000000,False,True,1,1,0,0.0000000000,0.0000000000,0.0000000000,0.2764679715,0.0000000000,0.0000000000,0.0000000000,0.4148534300,0.0000000000,0.5851465700,0.4398833558,0.2626738448,0.0000000000
100000004260869100,peripheral,1.0000000000,16,0.1972238670,in_deg=1; out_deg=0; in=10000; out=0 KZT; tx=1/0; role_score=1.000; depth=4; truncated=1; is_seed=0,4,False,1,0,10000.0000000000,0.0000000000,1,0,0.0008364927,0.0000000000,True,True,1,1,0,0.0000000000,0.0000000000,0.0000000000,0.9343861210,0.0000000000,0.0000000000,0.0000000000,0.0000000000,0.0000000000,1.0000000000,0.0706594886,0.2626738448,0.0000000000
100000004261340100,peripheral,1.0000000000,0,0.3136953749,in_deg=1; out_deg=0; in=48500; out=0 KZT; tx=4/0; role_score=1.000; depth=4; truncated=1; is_seed=0,4,False,1,0,48500.0000000000,0.0000000000,4,0,0.0003454364,0.0000000000,True,True,4,9,0,0.0000000000,0.0000000000,0.0000000000,0.6221085409,0.0000000000,0.0000000000,0.0000000000,0.0000000000,0.0000000000,1.0000000000,0.4100493495,0.7857783760,0.0000000000
100000004263867100,peripheral,1.0000000000,18,0.0795127896,in_deg=1; out_deg=0; in=9000; out=0 KZT; tx=1/0; role_score=1.000; depth=4; truncated=1; is_seed=0,4,False,1,0,9000.0000000000,0.0000000000,1,0,0.0002888219,0.0000000000,True,True,1,1,0,0.0000000000,0.0000000000,0.0000000000,0.1810498221,0.0000000000,0.0000000000,0.0000000000,0.0000000000,0.0000000000,1.0000000000,0.0518169583,0.2626738448,0.0000000000
100000004265639100,peripheral,1.0000000000,8,0.1848128350,in_deg=1; out_deg=0; in=10000; out=0 KZT; tx=1/0; role_score=1.000; depth=4; truncated=1; is_seed=0,4,False,1,0,10000.0000000000,0.0000000000,1,0,0.0005489751,0.0000000000,True,True,1,1,0,0.0000000000,0.0000000000,0.0000000000,0.8516459075,0.0000000000,0.0000000000,0.0000000000,0.0000000000,0.0000000000,1.0000000000,0.0706594886,0.2626738448,0.0000000000
100000004268036100,peripheral,1.0000000000,18,0.0604425458,in_deg=1; out_deg=0; in=5500; out=0 KZT; tx=1/0; role_score=1.000; depth=4; truncated=1; is_seed=0,4,False,1,0,5500.0000000000,0.0000000000,1,0,0.0002869612,0.0000000000,True,True,1,1,0,0.0000000000,0.0000000000,0.0000000000,0.1047597865,0.0000000000,0.0000000000,0.0000000000,0.0000000000,0.0000000000,1.0000000000,0.0213100045,0.2626738448,0.0000000000
100000004269433100,peripheral,1.0000000000,70,0.3871796215,in_deg=0; out_deg=1; in=0; out=1.372e+06 KZT; tx=0/67; role_score=1.000; depth=0; truncated=0; is_seed=1,0,True,0,1,0.0000000000,1372000.0000000000,0,67,0.0002840373,-1.0000000000,False,False,16,28,0,0.0000000000,0.0000000000,0.0000000000,0.0093416370,0.0000000000,0.0000000000,0.0000000000,0.0000000000,0.0000000000,1.0000000000,0.9459398834,0.9952893674,0.0000000000
100000004272302100,peripheral,1.0000000000,54,0.0677754684,in_deg=1; out_deg=0; in=10000; out=0 KZT; tx=1/0; role_score=1.000; depth=4; truncated=1; is_seed=0,4,False,1,0,10000.0000000000,0.0000000000,1,0,0.0002861879,0.0000000000,True,True,1,1,0,0.0000000000,0.0000000000,0.0000000000,0.0713967972,0.0000000000,0.0000000000,0.0000000000,0.0000000000,0.0000000000,1.0000000000,0.0706594886,0.2626738448,0.0000000000
100000004278574100,peripheral,0.7906413566,10,0.2835151225,in_deg=1; out_deg=1; in=25000; out=12500 KZT; tx=1/1; role_score=0.791; depth=3; truncated=0; is_seed=0,3,False,1,1,25000.0000000000,12500.0000000000,1,1,0.0002848408,0.5000000000,False,True,2,12,0,0.0000000000,0.0000192202,0.2863105175,0.0298042705,0.0000000000,0.1367975504,0.0000000000,0.1738440617,0.2093586434,0.7906413566,0.3519515478,0.6056527591,0.0000000000
100000004285800100,peripheral,0.8643932117,0,0.2321017865,in_deg=1; out_deg=1; in=5000; out=15000 KZT; tx=1/1; role_score=0.864; depth=2; truncated=0; is_seed=0,2,False,1,1,5000.0000000000,15000.0000000000,1,1,0.0003422930,3.0000000000,False,True,2,14,0,0.0000000000,0.0000000000,0.0000000000,0.6123220641,0.0000000000,0.1356067883,0.0000000000,0.0000000000,0.0000000000,0.8643932117,0.1976222521,0.6056527591,0.0000000000
100000004286573100,peripheral,0.6913720157,7,0.0933374854,in_deg=1; out_deg=0; in=16590; out=0 KZT; tx=1/0; role_score=0.691; depth=1; truncated=0; is_seed=0,1,False,1,0,16590.0000000000,0.0000000000,1,0,0.0002867725,0.0000000000,False,True,1,1,0,0.0000000000,0.0000000000,0.0000000000,0.0967526690,0.0000000000,0.0000000000,0.0000000000,0.3086279843,0.0000000000,0.6913720157,0.1576940332,0.2626738448,0.0000000000
100000004291560100,peripheral,0.5988213962,0,0.1537458998,in_deg=1; out_deg=0; in=47190; out=0 KZT; tx=1/0; role_score=0.599; depth=3; truncated=0; is_seed=0,3,False,1,0,47190.0000000000,0.0000000000,1,0,0.0002866765,0.0000000000,False,True,1,1,0,0.0000000000,0.0000000000,0.0000000000,0.0878558719,0.0000000000,0.0000000000,0.0000000000,0.4011786038,0.0000000000,0.5988213962,0.4046657694,0.2626738448,0.0000000000
100000004291663100,peripheral,1.0000000000,0,0.1749798784,in_deg=1; out_deg=0; in=25000; out=0 KZT; tx=1/0; role_score=1.000; depth=4; truncated=1; is_seed=0,4,False,1,0,25000.0000000000,0.0000000000,1,0,0.0003094712,0.0000000000,True,True,1,1,0,0.0000000000,0.0000000000,0.0000000000,0.4806494662,0.0000000000,0.0000000000,0.0000000000,0.0000000000,0.0000000000,1.0000000000,0.2539255271,0.2626738448,0.0000000000
100000004292885100,peripheral,0.5299939559,22,0.2525258432,in_deg=1; out_deg=0; in=112700; out=0 KZT; tx=1/0; role_score=0.530; depth=3; truncated=0; is_seed=0,3,False,1,0,112700.0000000000,0.0000000000,1,0,0.0003014984,0.0000000000,False,True,1,1,0,0.0000000000,0.0000000000,0.0000000000,0.4192615658,0.0000000000,0.0000000000,0.0000000000,0.4700060441,0.0000000000,0.5299939559,0.6009421265,0.2626738448,0.0000000000
100000004299488100,consolidator,0.8664721215,0,0.7325600813,in_deg=6; out_deg=2; in=1.749e+06; out=344999 KZT; tx=22/14; role_score=0.866; depth=1; truncated=0; is_seed=0,1,False,6,2,1749000.0000000000,344999.0000000000,22,14,0.0014480636,0.1972550029,False,True,12,16,6,0.4285714286,0.0000208054,0.4382303840,0.9730871886,0.8664721215,0.5373787810,0.4525396254,0.7949213265,0.5986874254,0.1335278785,0.9728577838,0.9851951548,0.4222264949
100000004315838100,consolidator,0.5801098016,2,0.4358316002,in_deg=2; out_deg=1; in=50000; out=18000 KZT; tx=2/1; role_score=0.580; depth=1; truncated=0; is_seed=0,1,False,2,1,50000.0000000000,18000.0000000000,2,1,0.0002898062,0.3600000000,False,True,3,23,0,0.0000000000,0.0000237776,0.4908180301,0.2168594306,0.5801098016,0.1423487032,0.0000000000,0.4455243276,0.4086304502,0.4198901984,0.4914759982,0.7243158367,0.0000000000
100000004318918100,peripheral,0.5599123602,11,0.2173680478,in_deg=1; out_deg=0; in=75600; out=0 KZT; tx=1/0; role_score=0.560; depth=1; truncated=0; is_seed=0,1,False,1,0,75600.0000000000,0.0000000000,1,0,0.0002954395,0.0000000000,False,True,1,1,0,0.0000000000,0.0000000000,0.0000000000,0.3374110320,0.0000000000,0.0000000000,0.0000000000,0.4400876398,0.0000000000,0.5599123602,0.5094212651,0.2626738448,0.0000000000
100000004321983100,peripheral,0.6147534422,46,0.3431954338,in_deg=1; out_deg=2; in=10840; out=36200 KZT; tx=1/3; role_score=0.615; depth=3; truncated=0; is_seed=0,3,False,1,2,10840.0000000000,36200.0000000000,1,3,0.0003246111,3.3394833948,False,True,3,28,0,0.0000000000,0.0000013870,0.1143572621,0.5642793594,0.0000000000,0.2052022861,0.3852465578,0.0000000000,0.2493338913,0.6147534422,0.4026469269,0.7857783760,0.0000000000
100000004325327100,consolidator,0.6327440314,0,0.5142494901,in_deg=2; out_deg=1; in=70817; out=70000 KZT; tx=3/1; role_score=0.633; depth=1; truncated=0; is_seed=0,1,False,2,1,70817.0000000000,70000.0000000000,3,1,0.0002941816,0.9884632221,False,True,4,27,0,0.0000000000,0.0000384405,0.5442404007,0.3165035587,0.6327440314,0.2503478785,0.0000000000,0.0087597928,0.4759193481,0.3672559686,0.6336922387,0.7857783760,0.0000000000
100000004326224100,peripheral,1.0000000000,10,0.2797623859,in_deg=1; out_deg=0; in=60000; out=0 KZT; tx=1/0; role_score=1.000; depth=4; truncated=1; is_seed=0,4,False,1,0,60000.0000000000,0.0000000000,1,0,0.0005316970,0.0000000000,True,True,1,1,0,0.0000000000,0.0000000000,0.0000000000,0.8191725979,0.0000000000,0.0000000000,0.0000000000,0.0000000000,0.0000000000,1.0000000000,0.4699416779,0.2626738448,0.0000000000
100000004330371100,coordinator,0.9096073898,16,0.7990387779,in_deg=2; out_deg=2; in=264171; out=90681 KZT; tx=12/6; bet_pct=0.886; pr_pct=0.966; depth=1; truncated=0; is_seed=0,1,False,2,2,264171.0000000000,90681.0000000000,12,6,0.0012497220,0.3432662934,False,True,8,23,0,0.0000000000,0.0003346700,0.8856427379,0.9655249110,0.6669877607,0.4384152062,0.4468659942,0.5840444591,0.9096073898,0.0903926102,0.8037236429,0.9553611485,0.0000000000
100000004331458100,consolidator,0.8069658507,68,0.4229668833,in_deg=2; out_deg=0; in=250000; out=0 KZT; tx=2/0; role_score=0.807; depth=2; truncated=0; is_seed=0,2,False,2,0,250000.0000000000,0.0000000000,2,0,0.0013136485,0.0000000000,False,True,2,16,0,0.0000000000,0.0000000000,0.0000000000,0.9673042705,0.8069658507,0.0000000000,0.0000000000,0.8069658507,0.0000000000,0.1930341493,0.7480933154,0.6056527591,0.0000000000
100000004336228100,terminal,0.5497129042,8,0.2479975571,in_deg=1; out_deg=0; in=51407; out=0 KZT; tx=2/0; out/in=0; prev_day=0.000; depth=3; truncated=0; is_seed=0,3,False,1,0,51407.0000000000,0.0000000000,2,0,0.0002944141,0.0000000000,False,True,1,1,0,0.0000000000,0.0000000000,0.0000000000,0.3205071174,0.0000000000,0.0000000000,0.0000000000,0.5497129042,0.0000000000,0.4502870958,0.4362943024,0.6056527591,0.0000000000
100000004336312100,consolidator,0.6689634331,59,0.6523430613,in_deg=3; out_deg=2; in=90415; out=72650 KZT; tx=7/3; role_score=0.669; depth=2; truncated=0; is_seed=0,2,False,3,2,90415.0000000000,72650.0000000000,7,3,0.0006913876,0.8035171155,False,True,6,31,1,0.3333333333,0.0000337840,0.5233722871,0.9103647687,0.6689634331,0.4525113056,0.3582372719,0.1642998312,0.6394700316,0.3310365669,0.6673396142,0.9042171377,0.3014057126
100000004340038100,peripheral,0.7572116413,12,0.3284937756,in_deg=1; out_deg=1; in=9978; out=49000 KZT; tx=1/1; role_score=0.757; depth=3; truncated=0; is_seed=0,3,False,1,1,9978.0000000000,49000.0000000000,1,1,0.0002877034,4.9108037683,False,True,2,10,0,0.0000000000,0.0000192202,0.2863105175,0.1412366548,0.0000000000,0.1765736463,0.0000000000,0.0000000000,0.2427883587,0.7572116413,0.4650067295,0.6056527591,0.0000000000
100000004350094100,peripheral,1.0000000000,43,0.2304325294,in_deg=1; out_deg=0; in=20000; out=0 KZT; tx=1/0; role_score=1.000; depth=4; truncated=1; is_seed=0,4,False,1,0,20000.0000000000,0.0000000000,1,0,0.0008858571,0.0000000000,True,True,1,1,0,0.0000000000,0.0000000000,0.0000000000,0.9441725979,0.0000000000,0.0000000000,0.0000000000,0.0000000000,0.0000000000,1.0000000000,0.1976222521,0.2626738448,0.0000000000
100000004351795100,distributor,0.8596513533,0,0.8096911097,in_deg=3; out_deg=14; in=118333; out=1.71516e+06 KZT; tx=3/37; role_score=0.860; depth=1; truncated=0; is_seed=0,1,False,3,14,118333.0000000000,1715161.0000000000,3,37,0.0003117690,14.4943591390,False,True,19,30,2,0.0540540541,0.0024285216,0.9724540902,0.5011120996,0.4841963984,0.5536838791,0.8596513533,0.0000000000,0.8310514930,0.1403486467,0.9629878869,0.9872139973,0.0533629188
100000004356593100,peripheral,0.6730734361,2,0.3488111426,in_deg=1; out_deg=1; in=50000; out=10000 KZT; tx=1/1; role_score=0.673; depth=2; truncated=0; is_seed=0,2,False,1,1,50000.0000000000,10000.0000000000,1,1,0.0002918666,0.2000000000,False,True,2,8,0,0.0000000000,0.0000192202,0.2863105175,0.2684608541,0.0000000000,0.1158261287,0.0000000000,0.3269265639,0.2809556185,0.6730734361,0.4699416779,0.6056527591,0.0000000000
100000004358004100,distributor,0.8976945245,2,0.3747749557,in_deg=0; out_deg=11; in=0; out=980850 KZT; tx=0/17; role_score=0.898; depth=0; truncated=0; is_seed=1,0,True,0,11,0.0000000000,980850.0000000000,0,17,0.0002840373,-1.0000000000,False,False,12,14,0,0.0000000000,0.0000000000,0.0000000000,0.0093416370,0.0000000000,0.0000000000,0.8976945245,0.0000000000,0.0000000000,0.1023054755,0.9235082997,0.9499775684,0.0000000000
100000004360785100,peripheral,0.5444998489,16,0.2268390456,in_deg=1; out_deg=0; in=94705; out=0 KZT; tx=1/0; role_score=0.544; depth=1; truncated=0; is_seed=0,1,False,1,0,94705.0000000000,0.0000000000,1,0,0.0002941528,0.0000000000,False,True,1,1,0,0.0000000000,0.0000000000,0.0000000000,0.3160587189,0.0000000000,0.0000000000,0.0000000000,0.4555001511,0.0000000000,0.5444998489,0.5601166442,0.2626738448,0.0000000000
100000004368189100,terminal,0.5000947635,24,0.4716957000,in_deg=1; out_deg=2; in=384600; out=28200 KZT; tx=1/2; out/in=0.0733; prev_day=0.500; depth=3; truncated=0; is_seed=0,3,False,1,2,384600.0000000000,28200.0000000000,1,2,0.0003022253,0.0733229329,False,True,3,5,1,0.5000000000,0.0000027741,0.1585976628,0.4281583630,0.0000000000,0.2925765907,0.3394172270,0.5000947635,0.2394658728,0.4999052365,0.8283983849,0.7243158367,0.3621579183
100000004377043100,peripheral,1.0000000000,15,0.1431430151,in_deg=1; out_deg=0; in=5700; out=0 KZT; tx=1/0; role_score=1.000; depth=4; truncated=1; is_seed=0,4,False,1,0,5700.0000000000,0.0000000000,1,0,0.0003613978,0.0000000000,True,True,1,1,0,0.0000000000,0.0000000000,0.0000000000,0.6523576512,0.0000000000,0.0000000000,0.0000000000,0.0000000000,0.0000000000,1.0000000000,0.0235531629,0.2626738448,0.0000000000
100000004379306100,peripheral,1.0000000000,8,0.1934923810,in_deg=1; out_deg=0; in=15000; out=0 KZT; tx=1/0; role_score=1.000; depth=4; truncated=1; is_seed=0,4,False,1,0,15000.0000000000,0.0000000000,1,0,0.0005289005,0.0000000000,True,True,1,1,0,0.0000000000,0.0000000000,0.0000000000,0.8089412811,0.0000000000,0.0000000000,0.0000000000,0.0000000000,0.0000000000,1.0000000000,0.1310004486,0.2626738448,0.0000000000
100000004386258100,coordinator,0.7859365624,7,0.6662074019,in_deg=3; out_deg=3; in=61700; out=40000 KZT; tx=3/3; bet_pct=0.774; pr_pct=0.814; depth=2; truncated=0; is_seed=0,2,False,3,3,61700.0000000000,40000.0000000000,3,3,0.0005302961,0.6482982172,False,True,3,26,0,0.0000000000,0.0001204733,0.7737896494,0.8142793594,0.5827855848,0.4216390938,0.3894092219,0.2732889722,0.7859365624,0.2140634376,0.5843427546,0.8476895469,0.0000000000
100000004386286100,peripheral,1.0000000000,7,0.1972708256,in_deg=1; out_deg=0; in=12500; out=0 KZT; tx=1/0; role_score=1.000; depth=4; truncated=1; is_seed=0,4,False,1,0,12500.0000000000,0.0000000000,1,0,0.0005933238,0.0000000000,True,True,1,1,0,0.0000000000,0.0000000000,0.0000000000,0.8801156584,0.0000000000,0.0000000000,0.0000000000,0.0000000000,0.0000000000,1.0000000000,0.1034096007,0.2626738448,0.0000000000
100000004386331100,coordinator,0.5332562352,7,0.4632633800,in_deg=1; out_deg=2; in=20000; out=17500 KZT; tx=1/2; bet_pct=0.427; pr_pct=0.782; depth=3; truncated=0; is_seed=0,3,False,1,2,20000.0000000000,17500.0000000000,1,2,0.0005094131,0.8750000000,False,True,3,26,0,0.0000000000,0.0000202110,0.4265442404,0.7822508897,0.0000000000,0.2827572529,0.3162023695,0.0406844968,0.5332562352,0.4667437648,0.3519515478,0.7243158367,0.0000000000
100000004388209100,peripheral,0.7146418858,22,0.0751210837,in_deg=1; out_deg=0; in=11800; out=0 KZT; tx=1/0; role_score=0.715; depth=1; truncated=0; is_seed=0,1,False,1,0,11800.0000000000,0.0000000000,1,0,0.0002864953,0.0000000000,False,True,1,1,0,0.0000000000,0.0000000000,0.0000000000,0.0807384342,0.0000000000,0.0000000000,0.0000000000,0.2853581142,0.0000000000,0.7146418858,0.0944369672,0.2626738448,0.0000000000
100000004388353100,consolidator,0.7148685403,11,0.3013997737,in_deg=2; out_deg=0; in=62960; out=0 KZT; tx=2/0; role_score=0.715; depth=1; truncated=0; is_seed=0,1,False,2,0,62960.0000000000,0.0000000000,2,0,0.0003388452,0.0000000000,False,True,2,9,0,0.0000000000,0.0000000000,0.0000000000,0.6069839858,0.7148685403,0.0000000000,0.0000000000,0.7148685403,0.0000000000,0.2851314597,0.4780170480,0.6056527591,0.0000000000
100000004388983100,distributor,0.7579250720,71,0.3576708732,in_deg=0; out_deg=2; in=0; out=450816 KZT; tx=0/23; role_score=0.758; depth=0; truncated=0; is_seed=1,0,True,0,2,0.0000000000,450816.0000000000,0,23,0.0002840373,-1.0000000000,False,False,5,5,0,0.0000000000,0.0000000000,0.0000000000,0.0093416370,0.0000000000,0.0000000000,0.7579250720,0.0000000000,0.0000000000,0.2420749280,0.8436518618,0.9690444145,0.0000000000
100000004390333100,distributor,0.7802811981,0,0.7119475909,in_deg=2; out_deg=9; in=64558; out=506500 KZT; tx=2/14; role_score=0.780; depth=1; truncated=0; is_seed=0,1,False,2,9,64558.0000000000,506500.0000000000,2,14,0.0002936074,7.8456581678,False,True,9,30,3,0.2142857143,0.0001584150,0.8138564274,0.3053825623,0.4234044891,0.5039312434,0.7802811981,0.0000000000,0.6613142678,0.2197188019,0.8777478690,0.9441453567,0.2023168621
100000004394765100,terminal,0.8216937720,16,0.7491968567,in_deg=3; out_deg=2; in=603844; out=82500 KZT; tx=10/2; out/in=0.137; prev_day=0.500; depth=1; truncated=0; is_seed=0,1,False,3,2,603844.0000000000,82500.0000000000,10,2,0.0003781069,0.1366246911,False,True,7,19,1,0.5000000000,0.0000651639,0.6836393990,0.6777135231,0.7613780598,0.3535021917,0.3370557157,0.8216937720,0.6818616362,0.1783062280,0.8947958726,0.9228353522,0.4614176761
100000004398811100,distributor,0.6417507205,2,0.4975952506,in_deg=1; out_deg=3; in=426000; out=1.04067e+06 KZT; tx=1/4; role_score=0.642; depth=2; truncated=0; is_seed=0,2,False,1,3,426000.0000000000,1040672.0000000000,1,4,0.0003476781,2.4428920188,False,True,4,19,0,0.0000000000,0.0000014861,0.1210350584,0.6265569395,0.0000000000,0.4096477750,0.6417507205,0.0000000000,0.2726916228,0.3582492795,0.9513234634,0.8227904890,0.0000000000
100000004399686100,terminal,0.7011181626,21,0.4478150310,in_deg=1; out_deg=0; in=806000; out=0 KZT; tx=2/0; out/in=0; prev_day=0.000; depth=3; truncated=0; is_seed=0,3,False,1,0,806000.0000000000,0.0000000000,2,0,0.0005664445,0.0000000000,False,True,1,1,0,0.0000000000,0.0000000000,0.0000000000,0.8667704626,0.0000000000,0.0000000000,0.0000000000,0.7011181626,0.0000000000,0.2988818374,0.9078061911,0.6056527591,0.0000000000
100000004400305100,distributor,0.9539835832,0,0.8613008136,in_deg=7; out_deg=82; in=222800; out=5.83018e+06 KZT; tx=9/101; role_score=0.954; depth=2; truncated=0; is_seed=0,2,False,7,82,222800.0000000000,5830181.0000000000,9,101,0.0003836042,26.1677782765,False,True,22,27,17,0.1683168317,0.0026091499,0.9808013356,0.6839412811,0.4969083297,0.6231882869,0.9539835832,0.0000000000,0.8917433192,0.0460164168,0.9966352624,0.9966352624,0.1677504897
100000004400361100,peripheral,0.7238591720,16,0.0653066072,in_deg=1; out_deg=0; in=10000; out=0 KZT; tx=1/0; role_score=0.724; depth=2; truncated=0; is_seed=0,2,False,1,0,10000.0000000000,0.0000000000,1,0,0.0002856823,0.0000000000,False,True,1,1,0,0.0000000000,0.0000000000,0.0000000000,0.0549377224,0.0000000000,0.0000000000,0.0000000000,0.2761408280,0.0000000000,0.7238591720,0.0706594886,0.2626738448,0.0000000000
100000004400480100,peripheral,1.0000000000,24,0.2089042461,in_deg=1; out_deg=0; in=21700; out=0 KZT; tx=1/0; role_score=1.000; depth=4; truncated=1; is_seed=0,4,False,1,0,21700.0000000000,0.0000000000,1,0,0.0004817162,0.0000000000,True,True,1,1,0,0.0000000000,0.0000000000,0.0000000000,0.7640124555,0.0000000000,0.0000000000,0.0000000000,0.0000000000,0.0000000000,1.0000000000,0.2196052041,0.2626738448,0.0000000000
100000004403548100,peripheral,1.0000000000,8,0.1406400276,in_deg=1; out_deg=0; in=5000; out=0 KZT; tx=1/0; role_score=1.000; depth=4; truncated=1; is_seed=0,4,False,1,0,5000.0000000000,0.0000000000,1,0,0.0003657928,0.0000000000,True,True,1,1,0,0.0000000000,0.0000000000,0.0000000000,0.6625889680,0.0000000000,0.0000000000,0.0000000000,0.0000000000,0.0000000000,1.0000000000,0.0074024226,0.2626738448,0.0000000000
100000004403641100,peripheral,1.0000000000,24,0.2677524082,in_deg=1; out_deg=0; in=171500; out=0 KZT; tx=1/0; role_score=1.000; depth=4; truncated=1; is_seed=0,4,False,1,0,171500.0000000000,0.0000000000,1,0,0.0002989199,0.0000000000,True,True,1,1,0,0.0000000000,0.0000000000,0.0000000000,0.3876779359,0.0000000000,0.0000000000,0.0000000000,0.0000000000,0.0000000000,1.0000000000,0.6807985644,0.2626738448,0.0000000000
100000004403675100,coordinator,0.9633745670,47,0.8942452318,in_deg=4; out_deg=5; in=182980; out=264699 KZT; tx=8/6; bet_pct=0.982; pr_pct=0.919; depth=1; truncated=0; is_seed=0,1,False,4,5,182980.0000000000,264699.0000000000,8,6,0.0007348683,1.4466007214,False,True,8,20,4,0.6666666667,0.0027876735,0.9824707846,0.9188167260,0.6485049192,0.6611330321,0.5781033195,0.0000000000,0.9633745670,0.0366254330,0.8391655451,0.9358456707,0.6238971138
100000004407753100,peripheral,0.5754759746,15,0.5465216626,in_deg=1; out_deg=1; in=250000; out=100000 KZT; tx=4/1; role_score=0.575; depth=3; truncated=0; is_seed=0,3,False,1,1,250000.0000000000,100000.0000000000,4,1,0.0008713429,0.4000000000,False,True,4,7,1,1.0000000000,0.0000000000,0.0000000000,0.9397241993,0.0000000000,0.2606748319,0.0000000000,0.4245240254,0.0000000000,0.5754759746,0.7994616420,0.8227904890,0.8227904890
100000004408683100,consolidator,0.7940465397,16,0.3615195312,in_deg=2; out_deg=0; in=112920; out=0 KZT; tx=3/0; role_score=0.794; depth=1; truncated=0; is_seed=0,1,False,2,0,112919.6800000000,0.0000000000,3,0,0.0003830706,0.0000000000,False,True,3,10,0,0.0000000000,0.0000000000,0.0000000000,0.6834964413,0.7940465397,0.0000000000,0.0000000000,0.7940465397,0.0000000000,0.2059534603,0.6013907582,0.7243158367,0.0000000000
100000004410489100,peripheral,0.5818223028,2,0.2279858004,in_deg=1; out_deg=0; in=54000; out=0 KZT; tx=1/0; role_score=0.582; depth=2; truncated=0; is_seed=0,2,False,1,0,54000.0000000000,0.0000000000,1,0,0.0003124962,0.0000000000,False,True,1,1,0,0.0000000000,0.0000000000,0.0000000000,0.5068950178,0.0000000000,0.0000000000,0.0000000000,0.4181776972,0.0000000000,0.5818223028,0.4502018843,0.2626738448,0.0000000000
100000004417753100,consolidator,0.7896645512,2,0.3698145074,in_deg=2; out_deg=0; in=192099; out=0 KZT; tx=2/0; role_score=0.790; depth=3; truncated=0; is_seed=0,3,False,2,0,192099.0000000000,0.0000000000,2,0,0.0003908733,0.0000000000,False,True,1,1,0,0.0000000000,0.0000000000,0.0000000000,0.6959519573,0.7896645512,0.0000000000,0.0000000000,0.7896645512,0.0000000000,0.2103354488,0.6982951996,0.6056527591,0.0000000000
100000004418967100,peripheral,1.0000000000,42,0.2954113990,in_deg=1; out_deg=0; in=100000; out=0 KZT; tx=1/0; role_score=1.000; depth=4; truncated=1; is_seed=0,4,False,1,0,100000.0000000000,0.0000000000,1,0,0.0004509241,0.0000000000,True,True,1,1,0,0.0000000000,0.0000000000,0.0000000000,0.7466637011,0.0000000000,0.0000000000,0.0000000000,0.0000000000,0.0000000000,1.0000000000,0.5760430686,0.2626738448,0.0000000000
100000004420041100,distributor,0.7965597983,7,0.7024897454,in_deg=1; out_deg=7; in=69638; out=651830 KZT; tx=1/11; role_score=0.797; depth=3; truncated=0; is_seed=0,3,False,1,7,69638.0000000000,651830.0000000000,1,11,0.0002980941,9.3602630748,False,True,8,31,0,0.0000000000,0.0001542486,0.8088480801,0.3765569395,0.0000000000,0.2929029814,0.7965597983,0.0000000000,0.6791607379,0.2034402017,0.8979362943,0.9228353522,0.0000000000
100000004424023100,coordinator,0.5873908694,1,0.5463311458,in_deg=1; out_deg=1; in=50000; out=100000 KZT; tx=1/1; bet_pct=0.432; pr_pct=0.949; depth=2; truncated=0; is_seed=0,2,False,1,1,50000.0000000000,100000.0000000000,1,1,0.0009650421,2.0000000000,False,True,2,9,0,0.0000000000,0.0000204091,0.4323873122,0.9490658363,0.0000000000,0.2376741114,0.0000000000,0.0000000000,0.5873908694,0.4126091306,0.6471511889,0.6056527591,0.0000000000
100000004433250100,peripheral,1.0000000000,0,0.1175976822,in_deg=1; out_deg=0; in=8000; out=0 KZT; tx=1/0; role_score=1.000; depth=4; truncated=1; is_seed=0,4,False,1,0,8000.0000000000,0.0000000000,1,0,0.0003049010,0.0000000000,True,True,1,1,0,0.0000000000,0.0000000000,0.0000000000,0.4472864769,0.0000000000,0.0000000000,0.0000000000,0.0000000000,0.0000000000,1.0000000000,0.0444145357,0.2626738448,0.0000000000
100000004435304100,peripheral,0.6450589302,22,0.1510409283,in_deg=1; out_deg=0; in=26200; out=0 KZT; tx=1/0; role_score=0.645; depth=2; truncated=0; is_seed=0,2,False,1,0,26200.0000000000,0.0000000000,1,0,0.0002928686,0.0000000000,False,True,1,1,0,0.0000000000,0.0000000000,0.0000000000,0.2911476868,0.0000000000,0.0000000000,0.0000000000,0.3549410698,0.0000000000,0.6450589302,0.2718707941,0.2626738448,0.0000000000
100000004441291100,peripheral,0.6745240254,2,0.2156860881,in_deg=1; out_deg=0; in=20000; out=0 KZT; tx=1/0; role_score=0.675; depth=2; truncated=0; is_seed=0,2,False,1,0,20000.0000000000,0.0000000000,1,0,0.0005455337,0.0000000000,False,True,1,1,0,0.0000000000,0.0000000000,0.0000000000,0.8458629893,0.0000000000,0.0000000000,0.0000000000,0.3254759746,0.0000000000,0.6745240254,0.1976222521,0.2626738448,0.0000000000
100000004445291100,peripheral,0.5432910245,13,0.2177088123,in_deg=1; out_deg=0; in=19500; out=0 KZT; tx=2/0; role_score=0.543; depth=3; truncated=0; is_seed=0,3,False,1,0,19500.0000000000,0.0000000000,2,0,0.0003174473,0.0000000000,False,True,2,2,0,0.0000000000,0.0000000000,0.0000000000,0.5358096085,0.0000000000,0.0000000000,0.0000000000,0.4567089755,0.0000000000,0.5432910245,0.1859578286,0.6056527591,0.0000000000
100000004449824100,peripheral,1.0000000000,18,0.0795127896,in_deg=1; out_deg=0; in=9000; out=0 KZT; tx=1/0; role_score=1.000; depth=4; truncated=1; is_seed=0,4,False,1,0,9000.0000000000,0.0000000000,1,0,0.0002888219,0.0000000000,True,True,1,1,0,0.0000000000,0.0000000000,0.0000000000,0.1810498221,0.0000000000,0.0000000000,0.0000000000,0.0000000000,0.0000000000,1.0000000000,0.0518169583,0.2626738448,0.0000000000
100000004450649100,coordinator,0.6660427150,10,0.6356682844,in_deg=2; out_deg=2; in=192528; out=46527 KZT; tx=2/2; bet_pct=0.797; pr_pct=0.360; depth=3; truncated=0; is_seed=0,3,False,2,2,192528.0000000000,46527.0000000000,2,2,0.0002973228,0.2416635502,False,True,4,15,0,0.0000000000,0.0001387490,0.7971619366,0.3600978648,0.5923617407,0.3105083851,0.3278097983,0.5989459992,0.6660427150,0.3339572850,0.7391206819,0.7857783760,0.0000000000
100000004451012100,coordinator,0.5716265321,43,0.5690568730,in_deg=1; out_deg=3; in=91245; out=65740 KZT; tx=1/3; bet_pct=0.646; pr_pct=0.398; depth=3; truncated=0; is_seed=0,3,False,1,3,91245.0000000000,65740.0000000000,1,3,0.0002995308,0.7204778344,False,True,2,21,0,0.0000000000,0.0000576607,0.6460767947,0.3979092527,0.0000000000,0.3757363007,0.4858309318,0.1265198923,0.5716265321,0.4283734679,0.6615074024,0.7857783760,0.0000000000
100000004456564100,peripheral,0.5879419764,40,0.2126720387,in_deg=1; out_deg=0; in=10000; out=0 KZT; tx=2/0; role_score=0.588; depth=2; truncated=0; is_seed=0,2,False,1,0,10000.0000000000,0.0000000000,2,0,0.0003898966,0.0000000000,False,True,2,4,0,0.0000000000,0.0000000000,0.0000000000,0.6943950178,0.0000000000,0.0000000000,0.0000000000,0.4120580236,0.0000000000,0.5879419764,0.0706594886,0.6056527591,0.0000000000
100000004463277100,peripheral,0.6221668178,27,0.2602772526,in_deg=1; out_deg=0; in=35000; out=0 KZT; tx=1/0; role_score=0.622; depth=2; truncated=0; is_seed=0,2,False,1,0,35000.0000000000,0.0000000000,1,0,0.0006870869,0.0000000000,False,True,1,1,0,0.0000000000,0.0000000000,0.0000000000,0.9094750890,0.0000000000,0.0000000000,0.0000000000,0.3778331822,0.0000000000,0.6221668178,0.3378196501,0.2626738448,0.0000000000
100000004467157100,peripheral,0.6766205802,59,0.2903536257,in_deg=1; out_deg=1; in=20000; out=7000 KZT; tx=3/1; role_score=0.677; depth=2; truncated=0; is_seed=0,2,False,1,1,20000.0000000000,7000.0000000000,3,1,0.0003841821,0.3500000000,False,True,4,23,0,0.0000000000,0.0000000000,0.0000000000,0.6848309609,0.0000000000,0.1114042988,0.0000000000,0.3233794198,0.0000000000,0.6766205802,0.2790489009,0.7857783760,0.0000000000
100000004472936100,peripheral,1.0000000000,12,0.1623926966,in_deg=1; out_deg=0; in=5000; out=0 KZT; tx=1/0; role_score=1.000; depth=4; truncated=1; is_seed=0,4,False,1,0,5000.0000000000,0.0000000000,1,0,0.0005287482,0.0000000000,True,True,1,1,0,0.0000000000,0.0000000000,0.0000000000,0.8076067616,0.0000000000,0.0000000000,0.0000000000,0.0000000000,0.0000000000,1.0000000000,0.0074024226,0.2626738448,0.0000000000
100000004475818100,coordinator,0.6235792231,10,0.6042376450,in_deg=1; out_deg=3; in=13000; out=53989 KZT; tx=1/3; bet_pct=0.689; pr_pct=0.472; depth=3; truncated=0; is_seed=0,3,False,1,3,13000.0000000000,53989.0000000000,1,3,0.0003081069,4.1530000000,False,True,2,2,2,0.6666666667,0.0000694018,0.6886477462,0.4717526690,0.0000000000,0.2259103941,0.4736431316,0.0000000000,0.6235792231,0.3764207769,0.4887842082,0.7857783760,0.5238522506
100000004479404100,coordinator,0.7971932387,49,0.7746396880,in_deg=2; out_deg=1; in=1.492e+06; out=300000 KZT; tx=8/2; bet_pct=0.737; pr_pct=0.938; depth=2; truncated=0; is_seed=0,2,False,2,1,1492000.0000000000,300000.0000000000,8,2,0.0008597381,0.2010723861,False,True,8,27,0,0.0000000000,0.0000961012,0.7370617696,0.9375000000,0.7774881636,0.3122953543,0.0000000000,0.7453881161,0.7971932387,0.2028067613,0.9616419919,0.9042171377,0.0000000000
100000004480280100,distributor,0.5593579891,2,0.6276923348,in_deg=1; out_deg=2; in=146694; out=295850 KZT; tx=1/7; role_score=0.559; depth=1; truncated=0; is_seed=0,1,False,1,2,146694.0000000000,295850.0000000000,1,7,0.0003131731,2.0167832359,False,True,7,23,2,0.2857142857,0.0000357176,0.5250417362,0.5135676157,0.0000000000,0.3891997437,0.5593579891,0.0000000000,0.5215995001,0.4406420109,0.8369223867,0.8829071332,0.2522591809
100000004486525100,consolidator,0.8606300997,0,0.5734772391,in_deg=8; out_deg=2; in=360924; out=271045 KZT; tx=21/3; role_score=0.861; depth=2; truncated=0; is_seed=0,2,False,8,2,360924.0000000000,271045.0000000000,21,3,0.0008008088,0.7509752746,False,True,5,6,0,0.0000000000,0.0000047555,0.1894824708,0.9277135231,0.8606300997,0.4931100143,0.3531700288,0.2381313048,0.4109517865,0.1393699003,0.8889636608,0.9717362046,0.0000000000
100000004488265100,peripheral,0.6159715926,8,0.1688251029,in_deg=1; out_deg=0; in=38740; out=0 KZT; tx=1/0; role_score=0.616; depth=3; truncated=0; is_seed=0,3,False,1,0,38740.0000000000,0.0000000000,1,0,0.0002918572,0.0000000000,False,True,1,1,0,0.0000000000,0.0000000000,0.0000000000,0.2680160142,0.0000000000,0.0000000000,0.0000000000,0.3840284074,0.0000000000,0.6159715926,0.3568864962,0.2626738448,0.0000000000
100000004491749100,peripheral,0.5913417951,1,0.2394057915,in_deg=1; out_deg=0; in=50000; out=0 KZT; tx=1/0; role_score=0.591; depth=3; truncated=0; is_seed=0,3,False,1,0,50000.0000000000,0.0000000000,1,0,0.0003488352,0.0000000000,False,True,1,1,0,0.0000000000,0.0000000000,0.0000000000,0.6278914591,0.0000000000,0.0000000000,0.0000000000,0.4086582049,0.0000000000,0.5913417951,0.4232839838,0.2626738448,0.0000000000
100000004491881100,peripheral,0.6896343306,22,0.0999958989,in_deg=1; out_deg=0; in=17144; out=0 KZT; tx=1/0; role_score=0.690; depth=1; truncated=0; is_seed=0,1,False,1,0,17144.0000000000,0.0000000000,1,0,0.0002876085,0.0000000000,False,True,1,1,0,0.0000000000,0.0000000000,0.0000000000,0.1347864769,0.0000000000,0.0000000000,0.0000000000,0.3103656694,0.0000000000,0.6896343306,0.1615074024,0.2626738448,0.0000000000
100000004493586100,peripheral,0.7371562406,0,0.0661888530,in_deg=1; out_deg=0; in=7500; out=0 KZT; tx=1/0; role_score=0.737; depth=3; truncated=0; is_seed=0,3,False,1,0,7500.0000000000,0.0000000000,1,0,0.0002870852,0.0000000000,False,True,1,1,0,0.0000000000,0.0000000000,0.0000000000,0.1105427046,0.0000000000,0.0000000000,0.0000000000,0.2628437594,0.0000000000,0.7371562406,0.0408254823,0.2626738448,0.0000000000
100000004494983100,peripheral,0.6221668178,22,0.1619231601,in_deg=1; out_deg=0; in=35000; out=0 KZT; tx=1/0; role_score=0.622; depth=1; truncated=0; is_seed=0,1,False,1,0,35000.0000000000,0.0000000000,1,0,0.0002913281,0.0000000000,False,True,1,1,0,0.0000000000,0.0000000000,0.0000000000,0.2537811388,0.0000000000,0.0000000000,0.0000000000,0.3778331822,0.0000000000,0.6221668178,0.3378196501,0.2626738448,0.0000000000
100000004497606100,peripheral,0.6965850710,22,0.0929470132,in_deg=1; out_deg=0; in=15534; out=0 KZT; tx=1/0; role_score=0.697; depth=1; truncated=0; is_seed=0,1,False,1,0,15534.0000000000,0.0000000000,1,0,0.0002872731,0.0000000000,False,True,1,1,0,0.0000000000,0.0000000000,0.0000000000,0.1214412811,0.0000000000,0.0000000000,0.0000000000,0.3034149290,0.0000000000,0.6965850710,0.1413189771,0.2626738448,0.0000000000
100000004500444100,consolidator,0.7121990531,40,0.6016211170,in_deg=2; out_deg=1; in=180000; out=74000 KZT; tx=7/5; role_score=0.712; depth=3; truncated=0; is_seed=0,3,False,2,1,180000.0000000000,74000.0000000000,7,5,0.0004619335,0.4111111111,False,True,8,23,2,0.4000000000,0.0000194184,0.3606010017,0.7506672598,0.7121990531,0.3594535169,0.0000000000,0.5032873308,0.4776208791,0.2878009469,0.7498878421,0.9228353522,0.3691341409
100000004500781100,peripheral,1.0000000000,40,0.3857292969,in_deg=1; out_deg=0; in=74000; out=0 KZT; tx=5/0; role_score=1.000; depth=4; truncated=1; is_seed=0,4,False,1,0,74000.0000000000,0.0000000000,5,0,0.0006766808,0.0000000000,True,True,3,11,0,0.0000000000,0.0000000000,0.0000000000,0.9068060498,0.0000000000,0.0000000000,0.0000000000,0.0000000000,0.0000000000,1.0000000000,0.5051592642,0.8227904890,0.0000000000
100000004502048100,peripheral,1.0000000000,43,0.1584136250,in_deg=1; out_deg=0; in=13888; out=0 KZT; tx=1/0; role_score=1.000; depth=4; truncated=1; is_seed=0,4,False,1,0,13888.0000000000,0.0000000000,1,0,0.0003378234,0.0000000000,True,True,1,1,0,0.0000000000,0.0000000000,0.0000000000,0.6038701068,0.0000000000,0.0000000000,0.0000000000,0.0000000000,0.0000000000,1.0000000000,0.1137281292,0.2626738448,0.0000000000
100000004508696100,coordinator,0.6219682567,19,0.5866009969,in_deg=1; out_deg=3; in=7000; out=111000 KZT; tx=1/4; bet_pct=0.579; pr_pct=0.722; depth=3; truncated=0; is_seed=0,3,False,1,3,7000.0000000000,111000.0000000000,1,4,0.0004200069,15.8571428571,False,True,3,18,0,0.0000000000,0.0000392331,0.5792988314,0.7215302491,0.0000000000,0.1739360848,0.5446685879,0.0000000000,0.6219682567,0.3780317433,0.6087931808,0.8227904890,0.0000000000
100000004509286100,peripheral,0.6127984285,2,0.1712109383,in_deg=1; out_deg=0; in=40000; out=0 KZT; tx=1/0; role_score=0.613; depth=1; truncated=0; is_seed=0,1,False,1,0,40000.0000000000,0.0000000000,1,0,0.0002919819,0.0000000000,False,True,1,1,0,0.0000000000,0.0000000000,0.0000000000,0.2704626335,0.0000000000,0.0000000000,0.0000000000,0.3872015715,0.0000000000,0.6127984285,0.3649618663,0.2626738448,0.0000000000
100000004526651100,peripheral,1.0000000000,4,0.1459848413,in_deg=1; out_deg=0; in=33000; out=0 KZT; tx=1/0; role_score=1.000; depth=4; truncated=1; is_seed=0,4,False,1,0,33000.0000000000,0.0000000000,1,0,0.0002883487,0.0000000000,True,True,1,1,0,0.0000000000,0.0000000000,0.0000000000,0.1665925267,0.0000000000,0.0000000000,0.0000000000,0.0000000000,0.0000000000,1.0000000000,0.3263795424,0.2626738448,0.0000000000
100000004527381100,coordinator,0.8168546406,3,0.7040195141,in_deg=1; out_deg=1; in=119333; out=273866 KZT; tx=1/1; bet_pct=0.879; pr_pct=0.672; depth=2; truncated=0; is_seed=0,2,False,1,1,119333.1700000000,273866.1100000000,1,1,0.0003733752,2.2949705434,False,True,1,1,0,0.0000000000,0.0003213942,0.8789649416,0.6719306050,0.0000000000,0.2730266384,0.0000000000,0.0000000000,0.8168546406,0.1831453594,0.8189771198,0.6056527591,0.0000000000
100000004539443100,consolidator,0.7141130251,2,0.3519056518,in_deg=2; out_deg=0; in=61990; out=0 KZT; tx=2/0; role_score=0.714; depth=3; truncated=0; is_seed=0,3,False,2,0,61990.0000000000,0.0000000000,2,0,0.0009498235,0.0000000000,False,True,1,1,0,0.0000000000,0.0000000000,0.0000000000,0.9481761566,0.7141130251,0.0000000000,0.0000000000,0.7141130251,0.0000000000,0.2858869749,0.4753252580,0.6056527591,0.0000000000
100000004544958100,coordinator,0.5961518382,11,0.5955075028,in_deg=1; out_deg=2; in=168000; out=23200 KZT; tx=3/2; bet_pct=0.438; pr_pct=0.965; depth=2; truncated=0; is_seed=0,2,False,1,2,168000.0000000000,23200.0000000000,3,2,0.0012088986,0.1380952381,False,True,4,8,0,0.0000000000,0.0000208054,0.4382303840,0.9646352313,0.0000000000,0.2699298980,0.3286103106,0.5740822288,0.5961518382,0.4038481618,0.6960520413,0.8227904890,0.0000000000
100000004549591100,peripheral,1.0000000000,19,0.2538064991,in_deg=1; out_deg=0; in=49000; out=0 KZT; tx=1/0; role_score=1.000; depth=4; truncated=1; is_seed=0,4,False,1,0,49000.0000000000,0.0000000000,1,0,0.0004416345,0.0000000000,True,True,1,1,0,0.0000000000,0.0000000000,0.0000000000,0.7422153025,0.0000000000,0.0000000000,0.0000000000,0.0000000000,0.0000000000,1.0000000000,0.4122925079,0.2626738448,0.0000000000
100000004552204100,coordinator,0.5796975163,41,0.4888617685,in_deg=1; out_deg=2; in=22500; out=10000 KZT; tx=2/2; bet_pct=0.427; pr_pct=0.937; depth=3; truncated=0; is_seed=0,3,False,1,2,22500.0000000000,10000.0000000000,2,2,0.0008576379,0.4444444444,False,True,4,31,0,0.0000000000,0.0000202110,0.4265442404,0.9370551601,0.0000000000,0.2696058811,0.2951889209,0.2620798496,0.5796975163,0.4203024837,0.3245850157,0.7857783760,0.0000000000
100000004553349100,peripheral,0.7362496222,10,0.1070840747,in_deg=1; out_deg=0; in=7755; out=0 KZT; tx=1/0; role_score=0.736; depth=3; truncated=0; is_seed=0,3,False,1,0,7755.0000000000,0.0000000000,1,0,0.0002983957,0.0000000000,False,True,1,1,0,0.0000000000,0.0000000000,0.0000000000,0.3805604982,0.0000000000,0.0000000000,0.0000000000,0.2637503778,0.0000000000,0.7362496222,0.0423956931,0.2626738448,0.0000000000
100000004559194100,terminal,0.7273345422,16,0.3961865959,in_deg=1; out_deg=0; in=282145; out=0 KZT; tx=6/0; out/in=0; prev_day=0.000; depth=1; truncated=0; is_seed=0,1,False,1,0,282145.0000000000,0.0000000000,6,0,0.0003141734,0.0000000000,False,True,5,6,0,0.0000000000,0.0000000000,0.0000000000,0.5175711744,0.0000000000,0.0000000000,0.0000000000,0.7273345422,0.0000000000,0.2726654578,0.7655899507,0.8476895469,0.0000000000
100000004564736100,peripheral,0.5645210033,29,0.2247879726,in_deg=1; out_deg=0; in=15000; out=0 KZT; tx=2/0; role_score=0.565; depth=3; truncated=0; is_seed=0,3,False,1,0,15000.0000000000,0.0000000000,2,0,0.0003747873,0.0000000000,False,True,2,4,0,0.0000000000,0.0000000000,0.0000000000,0.6745996441,0.0000000000,0.0000000000,0.0000000000,0.4354789967,0.0000000000,0.5645210033,0.1310004486,0.6056527591,0.0000000000
100000004569484100,coordinator,0.8501748540,18,0.7429541834,in_deg=2; out_deg=4; in=98312; out=156000 KZT; tx=3/4; bet_pct=0.984; pr_pct=0.538; depth=3; truncated=0; is_seed=0,3,False,2,4,98312.0000000000,156000.0000000000,3,4,0.0003176307,1.5867849296,False,True,6,26,0,0.0000000000,0.0027934017,0.9841402337,0.5375889680,0.5211040596,0.5366220935,0.5537544028,0.0000000000,0.8501748540,0.1498251460,0.7503364738,0.8685509197,0.0000000000
100000004569637100,peripheral,1.0000000000,8,0.1726756419,in_deg=1; out_deg=0; in=5500; out=0 KZT; tx=1/0; role_score=1.000; depth=4; truncated=1; is_seed=0,4,False,1,0,5500.0000000000,0.0000000000,1,0,0.0005498067,0.0000000000,True,True,1,1,0,0.0000000000,0.0000000000,0.0000000000,0.8529804270,0.0000000000,0.0000000000,0.0000000000,0.0000000000,0.0000000000,1.0000000000,0.0213100045,0.2626738448,0.0000000000
100000004571634100,peripheral,1.0000000000,11,0.1889956967,in_deg=1; out_deg=0; in=20000; out=0 KZT; tx=1/0; role_score=1.000; depth=4; truncated=1; is_seed=0,4,False,1,0,20000.0000000000,0.0000000000,1,0,0.0003719995,0.0000000000,True,True,1,1,0,0.0000000000,0.0000000000,0.0000000000,0.6679270463,0.0000000000,0.0000000000,0.0000000000,0.0000000000,0.0000000000,1.0000000000,0.1976222521,0.2626738448,0.0000000000
100000004573782100,peripheral,0.7004381989,1,0.1429808152,in_deg=1; out_deg=0; in=15000; out=0 KZT; tx=1/0; role_score=0.700; depth=2; truncated=0; is_seed=0,2,False,1,0,15000.0000000000,0.0000000000,1,0,0.0003081764,0.0000000000,False,True,1,1,0,0.0000000000,0.0000000000,0.0000000000,0.4721975089,0.0000000000,0.0000000000,0.0000000000,0.2995618011,0.0000000000,0.7004381989,0.1310004486,0.2626738448,0.0000000000
100000004580202100,coordinator,0.6334437512,29,0.5526909200,in_deg=1; out_deg=3; in=9000; out=45000 KZT; tx=1/4; bet_pct=0.669; pr_pct=0.551; depth=2; truncated=0; is_seed=0,2,False,1,3,9000.0000000000,45000.0000000000,1,4,0.0003202941,5.0000000000,False,True,4,18,0,0.0000000000,0.0000594441,0.6686143573,0.5513790036,0.0000000000,0.1876926564,0.4858309318,0.0000000000,0.6334437512,0.3665562488,0.4502018843,0.8227904890,0.0000000000
100000004580254100,consolidator,0.6459655485,28,0.2348832630,in_deg=2; out_deg=0; in=27940; out=0 KZT; tx=2/0; role_score=0.646; depth=3; truncated=0; is_seed=0,3,False,2,0,27940.0000000000,0.0000000000,2,0,0.0003105599,0.0000000000,False,True,2,5,0,0.0000000000,0.0000000000,0.0000000000,0.4895462633,0.6459655485,0.0000000000,0.0000000000,0.6459655485,0.0000000000,0.3540344515,0.2824136384,0.6056527591,0.0000000000
100000004584730100,peripheral,1.0000000000,49,0.2038272842,in_deg=1; out_deg=0; in=47000; out=0 KZT; tx=1/0; role_score=1.000; depth=4; truncated=1; is_seed=0,4,False,1,0,47000.0000000000,0.0000000000,1,0,0.0003021363,0.0000000000,True,True,1,1,0,0.0000000000,0.0000000000,0.0000000000,0.4277135231,0.0000000000,0.0000000000,0.0000000000,0.0000000000,0.0000000000,1.0000000000,0.4010767160,0.2626738448,0.0000000000
100000004586598100,peripheral,1.0000000000,25,0.4679497223,in_deg=1; out_deg=0; in=761255; out=0 KZT; tx=4/0; role_score=1.000; depth=4; truncated=1; is_seed=0,4,False,1,0,761255.0000000000,0.0000000000,4,0,0.0005360536,0.0000000000,True,True,4,24,0,0.0000000000,0.0000000000,0.0000000000,0.8298487544,0.0000000000,0.0000000000,0.0000000000,0.0000000000,0.0000000000,1.0000000000,0.9024226110,0.7857783760,0.0000000000
100000004587414100,consolidator,0.8427017226,10,0.3857952445,in_deg=2; out_deg=0; in=533603; out=0 KZT; tx=2/0; role_score=0.843; depth=3; truncated=0; is_seed=0,3,False,2,0,533603.0000000000,0.0000000000,2,0,0.0003131098,0.0000000000,False,True,2,13,0,0.0000000000,0.0000000000,0.0000000000,0.5131227758,0.8427017226,0.0000000000,0.0000000000,0.8427017226,0.0000000000,0.1572982774,0.8719156572,0.6056527591,0.0000000000
100000004588479100,terminal,0.6326684799,16,0.3265234967,in_deg=1; out_deg=0; in=177633; out=0 KZT; tx=2/0; out/in=0; prev_day=0.000; depth=1; truncated=0; is_seed=0,1,False,1,0,177633.0000000000,0.0000000000,2,0,0.0003030104,0.0000000000,False,True,2,7,0,0.0000000000,0.0000000000,0.0000000000,0.4312722420,0.0000000000,0.0000000000,0.0000000000,0.6326684799,0.0000000000,0.3673315201,0.6839389861,0.6056527591,0.0000000000
100000004591973100,coordinator,0.5140590189,7,0.4967670599,in_deg=1; out_deg=1; in=10000; out=100000 KZT; tx=1/1; bet_pct=0.432; pr_pct=0.705; depth=3; truncated=0; is_seed=0,3,False,1,1,10000.0000000000,100000.0000000000,1,1,0.0003967252,10.0000000000,False,True,2,7,0,0.0000000000,0.0000204091,0.4323873122,0.7046263345,0.0000000000,0.1863950589,0.0000000000,0.0000000000,0.5140590189,0.4859409811,0.5955585464,0.6056527591,0.0000000000
100000004592467100,peripheral,0.7387428226,2,0.0544046081,in_deg=1; out_deg=0; in=7000; out=0 KZT; tx=1/0; role_score=0.739; depth=2; truncated=0; is_seed=0,2,False,1,0,7000.0000000000,0.0000000000,1,0,0.0002850830,0.0000000000,False,True,1,1,0,0.0000000000,0.0000000000,0.0000000000,0.0375889680,0.0000000000,0.0000000000,0.0000000000,0.2612571774,0.0000000000,0.7387428226,0.0374607447,0.2626738448,0.0000000000
100000004596284100,peripheral,1.0000000000,16,0.2466231536,in_deg=1; out_deg=0; in=30000; out=0 KZT; tx=1/0; role_score=1.000; depth=4; truncated=1; is_seed=0,4,False,1,0,30000.0000000000,0.0000000000,1,0,0.0005878010,0.0000000000,True,True,1,1,0,0.0000000000,0.0000000000,0.0000000000,0.8778914591,0.0000000000,0.0000000000,0.0000000000,0.0000000000,0.0000000000,1.0000000000,0.3021534320,0.2626738448,0.0000000000
100000004601193100,peripheral,1.0000000000,11,0.3733659918,in_deg=1; out_deg=0; in=84000; out=0 KZT; tx=3/0; role_score=1.000; depth=4; truncated=1; is_seed=0,4,False,1,0,84000.0000000000,0.0000000000,3,0,0.0005996321,0.0000000000,True,True,3,11,0,0.0000000000,0.0000000000,0.0000000000,0.8832295374,0.0000000000,0.0000000000,0.0000000000,0.0000000000,0.0000000000,1.0000000000,0.5289367429,0.7243158367,0.0000000000
100000004603109100,terminal,0.8223996714,21,0.5527446357,in_deg=3; out_deg=2; in=2.73e+06; out=400000 KZT; tx=8/2; out/in=0.147; prev_day=0.000; depth=3; truncated=0; is_seed=0,3,False,3,2,2730000.0000000000,400000.0000000000,8,2,0.0033684356,0.1465201465,False,True,6,11,0,0.0000000000,0.0000006935,0.0609348915,0.9984430605,0.7708673315,0.3927840411,0.4004322767,0.8223996714,0.3421873422,0.1776003286,0.9840735756,0.9042171377,0.0000000000
100000004610802100,peripheral,1.0000000000,53,0.4424810739,in_deg=1; out_deg=0; in=241000; out=0 KZT; tx=18/0; role_score=1.000; depth=4; truncated=1; is_seed=0,4,False,1,0,241000.0000000000,0.0000000000,18,0,0.0004711600,0.0000000000,True,True,14,27,0,0.0000000000,0.0000000000,0.0000000000,0.7577846975,0.0000000000,0.0000000000,0.0000000000,0.0000000000,0.0000000000,1.0000000000,0.7420367878,0.9553611485,0.0000000000
100000004611571100,peripheral,0.6640223633,0,0.1021086237,in_deg=1; out_deg=0; in=22550; out=0 KZT; tx=1/0; role_score=0.664; depth=3; truncated=0; is_seed=0,3,False,1,0,22550.0000000000,0.0000000000,1,0,0.0002852984,0.0000000000,False,True,1,1,0,0.0000000000,0.0000000000,0.0000000000,0.0438167260,0.0000000000,0.0000000000,0.0000000000,0.3359776367,0.0000000000,0.6640223633,0.2245401525,0.2626738448,0.0000000000
100000004613582100,peripheral,0.7228039095,1,0.2598407550,in_deg=1; out_deg=1; in=5000; out=9500 KZT; tx=1/1; role_score=0.723; depth=3; truncated=0; is_seed=0,3,False,1,1,5000.0000000000,9500.0000000000,1,1,0.0005500909,1.9000000000,False,True,2,16,0,0.0000000000,0.0000003963,0.0300500835,0.8538701068,0.0000000000,0.1242567875,0.0000000000,0.0000000000,0.2771960905,0.7228039095,0.1215791835,0.6056527591,0.0000000000
100000004616845100,peripheral,1.0000000000,44,0.1613871969,in_deg=1; out_deg=0; in=20200; out=0 KZT; tx=2/0; role_score=1.000; depth=4; truncated=1; is_seed=0,4,False,1,0,20200.0000000000,0.0000000000,2,0,0.0002872649,0.0000000000,True,True,2,2,0,0.0000000000,0.0000000000,0.0000000000,0.1203291815,0.0000000000,0.0000000000,0.0000000000,0.0000000000,0.0000000000,1.0000000000,0.2099596231,0.6056527591,0.0000000000
100000004622227100,peripheral,0.5100750287,0,0.4579952358,in_deg=1; out_deg=3; in=24931; out=19000 KZT; tx=1/3; role_score=0.510; depth=1; truncated=0; is_seed=0,1,False,1,3,24931.0000000000,19000.0000000000,1,3,0.0002886791,0.7621034054,False,True,3,12,0,0.0000000000,0.0000478418,0.6235392321,0.1781583630,0.0000000000,0.2900182505,0.4148054755,0.0820847497,0.4899249713,0.5100750287,0.3806639749,0.7857783760,0.0000000000
100000004629688100,peripheral,0.8182733958,3,0.2610444866,in_deg=1; out_deg=1; in=5000; out=15000 KZT; tx=1/2; role_score=0.818; depth=3; truncated=0; is_seed=0,3,False,1,1,5000.0000000000,15000.0000000000,1,2,0.0003854244,3.0000000000,False,True,3,6,0,0.0000000000,0.0000000000,0.0000000000,0.6866103203,0.0000000000,0.1817266042,0.0000000000,0.0000000000,0.0000000000,0.8182733958,0.1976222521,0.7243158367,0.0000000000
100000004634420100,peripheral,0.6462677546,22,0.1299817723,in_deg=1; out_deg=0; in=26150; out=0 KZT; tx=1/0; role_score=0.646; depth=3; truncated=0; is_seed=0,3,False,1,0,26150.0000000000,0.0000000000,1,0,0.0002880888,0.0000000000,False,True,1,1,0,0.0000000000,0.0000000000,0.0000000000,0.1563612100,0.0000000000,0.0000000000,0.0000000000,0.3537322454,0.0000000000,0.6462677546,0.2685060565,0.2626738448,0.0000000000
100000004635886100,peripheral,0.6630401934,16,0.1330432245,in_deg=1; out_deg=0; in=23000; out=0 KZT; tx=1/0; role_score=0.663; depth=3; truncated=0; is_seed=0,3,False,1,0,23000.0000000000,0.0000000000,1,0,0.0002908809,0.0000000000,False,True,1,1,0,0.0000000000,0.0000000000,0.0000000000,0.2444395018,0.0000000000,0.0000000000,0.0000000000,0.3369598066,0.0000000000,0.6630401934,0.2279048901,0.2626738448,0.0000000000
100000004644615100,distributor,0.6081892411,18,0.4839319047,in_deg=1; out_deg=2; in=50810; out=379665 KZT; tx=1/14; role_score=0.608; depth=3; truncated=0; is_seed=0,3,False,1,2,50810.0000000000,379665.0000000000,1,14,0.0003722488,7.4722495572,False,True,12,25,0,0.0000000000,0.0000011889,0.0976627713,0.6692615658,0.0000000000,0.2817789015,0.6081892411,0.0000000000,0.2691424097,0.3918107589,0.8337819650,0.9394347241,0.0000000000
100000004652395100,consolidator,0.8389241463,0,0.3581710187,in_deg=3; out_deg=0; in=101528; out=0 KZT; tx=5/0; role_score=0.839; depth=4; truncated=1; is_seed=0,4,False,3,0,101528.0000000000,0.0000000000,5,0,0.0003338362,0.0000000000,True,True,1,1,0,0.0000000000,0.0000000000,0.0000000000,0.5918594306,0.8389241463,0.0000000000,0.0000000000,0.0000000000,0.0000000000,0.1610758537,0.5838941229,0.8227904890,0.0000000000
100000004655046100,peripheral,1.0000000000,18,0.2285458915,in_deg=1; out_deg=0; in=24000; out=0 KZT; tx=1/0; role_score=1.000; depth=4; truncated=1; is_seed=0,4,False,1,0,24000.0000000000,0.0000000000,1,0,0.0005541512,0.0000000000,True,True,1,1,0,0.0000000000,0.0000000000,0.0000000000,0.8583185053,0.0000000000,0.0000000000,0.0000000000,0.0000000000,0.0000000000,1.0000000000,0.2415881561,0.2626738448,0.0000000000
100000004657034100,peripheral,0.5167724388,10,0.2243505568,in_deg=1; out_deg=0; in=141250; out=0 KZT; tx=1/0; role_score=0.517; depth=3; truncated=0; is_seed=0,3,False,1,0,141250.0000000000,0.0000000000,1,0,0.0002885772,0.0000000000,False,True,1,1,0,0.0000000000,0.0000000000,0.0000000000,0.1745996441,0.0000000000,0.0000000000,0.0000000000,0.4832275612,0.0000000000,0.5167724388,0.6350381337,0.2626738448,0.0000000000
100000004659919100,coordinator,0.6243934508,45,0.5818467927,in_deg=1; out_deg=1; in=110000; out=39000 KZT; tx=2/1; bet_pct=0.499; pr_pct=0.917; depth=3; truncated=0; is_seed=0,3,False,1,1,110000.0000000000,39000.0000000000,2,1,0.0007202227,0.3545454545,False,True,3,15,0,0.0000000000,0.0000241739,0.4991652755,0.9165925267,0.0000000000,0.1752576194,0.0000000000,0.3902669029,0.6243934508,0.3756065492,0.6440107672,0.7243158367,0.0000000000
100000004662806100,consolidator,0.5655031732,7,0.5834273202,in_deg=2; out_deg=2; in=106585; out=59900 KZT; tx=2/3; role_score=0.566; depth=1; truncated=0; is_seed=0,1,False,2,2,106585.0000000000,59900.0000000000,2,3,0.0003037850,0.5619927757,False,True,4,10,1,0.3333333333,0.0000388368,0.5676126878,0.4375000000,0.5655031732,0.4109265327,0.3740994236,0.3302593003,0.5285788815,0.4344968268,0.6731718259,0.8227904890,0.2742634963
100000004664515100,peripheral,0.6170293140,0,0.1649918965,in_deg=1; out_deg=0; in=37691; out=0 KZT; tx=1/0; role_score=0.617; depth=1; truncated=0; is_seed=0,1,False,1,0,37691.0000000000,0.0000000000,1,0,0.0002910549,0.0000000000,False,True,1,1,0,0.0000000000,0.0000000000,0.0000000000,0.2484430605,0.0000000000,0.0000000000,0.0000000000,0.3829706860,0.0000000000,0.6170293140,0.3532974428,0.2626738448,0.0000000000
100000004664905100,consolidator,0.8723179208,16,0.4227829603,in_deg=2; out_deg=0; in=329020; out=0 KZT; tx=4/0; role_score=0.872; depth=1; truncated=0; is_seed=0,1,False,2,0,329020.0000000000,0.0000000000,4,0,0.0004093945,0.0000000000,False,True,4,12,0,0.0000000000,0.0000000000,0.0000000000,0.7164145907,0.8723179208,0.0000000000,0.0000000000,0.8723179208,0.0000000000,0.1276820792,0.7898160610,0.7857783760,0.0000000000
100000004666651100,terminal,0.5446509519,72,0.3596885333,in_deg=1; out_deg=0; in=429250; out=0 KZT; tx=1/0; out/in=0; prev_day=0.000; depth=2; truncated=0; is_seed=0,2,False,1,0,429250.0000000000,0.0000000000,1,0,0.0004548655,0.0000000000,False,True,1,1,0,0.0000000000,0.0000000000,0.0000000000,0.7471085409,0.0000000000,0.0000000000,0.0000000000,0.5446509519,0.0000000000,0.4553490481,0.8328847017,0.2626738448,0.0000000000
100000004670388100,distributor,0.5587576049,6,0.6037331190,in_deg=1; out_deg=2; in=160354; out=720000 KZT; tx=1/4; role_score=0.559; depth=3; truncated=0; is_seed=0,3,False,1,2,160354.0000000000,720000.0000000000,1,4,0.0005106659,4.4900657296,False,True,3,22,0,0.0000000000,0.0000196165,0.3823038397,0.7835854093,0.0000000000,0.3467080013,0.5587576049,0.0000000000,0.5026883106,0.4412423951,0.9158815612,0.8227904890,0.0000000000
100000004671609100,peripheral,0.5390601390,24,0.2408962745,in_deg=1; out_deg=0; in=100000; out=0 KZT; tx=1/0; role_score=0.539; depth=3; truncated=0; is_seed=0,3,False,1,0,100000.0000000000,0.0000000000,1,0,0.0002986109,0.0000000000,False,True,1,1,0,0.0000000000,0.0000000000,0.0000000000,0.3832295374,0.0000000000,0.0000000000,0.0000000000,0.4609398610,0.0000000000,0.5390601390,0.5760430686,0.2626738448,0.0000000000
100000004673335100,peripheral,1.0000000000,33,0.2842310507,in_deg=1; out_deg=0; in=80000; out=0 KZT; tx=1/0; role_score=1.000; depth=4; truncated=1; is_seed=0,4,False,1,0,80000.0000000000,0.0000000000,1,0,0.0004904325,0.0000000000,True,True,1,1,0,0.0000000000,0.0000000000,0.0000000000,0.7715747331,0.0000000000,0.0000000000,0.0000000000,0.0000000000,0.0000000000,1.0000000000,0.5163750561,0.2626738448,0.0000000000
100000004674178100,peripheral,1.0000000000,13,0.1510286148,in_deg=1; out_deg=0; in=20000; out=0 KZT; tx=1/0; role_score=1.000; depth=4; truncated=1; is_seed=0,4,False,1,0,20000.0000000000,0.0000000000,1,0,0.0003010971,0.0000000000,True,True,1,1,0,0.0000000000,0.0000000000,0.0000000000,0.4148131673,0.0000000000,0.0000000000,0.0000000000,0.0000000000,0.0000000000,1.0000000000,0.1976222521,0.2626738448,0.0000000000
100000004674389100,peripheral,1.0000000000,11,0.1666685376,in_deg=1; out_deg=0; in=15000; out=0 KZT; tx=1/0; role_score=1.000; depth=4; truncated=1; is_seed=0,4,False,1,0,15000.0000000000,0.0000000000,1,0,0.0003500089,0.0000000000,True,True,1,1,0,0.0000000000,0.0000000000,0.0000000000,0.6301156584,0.0000000000,0.0000000000,0.0000000000,0.0000000000,0.0000000000,1.0000000000,0.1310004486,0.2626738448,0.0000000000
100000004674412100,peripheral,1.0000000000,11,0.2533691730,in_deg=1; out_deg=0; in=46000; out=0 KZT; tx=1/0; role_score=1.000; depth=4; truncated=1; is_seed=0,4,False,1,0,46000.0000000000,0.0000000000,1,0,0.0004863503,0.0000000000,True,True,1,1,0,0.0000000000,0.0000000000,0.0000000000,0.7684608541,0.0000000000,0.0000000000,0.0000000000,0.0000000000,0.0000000000,1.0000000000,0.3947958726,0.2626738448,0.0000000000
100000004674799100,terminal,0.6778482925,0,0.4202831259,in_deg=1; out_deg=0; in=140000; out=0 KZT; tx=5/0; out/in=0; prev_day=0.000; depth=2; truncated=0; is_seed=0,2,False,1,0,140000.0000000000,0.0000000000,5,0,0.0007835157,0.0000000000,False,True,3,9,0,0.0000000000,0.0000000000,0.0000000000,0.9259341637,0.0000000000,0.0000000000,0.0000000000,0.6778482925,0.0000000000,0.3221517075,0.6318977120,0.8227904890,0.0000000000
100000004676985100,peripheral,0.7816333495,0,0.3165072373,in_deg=1; out_deg=1; in=32260; out=27102 KZT; tx=1/1; role_score=0.782; depth=3; truncated=0; is_seed=0,3,False,1,1,32260.0000000000,27102.0000000000,1,1,0.0002858415,0.8401115933,False,True,2,4,0,0.0000000000,0.0000192202,0.2863105175,0.0598309609,0.0000000000,0.1871242257,0.0000000000,0.0595897182,0.2183666505,0.7816333495,0.4659039928,0.6056527591,0.0000000000
100000004677680100,coordinator,0.7082739100,11,0.7152817135,in_deg=2; out_deg=1; in=63000; out=168000 KZT; tx=2/3; bet_pct=0.602; pr_pct=0.957; depth=1; truncated=0; is_seed=0,1,False,2,1,63000.0000000000,168000.0000000000,2,3,0.0010880721,2.6666666667,False,True,4,11,2,0.6666666667,0.0000412145,0.6018363940,0.9566281139,0.5958497028,0.3686189161,0.0000000000,0.0000000000,0.7082739100,0.2917260900,0.7314939435,0.8227904890,0.5485269927
100000004679953100,coordinator,0.7987773588,8,0.7581968146,in_deg=3; out_deg=3; in=343538; out=34100 KZT; tx=3/3; bet_pct=0.889; pr_pct=0.588; depth=1; truncated=0; is_seed=0,1,False,3,3,343538.0000000000,34100.0000000000,3,3,0.0003323595,0.0992612171,False,True,5,10,1,0.3333333333,0.0003542158,0.8889816361,0.5883007117,0.6639279238,0.3601966413,0.3814841499,0.7973675067,0.7987773588,0.2012226412,0.8135935397,0.8476895469,0.2825631823
100000004687099100,peripheral,0.6345572681,1,0.2031178155,in_deg=1; out_deg=0; in=30000; out=0 KZT; tx=1/0; role_score=0.635; depth=2; truncated=0; is_seed=0,2,False,1,0,30000.0000000000,0.0000000000,1,0,0.0003323156,0.0000000000,False,True,1,1,0,0.0000000000,0.0000000000,0.0000000000,0.5878558719,0.0000000000,0.0000000000,0.0000000000,0.3654427319,0.0000000000,0.6345572681,0.3021534320,0.2626738448,0.0000000000
100000004687282100,peripheral,0.6745240254,16,0.1762510348,in_deg=1; out_deg=0; in=20000; out=0 KZT; tx=1/0; role_score=0.675; depth=2; truncated=0; is_seed=0,2,False,1,0,20000.0000000000,0.0000000000,1,0,0.0003303913,0.0000000000,False,True,1,1,0,0.0000000000,0.0000000000,0.0000000000,0.5829626335,0.0000000000,0.0000000000,0.0000000000,0.3254759746,0.0000000000,0.6745240254,0.1976222521,0.2626738448,0.0000000000
100000004689658100,terminal,0.5394546310,8,0.5059733736,in_deg=1; out_deg=1; in=456100; out=7092 KZT; tx=1/1; out/in=0.0155; prev_day=0.000; depth=3; truncated=0; is_seed=0,3,False,1,1,456100.0000000000,7092.0000000000,1,1,0.0003840067,0.0155492217,False,True,2,2,0,0.0000000000,0.0000192202,0.2863105175,0.6843861210,0.0000000000,0.0995592103,0.0000000000,0.5394546310,0.4057331986,0.4605453690,0.8490354419,0.6056527591,0.0000000000
100000004691350100,peripheral,1.0000000000,6,0.2083296164,in_deg=1; out_deg=0; in=13300; out=0 KZT; tx=1/0; role_score=1.000; depth=4; truncated=1; is_seed=0,4,False,1,0,13300.0000000000,0.0000000000,1,0,0.0008804551,0.0000000000,True,True,1,1,0,0.0000000000,0.0000000000,0.0000000000,0.9415035587,0.0000000000,0.0000000000,0.0000000000,0.0000000000,0.0000000000,1.0000000000,0.1108120233,0.2626738448,0.0000000000
100000004692798100,terminal,0.8034167965,7,0.4658735095,in_deg=2; out_deg=1; in=240305; out=15000 KZT; tx=4/2; out/in=0.0624; prev_day=0.000; depth=1; truncated=0; is_seed=0,1,False,2,1,240305.0000000000,15000.0000000000,4,2,0.0020066487,0.0624206737,False,True,4,11,0,0.0000000000,0.0000001981,0.0091819699,0.9846530249,0.7140878412,0.1756724496,0.0000000000,0.8034167965,0.3018232864,0.1965832035,0.7512337371,0.8476895469,0.0000000000
100000004697956100,peripheral,0.8510806916,1,0.2533206477,in_deg=1; out_deg=1; in=10000; out=10000 KZT; tx=1/1; role_score=0.851; depth=3; truncated=0; is_seed=0,3,False,1,1,10000.0000000000,10000.0000000000,1,1,0.0004656096,1.0000000000,False,True,2,4,0,0.0000000000,0.0000000000,0.0000000000,0.7537811388,0.0000000000,0.1489193084,0.0000000000,0.0000000000,0.0000000000,0.8510806916,0.1976222521,0.6056527591,0.0000000000
100000004698193100,terminal,0.7318680069,1,0.5369721850,in_deg=2; out_deg=3; in=222700; out=38000 KZT; tx=15/5; out/in=0.171; prev_day=0.200; depth=2; truncated=0; is_seed=0,2,False,2,3,222700.0000000000,38000.0000000000,15,5,0.0008189070,0.1706331388,False,True,14,30,1,0.2000000000,0.0000015852,0.1285475793,0.9317170819,0.6177092777,0.4040793012,0.4536023055,0.7318680069,0.3694984301,0.2681319931,0.7548227905,0.9618663078,0.1923732616
100000004707703100,coordinator,0.7939976696,16,0.7586520425,in_deg=2; out_deg=5; in=239300; out=231650 KZT; tx=3/6; bet_pct=0.750; pr_pct=0.896; depth=1; truncated=0; is_seed=0,1,False,2,5,239300.0000000000,231650.0000000000,3,6,0.0006316422,0.9680317593,False,True,6,22,1,0.1666666667,0.0001071048,0.7504173623,0.8956850534,0.5402797565,0.6692855471,0.6313297653,0.0268672340,0.7939976696,0.2060023304,0.8512786003,0.8930013459,0.1488335576
100000004713684100,peripheral,0.6174070716,0,0.1379650313,in_deg=1; out_deg=0; in=37500; out=0 KZT; tx=1/0; role_score=0.617; depth=3; truncated=0; is_seed=0,3,False,1,0,37500.0000000000,0.0000000000,1,0,0.0002861345,0.0000000000,False,True,1,1,0,0.0000000000,0.0000000000,0.0000000000,0.0705071174,0.0000000000,0.0000000000,0.0000000000,0.3825929284,0.0000000000,0.6174070716,0.3519515478,0.2626738448,0.0000000000
100000004714705100,peripheral,1.0000000000,47,0.1273321563,in_deg=0; out_deg=1; in=0; out=36550 KZT; tx=0/1; role_score=1.000; depth=0; truncated=0; is_seed=1,0,True,0,1,0.0000000000,36550.0000000000,0,1,0.0002840373,-1.0000000000,False,False,1,1,0,0.0000000000,0.0000000000,0.0000000000,0.0093416370,0.0000000000,0.0000000000,0.0000000000,0.0000000000,0.0000000000,1.0000000000,0.3461193360,0.2626738448,0.0000000000
100000004715209100,distributor,0.7557436760,48,0.6029909112,in_deg=1; out_deg=5; in=5000; out=350450 KZT; tx=1/17; role_score=0.756; depth=3; truncated=0; is_seed=0,3,False,1,5,5000.0000000000,350450.0000000000,1,17,0.0002859986,70.0900000000,False,True,13,25,0,0.0000000000,0.0000776736,0.7103505843,0.0660587189,0.0000000000,0.1619597495,0.7557436760,0.0000000000,0.5170630247,0.2442563240,0.8046209062,0.9553611485,0.0000000000
100000004717647100,distributor,0.7962495997,49,0.7837758170,in_deg=1; out_deg=5; in=300000; out=2.24e+06 KZT; tx=2/10; role_score=0.796; depth=3; truncated=0; is_seed=0,3,False,1,5,300000.0000000000,2240000.0000000000,2,10,0.0010148147,7.4666666667,False,True,8,27,1,0.1000000000,0.0000776736,0.7103505843,0.9521797153,0.0000000000,0.4611687686,0.7962495997,0.0000000000,0.7828993236,0.2037504003,0.9786899955,0.9228353522,0.0922835352
100000004722630100,peripheral,1.0000000000,6,0.4050369133,in_deg=1; out_deg=0; in=340000; out=0 KZT; tx=2/0; role_score=1.000; depth=4; truncated=1; is_seed=0,4,False,1,0,340000.0000000000,0.0000000000,2,0,0.0004890129,0.0000000000,True,True,2,17,0,0.0000000000,0.0000000000,0.0000000000,0.7711298932,0.0000000000,0.0000000000,0.0000000000,0.0000000000,0.0000000000,1.0000000000,0.7940780619,0.6056527591,0.0000000000
100000004722765100,coordinator,0.7214318125,54,0.7506192012,in_deg=1; out_deg=3; in=230000; out=2.2845e+06 KZT; tx=1/9; bet_pct=0.656; pr_pct=0.874; depth=3; truncated=0; is_seed=0,3,False,1,3,230000.0000000000,2284500.0000000000,1,9,0.0005780042,9.9326086957,False,True,6,16,1,0.1111111111,0.0000582552,0.6560934891,0.8738879004,0.0000000000,0.3525251360,0.7203410183,0.0000000000,0.7214318125,0.2785681875,0.9768954688,0.9042171377,0.1004685709
100000004723755100,peripheral,1.0000000000,2,0.2654658485,in_deg=0; out_deg=1; in=0; out=95000 KZT; tx=0/5; role_score=1.000; depth=0; truncated=0; is_seed=1,0,True,0,1,0.0000000000,95000.0000000000,0,5,0.0002840373,-1.0000000000,False,False,4,4,0,0.0000000000,0.0000000000,0.0000000000,0.0093416370,0.0000000000,0.0000000000,0.0000000000,0.0000000000,0.0000000000,1.0000000000,0.5625841184,0.8227904890,0.0000000000
100000004726132100,peripheral,0.5016684115,0,0.4896175261,in_deg=1; out_deg=1; in=349000; out=24000 KZT; tx=1/2; role_score=0.502; depth=3; truncated=0; is_seed=0,3,False,1,1,349000.0000000000,24000.0000000000,1,2,0.0003147519,0.0687679083,False,True,3,8,0,0.0000000000,0.0000192202,0.2863105175,0.5202402135,0.0000000000,0.1906720588,0.0000000000,0.4983315885,0.3564894263,0.5016684115,0.8109017497,0.7243158367,0.0000000000
100000004732589100,terminal,0.5127682079,18,0.3256125030,in_deg=1; out_deg=0; in=227520; out=0 KZT; tx=1/0; out/in=0; prev_day=0.000; depth=2; truncated=0; is_seed=0,2,False,1,0,227520.0000000000,0.0000000000,1,0,0.0003916573,0.0000000000,False,True,1,1,0,0.0000000000,0.0000000000,0.0000000000,0.6963967972,0.0000000000,0.0000000000,0.0000000000,0.5127682079,0.0000000000,0.4872317921,0.7270076267,0.2626738448,0.0000000000
100000004737477100,consolidator,0.6071824318,0,0.4290879199,in_deg=2; out_deg=1; in=49598; out=40500 KZT; tx=3/3; role_score=0.607; depth=1; truncated=0; is_seed=0,1,False,2,1,49598.0000000000,40500.0000000000,3,3,0.0002907355,0.8165651841,False,True,5,8,1,0.3333333333,0.0000192202,0.2863105175,0.2408807829,0.6071824318,0.3201217323,0.0000000000,0.1336540771,0.2726815971,0.3928175682,0.5493494841,0.8476895469,0.2825631823
100000004737764100,terminal,0.5589301904,2,0.3962396314,in_deg=1; out_deg=0; in=600000; out=0 KZT; tx=1/0; out/in=0; prev_day=0.000; depth=3; truncated=0; is_seed=0,3,False,1,0,600000.0000000000,0.0000000000,1,0,0.0006721667,0.0000000000,False,True,1,1,0,0.0000000000,0.0000000000,0.0000000000,0.9059163701,0.0000000000,0.0000000000,0.0000000000,0.5589301904,0.0000000000,0.4410698096,0.8838043966,0.2626738448,0.0000000000
100000004739664100,peripheral,0.8579751041,22,0.1987233623,in_deg=1; out_deg=1; in=12000; out=10000 KZT; tx=1/1; role_score=0.858; depth=1; truncated=0; is_seed=0,1,False,1,1,12000.0000000000,10000.0000000000,1,1,0.0002865370,0.8333333333,False,True,2,22,0,0.0000000000,0.0000013870,0.1143572621,0.0829626335,0.0000000000,0.1420248959,0.0000000000,0.0477107888,0.1049388735,0.8579751041,0.2216240467,0.6056527591,0.0000000000
100000004741837100,peripheral,0.6486098519,16,0.1197400281,in_deg=1; out_deg=0; in=25596; out=0 KZT; tx=1/0; role_score=0.649; depth=1; truncated=0; is_seed=0,1,False,1,0,25596.0000000000,0.0000000000,1,0,0.0002867712,0.0000000000,False,True,1,1,0,0.0000000000,0.0000000000,0.0000000000,0.0963078292,0.0000000000,0.0000000000,0.0000000000,0.3513901481,0.0000000000,0.6486098519,0.2635711081,0.2626738448,0.0000000000
100000004744306100,coordinator,0.6301755521,47,0.5993408043,in_deg=1; out_deg=2; in=69000; out=92000 KZT; tx=1/3; bet_pct=0.579; pr_pct=0.749; depth=1; truncated=0; is_seed=0,1,False,1,2,69000.0000000000,92000.0000000000,1,3,0.0004580116,1.3333333333,False,True,4,10,0,0.0000000000,0.0000392331,0.5792988314,0.7488879004,0.0000000000,0.3619928604,0.4420829331,0.0000000000,0.6301755521,0.3698244479,0.6655450875,0.7857783760,0.0000000000
100000004746397100,coordinator,0.7161851529,10,0.6304680812,in_deg=1; out_deg=1; in=219520; out=7500 KZT; tx=1/1; bet_pct=0.916; pr_pct=0.251; depth=3; truncated=0; is_seed=0,3,False,1,1,219520.0000000000,7500.0000000000,1,1,0.0002910928,0.0341654519,False,True,2,28,0,0.0000000000,0.0006677699,0.9156928214,0.2506672598,0.0000000000,0.1012167321,0.0000000000,0.4939357854,0.7161851529,0.2838148471,0.7261103634,0.6056527591,0.0000000000
100000004747154100,peripheral,1.0000000000,48,0.2493325656,in_deg=1; out_deg=0; in=67000; out=0 KZT; tx=1/0; role_score=1.000; depth=4; truncated=1; is_seed=0,4,False,1,0,67000.0000000000,0.0000000000,1,0,0.0003305136,0.0000000000,True,True,1,1,0,0.0000000000,0.0000000000,0.0000000000,0.5834074733,0.0000000000,0.0000000000,0.0000000000,0.0000000000,0.0000000000,1.0000000000,0.4896814715,0.2626738448,0.0000000000
100000004750321100,consolidator,0.6991538229,18,0.2722290059,in_deg=2; out_deg=0; in=50185; out=0 KZT; tx=2/0; role_score=0.699; depth=3; truncated=0; is_seed=0,3,False,2,0,50185.0000000000,0.0000000000,2,0,0.0003108056,0.0000000000,False,True,2,8,0,0.0000000000,0.0000000000,0.0000000000,0.4917704626,0.6991538229,0.0000000000,0.0000000000,0.6991538229,0.0000000000,0.3008461771,0.4304620906,0.6056527591,0.0000000000
100000004750897100,peripheral,0.7238591720,3,0.1724018029,in_deg=1; out_deg=0; in=10000; out=0 KZT; tx=1/0; role_score=0.724; depth=3; truncated=0; is_seed=0,3,False,1,0,10000.0000000000,0.0000000000,1,0,0.0004868115,0.0000000000,False,True,1,1,0,0.0000000000,0.0000000000,0.0000000000,0.7689056940,0.0000000000,0.0000000000,0.0000000000,0.2761408280,0.0000000000,0.7238591720,0.0706594886,0.2626738448,0.0000000000
100000004756901100,peripheral,0.5112571774,16,0.2752838424,in_deg=1; out_deg=0; in=153248; out=0 KZT; tx=1/0; role_score=0.511; depth=2; truncated=0; is_seed=0,2,False,1,0,153248.0000000000,0.0000000000,1,0,0.0003092469,0.0000000000,False,True,1,1,0,0.0000000000,0.0000000000,0.0000000000,0.4797597865,0.0000000000,0.0000000000,0.0000000000,0.4887428226,0.0000000000,0.5112571774,0.6556751907,0.2626738448,0.0000000000
100000004759121100,consolidator,0.8502757631,0,0.7974768194,in_deg=6; out_deg=2; in=710000; out=312000 KZT; tx=10/6; role_score=0.850; depth=1; truncated=0; is_seed=0,1,False,6,2,710000.0000000000,312000.0000000000,10,6,0.0014177578,0.4394366197,False,True,14,30,2,0.3333333333,0.0000770791,0.7036727880,0.9717526690,0.8502757631,0.5282235278,0.4162163785,0.5447239496,0.7840967523,0.1497242369,0.9293405114,0.9441453567,0.3147151189
100000004765639100,peripheral,0.6974063401,0,0.2436735700,in_deg=1; out_deg=2; in=5000; out=11000 KZT; tx=1/2; role_score=0.697; depth=2; truncated=0; is_seed=0,2,False,1,2,5000.0000000000,11000.0000000000,1,2,0.0003595954,2.2000000000,False,True,2,16,0,0.0000000000,0.0000000000,0.0000000000,0.6496886121,0.0000000000,0.1892359680,0.3025936599,0.0000000000,0.0000000000,0.6974063401,0.1502916106,0.7243158367,0.0000000000
100000004770073100,peripheral,0.7776297908,0,0.2242963653,in_deg=1; out_deg=1; in=5462.4; out=5466.97 KZT; tx=1/1; role_score=0.778; depth=3; truncated=0; is_seed=0,3,False,1,1,5462.4000000000,5466.9700000000,1,1,0.0002862571,1.0008366286,False,True,1,1,0,0.0000000000,0.0000192202,0.2863105175,0.0731761566,0.0000000000,0.1313815895,0.0000000000,0.0000000000,0.2223702092,0.7776297908,0.0890533872,0.6056527591,0.0000000000
100000004777215100,peripheral,1.0000000000,32,0.2695533111,in_deg=1; out_deg=0; in=60000; out=0 KZT; tx=1/0; role_score=1.000; depth=4; truncated=1; is_seed=0,4,False,1,0,60000.0000000000,0.0000000000,1,0,0.0004623347,0.0000000000,True,True,1,1,0,0.0000000000,0.0000000000,0.0000000000,0.7511120996,0.0000000000,0.0000000000,0.0000000000,0.0000000000,0.0000000000,1.0000000000,0.4699416779,0.2626738448,0.0000000000
100000004779204100,peripheral,0.7741582199,0,0.3253823413,in_deg=1; out_deg=1; in=30450; out=20000 KZT; tx=1/2; role_score=0.774; depth=3; truncated=0; is_seed=0,3,False,1,1,30450.0000000000,20000.0000000000,1,2,0.0002857403,0.6568144499,False,True,2,3,0,0.0000000000,0.0000192202,0.2863105175,0.0571619217,0.0000000000,0.2258417801,0.0000000000,0.1265555054,0.2175659388,0.7741582199,0.4318079856,0.7243158367,0.0000000000
100000004780083100,peripheral,1.0000000000,53,0.0935912776,in_deg=1; out_deg=0; in=9999; out=0 KZT; tx=1/0; role_score=1.000; depth=4; truncated=1; is_seed=0,4,False,1,0,9999.0000000000,0.0000000000,1,0,0.0002918009,0.0000000000,True,True,1,1,0,0.0000000000,0.0000000000,0.0000000000,0.2666814947,0.0000000000,0.0000000000,0.0000000000,0.0000000000,0.0000000000,1.0000000000,0.0567519067,0.2626738448,0.0000000000
100000004780327100,peripheral,1.0000000000,18,0.0981018021,in_deg=1; out_deg=0; in=12000; out=0 KZT; tx=1/0; role_score=1.000; depth=4; truncated=1; is_seed=0,4,False,1,0,12000.0000000000,0.0000000000,1,0,0.0002904167,0.0000000000,True,True,1,1,0,0.0000000000,0.0000000000,0.0000000000,0.2302046263,0.0000000000,0.0000000000,0.0000000000,0.0000000000,0.0000000000,1.0000000000,0.0966801256,0.2626738448,0.0000000000
100000004783447100,peripheral,0.6450589302,22,0.1379626364,in_deg=1; out_deg=0; in=26200; out=0 KZT; tx=1/0; role_score=0.645; depth=1; truncated=0; is_seed=0,1,False,1,0,26200.0000000000,0.0000000000,1,0,0.0002894950,0.0000000000,False,True,1,1,0,0.0000000000,0.0000000000,0.0000000000,0.2039590747,0.0000000000,0.0000000000,0.0000000000,0.3549410698,0.0000000000,0.6450589302,0.2718707941,0.2626738448,0.0000000000
100000004784224100,peripheral,0.7826431916,21,0.3306433902,in_deg=1; out_deg=1; in=23500; out=100000 KZT; tx=2/1; role_score=0.783; depth=1; truncated=0; is_seed=0,1,False,1,1,23500.0000000000,100000.0000000000,2,1,0.0003031405,4.2553191489,False,True,3,7,0,0.0000000000,0.0000001981,0.0091819699,0.4330516014,0.0000000000,0.2173568084,0.0000000000,0.0000000000,0.1363428594,0.7826431916,0.6152983401,0.7243158367,0.0000000000
100000004788983100,peripheral,1.0000000000,0,0.2087518251,in_deg=1; out_deg=0; in=27000; out=0 KZT; tx=1/0; role_score=1.000; depth=4; truncated=1; is_seed=0,4,False,1,0,27000.0000000000,0.0000000000,1,0,0.0003673763,0.0000000000,True,True,1,1,0,0.0000000000,0.0000000000,0.0000000000,0.6639234875,0.0000000000,0.0000000000,0.0000000000,0.0000000000,0.0000000000,1.0000000000,0.2790489009,0.2626738448,0.0000000000
100000004790991100,terminal,0.7050468419,16,0.3751688406,in_deg=1; out_deg=0; in=239413; out=0 KZT; tx=4/0; out/in=0; prev_day=0.000; depth=1; truncated=0; is_seed=0,1,False,1,0,239413.0000000000,0.0000000000,4,0,0.0003096092,0.0000000000,False,True,4,12,0,0.0000000000,0.0000000000,0.0000000000,0.4819839858,0.0000000000,0.0000000000,0.0000000000,0.7050468419,0.0000000000,0.2949531581,0.7400179453,0.7857783760,0.0000000000
100000004791226100,peripheral,1.0000000000,0,0.2140179387,in_deg=1; out_deg=0; in=20000; out=0 KZT; tx=1/0; role_score=1.000; depth=4; truncated=1; is_seed=0,4,False,1,0,20000.0000000000,0.0000000000,1,0,0.0005382566,0.0000000000,True,True,1,1,0,0.0000000000,0.0000000000,0.0000000000,0.8347419929,0.0000000000,0.0000000000,0.0000000000,0.0000000000,0.0000000000,1.0000000000,0.1976222521,0.2626738448,0.0000000000
100000004792397100,peripheral,0.5618766999,22,0.2248754139,in_deg=1; out_deg=0; in=73520; out=0 KZT; tx=1/0; role_score=0.562; depth=1; truncated=0; is_seed=0,1,False,1,0,73520.0000000000,0.0000000000,1,0,0.0002993521,0.0000000000,False,True,1,1,0,0.0000000000,0.0000000000,0.0000000000,0.3956850534,0.0000000000,0.0000000000,0.0000000000,0.4381233001,0.0000000000,0.5618766999,0.5044863167,0.2626738448,0.0000000000
100000004797167100,peripheral,1.0000000000,8,0.2451566389,in_deg=1; out_deg=0; in=31000; out=0 KZT; tx=1/0; role_score=1.000; depth=4; truncated=1; is_seed=0,4,False,1,0,31000.0000000000,0.0000000000,1,0,0.0005483109,0.0000000000,True,True,1,1,0,0.0000000000,0.0000000000,0.0000000000,0.8494217082,0.0000000000,0.0000000000,0.0000000000,0.0000000000,0.0000000000,1.0000000000,0.3133692239,0.2626738448,0.0000000000
100000004798515100,peripheral,1.0000000000,7,0.3659536606,in_deg=1; out_deg=0; in=200000; out=0 KZT; tx=2/0; role_score=1.000; depth=4; truncated=1; is_seed=0,4,False,1,0,200000.0000000000,0.0000000000,2,0,0.0003617815,0.0000000000,True,True,2,20,0,0.0000000000,0.0000000000,0.0000000000,0.6541370107,0.0000000000,0.0000000000,0.0000000000,0.0000000000,0.0000000000,1.0000000000,0.7079407806,0.6056527591,0.0000000000
100000004800452100,peripheral,1.0000000000,10,0.1804627442,in_deg=1; out_deg=0; in=6544.53; out=0 KZT; tx=1/0; role_score=1.000; depth=4; truncated=1; is_seed=0,4,False,1,0,6544.5300000000,0.0000000000,1,0,0.0006041058,0.0000000000,True,True,1,1,0,0.0000000000,0.0000000000,0.0000000000,0.8854537367,0.0000000000,0.0000000000,0.0000000000,0.0000000000,0.0000000000,1.0000000000,0.0329744280,0.2626738448,0.0000000000
100000004800648100,peripheral,1.0000000000,7,0.2843570487,in_deg=1; out_deg=0; in=131000; out=0 KZT; tx=1/0; role_score=1.000; depth=4; truncated=1; is_seed=0,4,False,1,0,131000.0000000000,0.0000000000,1,0,0.0003349597,0.0000000000,True,True,1,1,0,0.0000000000,0.0000000000,0.0000000000,0.5940836299,0.0000000000,0.0000000000,0.0000000000,0.0000000000,0.0000000000,1.0000000000,0.6233737102,0.2626738448,0.0000000000
100000004806903100,peripheral,0.6834391055,2,0.2056877685,in_deg=1; out_deg=0; in=18000; out=0 KZT; tx=1/0; role_score=0.683; depth=2; truncated=0; is_seed=0,2,False,1,0,18000.0000000000,0.0000000000,1,0,0.0005303726,0.0000000000,False,True,1,1,0,0.0000000000,0.0000000000,0.0000000000,0.8147241993,0.0000000000,0.0000000000,0.0000000000,0.3165608945,0.0000000000,0.6834391055,0.1763122476,0.2626738448,0.0000000000
100000004813068100,distributor,0.6966858790,21,0.3181239912,in_deg=0; out_deg=3; in=0; out=297000 KZT; tx=0/5; role_score=0.697; depth=0; truncated=0; is_seed=1,0,True,0,3,0.0000000000,297000.0000000000,0,5,0.0002840373,-1.0000000000,False,False,5,12,0,0.0000000000,0.0000000000,0.0000000000,0.0093416370,0.0000000000,0.0000000000,0.6966858790,0.0000000000,0.0000000000,0.3033141210,0.7732166891,0.8227904890,0.0000000000
100000004816564100,terminal,0.5174454053,3,0.5453337282,in_deg=1; out_deg=1; in=285480; out=5000 KZT; tx=1/1; out/in=0.0175; prev_day=1.000; depth=2; truncated=0; is_seed=0,2,False,1,1,285480.0000000000,5000.0000000000,1,1,0.0003741591,0.0175143618,False,True,2,2,1,1.0000000000,0.0000192202,0.2863105175,0.6723754448,0.0000000000,0.1047144153,0.0000000000,0.5174454053,0.4021299957,0.4825545947,0.7714221624,0.6056527591,0.6056527591
100000004820260100,transit,0.6642723486,3,0.6638121943,in_deg=1; out_deg=3; in=234200; out=215350 KZT; tx=12/10; out/in=0.92; prev_day=0.300; depth=2; truncated=0; is_seed=0,2,False,1,3,234200.0000000000,215350.0000000000,12,10,0.0014002624,0.9195132365,False,True,10,16,3,0.3000000000,0.0000196165,0.3823038397,0.9708629893,0.0000000000,0.6642723486,0.6388088377,0.0588205245,0.5588715846,0.3357276514,0.8414087035,0.9668012562,0.2900403769
100000004825069100,terminal,0.5534904805,22,0.2407471963,in_deg=1; out_deg=0; in=30000; out=0 KZT; tx=4/0; out/in=0; prev_day=0.000; depth=2; truncated=0; is_seed=0,2,False,1,0,30000.0000000000,0.0000000000,4,0,0.0002941495,0.0000000000,False,True,3,21,0,0.0000000000,0.0000000000,0.0000000000,0.3156138790,0.0000000000,0.0000000000,0.0000000000,0.5534904805,0.0000000000,0.4465095195,0.3021534320,0.7857783760,0.0000000000
100000004840086100,peripheral,1.0000000000,0,0.3592692682,in_deg=1; out_deg=0; in=100000; out=0 KZT; tx=2/0; role_score=1.000; depth=4; truncated=1; is_seed=0,4,False,1,0,100000.0000000000,0.0000000000,2,0,0.0005359419,0.0000000000,True,True,1,1,0,0.0000000000,0.0000000000,0.0000000000,0.8294039146,0.0000000000,0.0000000000,0.0000000000,0.0000000000,0.0000000000,1.0000000000,0.5760430686,0.6056527591,0.0000000000
100000004841728100,peripheral,0.5852976730,22,0.1985368930,in_deg=1; out_deg=0; in=52208; out=0 KZT; tx=1/0; role_score=0.585; depth=1; truncated=0; is_seed=0,1,False,1,0,52208.0000000000,0.0000000000,1,0,0.0002949126,0.0000000000,False,True,1,1,0,0.0000000000,0.0000000000,0.0000000000,0.3285142349,0.0000000000,0.0000000000,0.0000000000,0.4147023270,0.0000000000,0.5852976730,0.4394347241,0.2626738448,0.0000000000
100000004847758100,coordinator,0.7950410010,2,0.7823133497,in_deg=4; out_deg=15; in=115171; out=488800 KZT; tx=4/23; bet_pct=0.951; pr_pct=0.432; depth=1; truncated=0; is_seed=0,1,False,4,15,115171.0000000000,488800.0000000000,4,23,0.0003030662,4.2441239548,False,True,20,29,4,0.1739130435,0.0013585891,0.9507512521,0.4317170819,0.5138975044,0.6166604372,0.7946053896,0.0000000000,0.7950410010,0.2049589990,0.8849259758,0.9771197847,0.1699338756
100000004848236100,peripheral,1.0000000000,0,0.1191025540,in_deg=1; out_deg=0; in=7500; out=0 KZT; tx=1/0; role_score=1.000; depth=4; truncated=1; is_seed=0,4,False,1,0,7500.0000000000,0.0000000000,1,0,0.0003071870,0.0000000000,True,True,1,1,0,0.0000000000,0.0000000000,0.0000000000,0.4633007117,0.0000000000,0.0000000000,0.0000000000,0.0000000000,0.0000000000,1.0000000000,0.0408254823,0.2626738448,0.0000000000
100000004850609100,peripheral,1.0000000000,0,0.1314987780,in_deg=1; out_deg=0; in=10000; out=0 KZT; tx=1/0; role_score=1.000; depth=4; truncated=1; is_seed=0,4,False,1,0,10000.0000000000,0.0000000000,1,0,0.0003113165,0.0000000000,True,True,1,1,0,0.0000000000,0.0000000000,0.0000000000,0.4962188612,0.0000000000,0.0000000000,0.0000000000,0.0000000000,0.0000000000,1.0000000000,0.0706594886,0.2626738448,0.0000000000
100000004856746100,peripheral,1.0000000000,59,0.1458239885,in_deg=1; out_deg=0; in=20000; out=0 KZT; tx=1/0; role_score=1.000; depth=4; truncated=1; is_seed=0,4,False,1,0,20000.0000000000,0.0000000000,1,0,0.0002983804,0.0000000000,True,True,1,1,0,0.0000000000,0.0000000000,0.0000000000,0.3801156584,0.0000000000,0.0000000000,0.0000000000,0.0000000000,0.0000000000,1.0000000000,0.1976222521,0.2626738448,0.0000000000
100000004877085100,distributor,0.5929995197,12,0.5599873287,in_deg=1; out_deg=3; in=25000; out=95600 KZT; tx=1/9; role_score=0.593; depth=3; truncated=0; is_seed=0,3,False,1,3,25000.0000000000,95600.0000000000,1,9,0.0002932228,3.8240000000,False,True,5,26,0,0.0000000000,0.0000576607,0.6460767947,0.2982651246,0.0000000000,0.2487279367,0.5929995197,0.0000000000,0.5417332936,0.4070004803,0.6139524450,0.9042171377,0.0000000000
100000004889043100,consolidator,0.8632517377,0,0.3609988650,in_deg=2; out_deg=0; in=272000; out=0 KZT; tx=4/0; role_score=0.863; depth=3; truncated=0; is_seed=0,3,False,2,0,272000.0000000000,0.0000000000,4,0,0.0002968708,0.0000000000,False,True,3,8,0,0.0000000000,0.0000000000,0.0000000000,0.3538701068,0.8632517377,0.0000000000,0.0000000000,0.8632517377,0.0000000000,0.1367482623,0.7602063706,0.7857783760,0.0000000000
100000004890713100,peripheral,1.0000000000,18,0.1902697368,in_deg=1; out_deg=0; in=40485; out=0 KZT; tx=1/0; role_score=1.000; depth=4; truncated=1; is_seed=0,4,False,1,0,40485.0000000000,0.0000000000,1,0,0.0002990769,0.0000000000,True,True,1,1,0,0.0000000000,0.0000000000,0.0000000000,0.3907918149,0.0000000000,0.0000000000,0.0000000000,0.0000000000,0.0000000000,1.0000000000,0.3689995514,0.2626738448,0.0000000000
100000004891562100,peripheral,1.0000000000,18,0.2769375630,in_deg=1; out_deg=0; in=103400; out=0 KZT; tx=1/0; role_score=1.000; depth=4; truncated=1; is_seed=0,4,False,1,0,103400.0000000000,0.0000000000,1,0,0.0003390069,0.0000000000,True,True,1,1,0,0.0000000000,0.0000000000,0.0000000000,0.6074288256,0.0000000000,0.0000000000,0.0000000000,0.0000000000,0.0000000000,1.0000000000,0.5856886496,0.2626738448,0.0000000000
100000004892144100,terminal,0.8966195074,21,0.5300182935,in_deg=2; out_deg=1; in=4.5e+06; out=180300 KZT; tx=7/1; out/in=0.0401; prev_day=0.000; depth=3; truncated=0; is_seed=0,3,False,2,1,4500000.0000000000,180300.0000000000,7,1,0.0029565603,0.0400666667,False,True,5,15,0,0.0000000000,0.0000000000,0.0000000000,0.9962188612,0.7783695981,0.2234926753,0.0000000000,0.8966195074,0.0000000000,0.1033804926,0.9925975774,0.8829071332,0.0000000000
100000004904960100,consolidator,0.6597159263,0,0.3099444409,in_deg=2; out_deg=0; in=32000; out=0 KZT; tx=2/0; role_score=0.660; depth=2; truncated=0; is_seed=0,2,False,2,0,32000.0000000000,0.0000000000,2,0,0.0007730557,0.0000000000,False,True,2,3,0,0.0000000000,0.0000000000,0.0000000000,0.9241548043,0.6597159263,0.0000000000,0.0000000000,0.6597159263,0.0000000000,0.3402840737,0.3218932257,0.6056527591,0.0000000000
100000004905207100,terminal,0.5393623451,40,0.3535234201,in_deg=1; out_deg=0; in=380000; out=0 KZT; tx=1/0; out/in=0; prev_day=0.000; depth=2; truncated=0; is_seed=0,2,False,1,0,380000.0000000000,0.0000000000,1,0,0.0004316310,0.0000000000,False,True,1,1,0,0.0000000000,0.0000000000,0.0000000000,0.7355427046,0.0000000000,0.0000000000,0.0000000000,0.5393623451,0.0000000000,0.4606376549,0.8151637506,0.2626738448,0.0000000000
100000004906181100,distributor,0.8740093660,20,0.6869034101,in_deg=1; out_deg=7; in=100000; out=2.47342e+06 KZT; tx=1/33; role_score=0.874; depth=3; truncated=0; is_seed=0,3,False,1,7,100000.0000000000,2473417.9100000001,1,33,0.0002872514,24.7341791000,False,True,13,15,0,0.0000000000,0.0001345417,0.7904841402,0.1187722420,0.0000000000,0.3042698460,0.8740093660,0.0000000000,0.5889705708,0.1259906340,0.9800358905,0.9827276806,0.0000000000
100000004908173100,peripheral,1.0000000000,42,0.1750869374,in_deg=1; out_deg=0; in=21000; out=0 KZT; tx=1/0; role_score=1.000; depth=4; truncated=1; is_seed=0,4,False,1,0,21000.0000000000,0.0000000000,1,0,0.0003190835,0.0000000000,True,True,1,1,0,0.0000000000,0.0000000000,0.0000000000,0.5460409253,0.0000000000,0.0000000000,0.0000000000,0.0000000000,0.0000000000,1.0000000000,0.2151188874,0.2626738448,0.0000000000
100000004911971100,peripheral,1.0000000000,20,0.2127530887,in_deg=1; out_deg=0; in=35000; out=0 KZT; tx=3/0; role_score=1.000; depth=4; truncated=1; is_seed=0,4,False,1,0,35000.0000000000,0.0000000000,3,0,0.0002874923,0.0000000000,True,True,2,2,0,0.0000000000,0.0000000000,0.0000000000,0.1310053381,0.0000000000,0.0000000000,0.0000000000,0.0000000000,0.0000000000,1.0000000000,0.3378196501,0.7243158367,0.0000000000
100000004917367100,consolidator,0.7612571774,10,0.2861476539,in_deg=2; out_deg=0; in=120000; out=0 KZT; tx=2/0; role_score=0.761; depth=3; truncated=0; is_seed=0,3,False,2,0,120000.0000000000,0.0000000000,2,0,0.0002924260,0.0000000000,False,True,2,14,0,0.0000000000,0.0000000000,0.0000000000,0.2813612100,0.7612571774,0.0000000000,0.0000000000,0.7612571774,0.0000000000,0.2387428226,0.6123822342,0.6056527591,0.0000000000
100000004921657100,peripheral,0.8482267047,2,0.2657249543,in_deg=1; out_deg=1; in=8300; out=22190 KZT; tx=1/1; role_score=0.848; depth=3; truncated=0; is_seed=0,3,False,1,1,8300.0000000000,22190.0000000000,1,1,0.0003592084,2.6734939759,False,True,1,1,0,0.0000000000,0.0000000000,0.0000000000,0.6487989324,0.0000000000,0.1517732953,0.0000000000,0.0000000000,0.0000000000,0.8482267047,0.3102288022,0.6056527591,0.0000000000
100000004931931100,peripheral,0.7318557694,0,0.3480133445,in_deg=1; out_deg=1; in=23938; out=45000 KZT; tx=1/1; role_score=0.732; depth=3; truncated=0; is_seed=0,3,False,1,1,23938.0000000000,45000.0000000000,1,1,0.0002902308,1.8798562954,False,True,2,4,0,0.0000000000,0.0000192202,0.2863105175,0.2257562278,0.0000000000,0.1917984310,0.0000000000,0.0000000000,0.2681442306,0.7318557694,0.4923732616,0.6056527591,0.0000000000
100000004948177100,consolidator,0.9332124509,16,0.4493474834,in_deg=3; out_deg=0; in=437163; out=0 KZT; tx=8/0; role_score=0.933; depth=1; truncated=0; is_seed=0,1,False,3,0,437163.0000000000,0.0000000000,8,0,0.0004196506,0.0000000000,False,True,7,9,0,0.0000000000,0.0000000000,0.0000000000,0.7208629893,0.9332124509,0.0000000000,0.0000000000,0.9332124509,0.0000000000,0.0667875491,0.8351278600,0.8829071332,0.0000000000
100000004950490100,peripheral,0.7238591720,1,0.1436429062,in_deg=1; out_deg=0; in=10000; out=0 KZT; tx=1/0; role_score=0.724; depth=2; truncated=0; is_seed=0,2,False,1,0,10000.0000000000,0.0000000000,1,0,0.0003288144,0.0000000000,False,True,1,1,0,0.0000000000,0.0000000000,0.0000000000,0.5771797153,0.0000000000,0.0000000000,0.0000000000,0.2761408280,0.0000000000,0.7238591720,0.0706594886,0.2626738448,0.0000000000
100000004959752100,peripheral,0.6647023270,8,0.2340791186,in_deg=1; out_deg=0; in=22200; out=0 KZT; tx=1/0; role_score=0.665; depth=3; truncated=0; is_seed=0,3,False,1,0,22200.0000000000,0.0000000000,1,0,0.0007795682,0.0000000000,False,True,1,1,0,0.0000000000,0.0000000000,0.0000000000,0.9254893238,0.0000000000,0.0000000000,0.0000000000,0.3352976730,0.0000000000,0.6647023270,0.2234185734,0.2626738448,0.0000000000
100000004962193100,consolidator,0.9802055002,0,0.5020769621,in_deg=8; out_deg=0; in=900468; out=0 KZT; tx=11/0; role_score=0.980; depth=2; truncated=0; is_seed=0,2,False,8,0,900468.0000000000,0.0000000000,11,0,0.0006532708,0.0000000000,False,True,5,8,0,0.0000000000,0.0000000000,0.0000000000,0.9019128114,0.9802055002,0.0000000000,0.0000000000,0.9802055002,0.0000000000,0.0197944998,0.9185733513,0.9143113504,0.0000000000
100000004970752100,peripheral,0.7238591720,0,0.1950886357,in_deg=1; out_deg=0; in=10000; out=0 KZT; tx=1/0; role_score=0.724; depth=3; truncated=0; is_seed=0,3,False,1,0,10000.0000000000,0.0000000000,1,0,0.0007380152,0.0000000000,False,True,1,1,0,0.0000000000,0.0000000000,0.0000000000,0.9201512456,0.0000000000,0.0000000000,0.0000000000,0.2761408280,0.0000000000,0.7238591720,0.0706594886,0.2626738448,0.0000000000
100000004971871100,peripheral,0.8668587896,50,0.3343893391,in_deg=1; out_deg=1; in=25400; out=5650 KZT; tx=3/1; role_score=0.867; depth=0; truncated=0; is_seed=1,0,True,1,1,25400.0000000000,5650.0000000000,3,1,0.0007369536,0.2224409449,False,True,4,6,0,0.0000000000,0.0000000000,0.0000000000,0.9197064057,0.0000000000,0.1331412104,0.0000000000,0.0000000000,0.0000000000,0.8668587896,0.3142664872,0.7857783760,0.0000000000
100000004975919100,peripheral,0.5669187302,8,0.4128394236,in_deg=1; out_deg=2; in=22351; out=15000 KZT; tx=1/2; role_score=0.567; depth=3; truncated=0; is_seed=0,3,False,1,2,22351.0000000000,15000.0000000000,1,2,0.0002885490,0.6711109123,False,True,3,20,0,0.0000000000,0.0000384405,0.5442404007,0.1737099644,0.0000000000,0.2743843223,0.3113992955,0.1103502900,0.4330812698,0.5669187302,0.3506056528,0.7243158367,0.0000000000
100000004976946100,peripheral,1.0000000000,62,0.3067021391,in_deg=1; out_deg=0; in=246000; out=0 KZT; tx=1/0; role_score=1.000; depth=4; truncated=1; is_seed=0,4,False,1,0,246000.0000000000,0.0000000000,1,0,0.0003177395,0.0000000000,True,True,1,1,0,0.0000000000,0.0000000000,0.0000000000,0.5389234875,0.0000000000,0.0000000000,0.0000000000,0.0000000000,0.0000000000,1.0000000000,0.7458501570,0.2626738448,0.0000000000
100000004979264100,peripheral,1.0000000000,42,0.2371184485,in_deg=1; out_deg=0; in=39800; out=0 KZT; tx=1/0; role_score=1.000; depth=4; truncated=1; is_seed=0,4,False,1,0,39800.0000000000,0.0000000000,1,0,0.0004090456,0.0000000000,True,True,1,1,0,0.0000000000,0.0000000000,0.0000000000,0.7150800712,0.0000000000,0.0000000000,0.0000000000,0.0000000000,0.0000000000,1.0000000000,0.3618214446,0.2626738448,0.0000000000
100000004979283100,peripheral,0.6114385011,18,0.1895116131,in_deg=1; out_deg=0; in=40132; out=0 KZT; tx=1/0; role_score=0.611; depth=3; truncated=0; is_seed=0,3,False,1,0,40132.0000000000,0.0000000000,1,0,0.0002988858,0.0000000000,False,True,1,1,0,0.0000000000,0.0000000000,0.0000000000,0.3872330961,0.0000000000,0.0000000000,0.0000000000,0.3885614989,0.0000000000,0.6114385011,0.3681022880,0.2626738448,0.0000000000
100000004979498100,peripheral,0.5019535466,55,0.4832848430,in_deg=1; out_deg=1; in=700000; out=200000 KZT; tx=2/1; role_score=0.502; depth=2; truncated=0; is_seed=0,2,False,1,1,700000.0000000000,200000.0000000000,2,1,0.0013196650,0.2857142857,False,True,2,2,0,0.0000000000,0.0000000000,0.0000000000,0.9677491103,0.0000000000,0.2494853849,0.0000000000,0.4980464534,0.0000000000,0.5019535466,0.9179004038,0.7243158367,0.0000000000
100000004981068100,peripheral,1.0000000000,8,0.1586562513,in_deg=1; out_deg=0; in=10000; out=0 KZT; tx=1/0; role_score=1.000; depth=4; truncated=1; is_seed=0,4,False,1,0,10000.0000000000,0.0000000000,1,0,0.0003766723,0.0000000000,True,True,1,1,0,0.0000000000,0.0000000000,0.0000000000,0.6772686833,0.0000000000,0.0000000000,0.0000000000,0.0000000000,0.0000000000,1.0000000000,0.0706594886,0.2626738448,0.0000000000
100000004984689100,peripheral,0.5834844364,8,0.1993489802,in_deg=1; out_deg=0; in=53030; out=0 KZT; tx=1/0; role_score=0.583; depth=3; truncated=0; is_seed=0,3,False,1,0,53030.0000000000,0.0000000000,1,0,0.0002947417,0.0000000000,False,True,1,1,0,0.0000000000,0.0000000000,0.0000000000,0.3249555160,0.0000000000,0.0000000000,0.0000000000,0.4165155636,0.0000000000,0.5834844364,0.4448183042,0.2626738448,0.0000000000
100000004988240100,peripheral,1.0000000000,0,0.2081460526,in_deg=1; out_deg=0; in=20000; out=0 KZT; tx=1/0; role_score=1.000; depth=4; truncated=1; is_seed=0,4,False,1,0,20000.0000000000,0.0000000000,1,0,0.0005267985,0.0000000000,True,True,1,1,0,0.0000000000,0.0000000000,0.0000000000,0.7955960854,0.0000000000,0.0000000000,0.0000000000,0.0000000000,0.0000000000,1.0000000000,0.1976222521,0.2626738448,0.0000000000
100000004991593100,peripheral,1.0000000000,8,0.2833643015,in_deg=1; out_deg=0; in=45000; out=0 KZT; tx=2/0; role_score=1.000; depth=4; truncated=1; is_seed=0,4,False,1,0,45000.0000000000,0.0000000000,2,0,0.0003529051,0.0000000000,True,True,2,2,0,0.0000000000,0.0000000000,0.0000000000,0.6336743772,0.0000000000,0.0000000000,0.0000000000,0.0000000000,0.0000000000,1.0000000000,0.3898609242,0.6056527591,0.0000000000
100000004991812100,peripheral,0.7238591720,29,0.1500486001,in_deg=1; out_deg=0; in=10000; out=0 KZT; tx=1/0; role_score=0.724; depth=3; truncated=0; is_seed=0,3,False,1,0,10000.0000000000,0.0000000000,1,0,0.0003445373,0.0000000000,False,True,1,1,0,0.0000000000,0.0000000000,0.0000000000,0.6198843416,0.0000000000,0.0000000000,0.0000000000,0.2761408280,0.0000000000,0.7238591720,0.0706594886,0.2626738448,0.0000000000
100000004993576100,peripheral,0.5062707767,3,0.2979650572,in_deg=1; out_deg=0; in=167000; out=0 KZT; tx=1/0; role_score=0.506; depth=2; truncated=0; is_seed=0,2,False,1,0,167000.0000000000,0.0000000000,1,0,0.0003367567,0.0000000000,False,True,1,1,0,0.0000000000,0.0000000000,0.0000000000,0.6003113879,0.0000000000,0.0000000000,0.0000000000,0.4937292233,0.0000000000,0.5062707767,0.6740690893,0.2626738448,0.0000000000
100000004997515100,terminal,0.7923390752,4,0.6922759734,in_deg=4; out_deg=4; in=395000; out=54500 KZT; tx=4/4; out/in=0.138; prev_day=0.000; depth=3; truncated=0; is_seed=0,3,False,4,4,395000.0000000000,54500.0000000000,4,4,0.0003546076,0.1379746835,False,True,8,31,0,0.0000000000,0.0000895624,0.7253756260,0.6381227758,0.6893699003,0.4096441469,0.4488472622,0.7923390752,0.6991997710,0.2076609248,0.8409600718,0.8829071332,0.0000000000
100000005008589100,peripheral,0.6079631309,0,0.1966953378,in_deg=1; out_deg=0; in=42806.7; out=0 KZT; tx=1/0; role_score=0.608; depth=3; truncated=0; is_seed=0,3,False,1,0,42806.6800000000,0.0000000000,1,0,0.0003014332,0.0000000000,False,True,1,1,0,0.0000000000,0.0000000000,0.0000000000,0.4179270463,0.0000000000,0.0000000000,0.0000000000,0.3920368691,0.0000000000,0.6079631309,0.3784208165,0.2626738448,0.0000000000
100000005010159100,peripheral,1.0000000000,8,0.1825454689,in_deg=1; out_deg=0; in=7092; out=0 KZT; tx=1/0; role_score=1.000; depth=4; truncated=1; is_seed=0,4,False,1,0,7092.0000000000,0.0000000000,1,0,0.0006104430,0.0000000000,True,True,1,1,0,0.0000000000,0.0000000000,0.0000000000,0.8881227758,0.0000000000,0.0000000000,0.0000000000,0.0000000000,0.0000000000,1.0000000000,0.0397039031,0.2626738448,0.0000000000
100000005017150100,peripheral,1.0000000000,73,0.0000000000,in_deg=0; out_deg=0; in=0; out=0 KZT; tx=0/0; observed_edges=0; depth=0; truncated=0; is_seed=1,0,True,0,0,0.0000000000,0.0000000000,0,0,0.0002840373,-1.0000000000,False,False,0,0,0,0.0000000000,0.0000000000,0.0000000000,0.0093416370,0.0000000000,0.0000000000,0.0000000000,0.0000000000,0.0000000000,1.0000000000,0.0000000000,0.0000000000,0.0000000000
100000005022552100,terminal,0.6752525804,16,0.4003146159,in_deg=1; out_deg=1; in=241000; out=5000 KZT; tx=3/1; out/in=0.0207; prev_day=0.000; depth=3; truncated=0; is_seed=0,3,False,1,1,241000.0000000000,5000.0000000000,3,1,0.0003557460,0.0207468880,False,True,4,16,0,0.0000000000,0.0000000000,0.0000000000,0.6399021352,0.0000000000,0.0909457073,0.0000000000,0.6752525804,0.0000000000,0.3247474196,0.7458501570,0.7857783760,0.0000000000
100000005022964100,peripheral,0.6745240254,2,0.1740490775,in_deg=1; out_deg=0; in=20000; out=0 KZT; tx=1/0; role_score=0.675; depth=2; truncated=0; is_seed=0,2,False,1,0,20000.0000000000,0.0000000000,1,0,0.0003255536,0.0000000000,False,True,1,1,0,0.0000000000,0.0000000000,0.0000000000,0.5682829181,0.0000000000,0.0000000000,0.0000000000,0.3254759746,0.0000000000,0.6745240254,0.1976222521,0.2626738448,0.0000000000
100000005025629100,peripheral,1.0000000000,10,0.1195077994,in_deg=1; out_deg=0; in=5227; out=0 KZT; tx=1/0; role_score=1.000; depth=4; truncated=1; is_seed=0,4,False,1,0,5227.0000000000,0.0000000000,1,0,0.0003124292,0.0000000000,True,True,1,1,0,0.0000000000,0.0000000000,0.0000000000,0.5060053381,0.0000000000,0.0000000000,0.0000000000,0.0000000000,0.0000000000,1.0000000000,0.0168236878,0.2626738448,0.0000000000
100000005030592100,peripheral,0.7238591720,3,0.0745481553,in_deg=1; out_deg=0; in=10000; out=0 KZT; tx=1/0; role_score=0.724; depth=2; truncated=0; is_seed=0,2,False,1,0,10000.0000000000,0.0000000000,1,0,0.0002871941,0.0000000000,False,True,1,1,0,0.0000000000,0.0000000000,0.0000000000,0.1165480427,0.0000000000,0.0000000000,0.0000000000,0.2761408280,0.0000000000,0.7238591720,0.0706594886,0.2626738448,0.0000000000
100000005031696100,coordinator,0.7629609922,45,0.6524428111,in_deg=1; out_deg=2; in=5000; out=115000 KZT; tx=1/3; bet_pct=0.734; pr_pct=0.831; depth=2; truncated=0; is_seed=0,2,False,1,2,5000.0000000000,115000.0000000000,1,3,0.0005364847,23.0000000000,False,True,4,6,0,0.0000000000,0.0000959031,0.7337228715,0.8311832740,0.0000000000,0.1637694299,0.4524895933,0.0000000000,0.7629609922,0.2370390078,0.6123822342,0.7857783760,0.0000000000
100000005032294100,peripheral,0.7238591720,40,0.1612252015,in_deg=1; out_deg=0; in=10000; out=0 KZT; tx=1/0; role_score=0.724; depth=2; truncated=0; is_seed=0,2,False,1,0,10000.0000000000,0.0000000000,1,0,0.0003898966,0.0000000000,False,True,1,1,0,0.0000000000,0.0000000000,0.0000000000,0.6943950178,0.0000000000,0.0000000000,0.0000000000,0.2761408280,0.0000000000,0.7238591720,0.0706594886,0.2626738448,0.0000000000
100000005034574100,terminal,0.7406316108,71,0.4384753997,in_deg=1; out_deg=0; in=258816; out=0 KZT; tx=16/0; out/in=0; prev_day=0.000; depth=1; truncated=0; is_seed=0,1,False,1,0,258816.0000000000,0.0000000000,16,0,0.0004226446,0.0000000000,False,True,5,5,0,0.0000000000,0.0000000000,0.0000000000,0.7239768683,0.0000000000,0.0000000000,0.0000000000,0.7406316108,0.0000000000,0.2593683892,0.7530282638,0.9441453567,0.0000000000
100000005037490100,peripheral,0.5813648860,12,0.4246495444,in_deg=1; out_deg=2; in=15000; out=30000 KZT; tx=1/3; role_score=0.581; depth=3; truncated=0; is_seed=0,3,False,1,2,15000.0000000000,30000.0000000000,1,3,0.0003213948,2.0000000000,False,True,3,9,0,0.0000000000,0.0000194184,0.3606010017,0.5540480427,0.0000000000,0.2321603959,0.3774415626,0.0000000000,0.4186351140,0.5813648860,0.3898609242,0.7857783760,0.0000000000
100000005041147100,peripheral,1.0000000000,0,0.1794080307,in_deg=1; out_deg=0; in=10000; out=0 KZT; tx=1/0; role_score=1.000; depth=4; truncated=1; is_seed=0,4,False,1,0,10000.0000000000,0.0000000000,1,0,0.0005305932,0.0000000000,True,True,1,1,0,0.0000000000,0.0000000000,0.0000000000,0.8156138790,0.0000000000,0.0000000000,0.0000000000,0.0000000000,0.0000000000,1.0000000000,0.0706594886,0.2626738448,0.0000000000
100000005041905100,peripheral,0.8386374235,22,0.3647563748,in_deg=1; out_deg=1; in=5000; out=1.08035e+06 KZT; tx=1/5; role_score=0.839; depth=3; truncated=0; is_seed=0,3,False,1,1,5000.0000000000,1080351.0000000000,1,5,0.0002848120,216.0702000000,False,True,5,24,0,0.0000000000,0.0000000000,0.0000000000,0.0291370107,0.0000000000,0.1613625765,0.0000000000,0.0000000000,0.0000000000,0.8386374235,0.9329295648,0.8476895469,0.0000000000
100000005042822100,peripheral,1.0000000000,36,0.3828278494,in_deg=1; out_deg=0; in=1e+06; out=0 KZT; tx=1/0; role_score=1.000; depth=4; truncated=1; is_seed=0,4,False,1,0,1000000.0000000000,0.0000000000,1,0,0.0004498595,0.0000000000,True,True,1,1,0,0.0000000000,0.0000000000,0.0000000000,0.7462188612,0.0000000000,0.0000000000,0.0000000000,0.0000000000,0.0000000000,1.0000000000,0.9259757739,0.2626738448,0.0000000000
100000005048668100,distributor,0.7007204611,8,0.6538476257,in_deg=2; out_deg=8; in=16668; out=159400 KZT; tx=2/11; role_score=0.701; depth=3; truncated=0; is_seed=0,3,False,2,8,16668.0000000000,159400.0000000000,2,11,0.0002869942,9.5632349412,False,True,10,30,1,0.0909090909,0.0006542870,0.9123539232,0.1056494662,0.3577515866,0.4085718038,0.7007204611,0.0000000000,0.6703425861,0.2992795389,0.6825930911,0.9304620906,0.0845874628
100000005049404100,peripheral,1.0000000000,10,0.3070859806,in_deg=1; out_deg=0; in=98000; out=0 KZT; tx=2/0; role_score=1.000; depth=4; truncated=1; is_seed=0,4,False,1,0,98000.0000000000,0.0000000000,2,0,0.0003109238,0.0000000000,True,True,2,10,0,0.0000000000,0.0000000000,0.0000000000,0.4931049822,0.0000000000,0.0000000000,0.0000000000,0.0000000000,0.0000000000,1.0000000000,0.5690892777,0.6056527591,0.0000000000
100000005052998100,peripheral,0.8393209400,0,0.2447280629,in_deg=1; out_deg=1; in=9500; out=28400 KZT; tx=1/1; role_score=0.839; depth=3; truncated=0; is_seed=0,3,False,1,1,9500.0000000000,28400.0000000000,1,1,0.0002845686,2.9894736842,False,True,2,5,0,0.0000000000,0.0000043334,0.1777963272,0.0206850534,0.0000000000,0.1606790600,0.0000000000,0.0000000000,0.1306629451,0.8393209400,0.3541947061,0.6056527591,0.0000000000
100000005053653100,consolidator,0.5959756220,12,0.4195202840,in_deg=2; out_deg=1; in=63073; out=25000 KZT; tx=2/1; role_score=0.596; depth=2; truncated=0; is_seed=0,2,False,2,1,63073.0000000000,25000.0000000000,2,1,0.0003118718,0.3963661155,False,True,3,5,0,0.0000000000,0.0000192202,0.2863105175,0.5015569395,0.5959756220,0.1583094489,0.0000000000,0.4317012958,0.3508844441,0.4040243780,0.5417227456,0.7243158367,0.0000000000
100000005055454100,peripheral,0.7409338169,27,0.1642909195,in_deg=1; out_deg=0; in=6500; out=0 KZT; tx=1/0; role_score=0.741; depth=3; truncated=0; is_seed=0,3,False,1,0,6500.0000000000,0.0000000000,1,0,0.0005025563,0.0000000000,False,True,1,1,0,0.0000000000,0.0000000000,0.0000000000,0.7791370107,0.0000000000,0.0000000000,0.0000000000,0.2590661831,0.0000000000,0.7409338169,0.0320771646,0.2626738448,0.0000000000
100000005056870100,peripheral,0.6745240254,52,0.1518626896,in_deg=1; out_deg=0; in=20000; out=0 KZT; tx=1/0; role_score=0.675; depth=1; truncated=0; is_seed=0,1,False,1,0,20000.0000000000,0.0000000000,1,0,0.0003015396,0.0000000000,False,True,1,1,0,0.0000000000,0.0000000000,0.0000000000,0.4203736655,0.0000000000,0.0000000000,0.0000000000,0.3254759746,0.0000000000,0.6745240254,0.1976222521,0.2626738448,0.0000000000
100000005059998100,peripheral,0.6834391055,0,0.1312883023,in_deg=1; out_deg=0; in=18000; out=0 KZT; tx=1/0; role_score=0.683; depth=2; truncated=0; is_seed=0,2,False,1,0,18000.0000000000,0.0000000000,1,0,0.0002943176,0.0000000000,False,True,1,1,0,0.0000000000,0.0000000000,0.0000000000,0.3187277580,0.0000000000,0.0000000000,0.0000000000,0.3165608945,0.0000000000,0.6834391055,0.1763122476,0.2626738448,0.0000000000
100000005061890100,peripheral,0.5489573889,2,0.2990429008,in_deg=1; out_deg=0; in=90000; out=0 KZT; tx=1/0; role_score=0.549; depth=3; truncated=0; is_seed=0,3,False,1,0,90000.0000000000,0.0000000000,1,0,0.0005314584,0.0000000000,False,True,1,1,0,0.0000000000,0.0000000000,0.0000000000,0.8187277580,0.0000000000,0.0000000000,0.0000000000,0.4510426111,0.0000000000,0.5489573889,0.5473306415,0.2626738448,0.0000000000
100000005074393100,coordinator,0.8758871176,12,0.8326743798,in_deg=4; out_deg=6; in=563026; out=685500 KZT; tx=5/10; bet_pct=0.842; pr_pct=0.954; depth=1; truncated=0; is_seed=0,1,False,4,6,563026.0000000000,685500.0000000000,5,10,0.0010526791,1.2175281426,False,True,12,24,2,0.2000000000,0.0002169708,0.8422370618,0.9544039146,0.6597537020,0.7351208495,0.6718539866,0.0000000000,0.8758871176,0.1241128824,0.9401076716,0.9394347241,0.1878869448
100000005075949100,peripheral,1.0000000000,54,0.5122111684,in_deg=1; out_deg=0; in=2.226e+06; out=0 KZT; tx=7/0; role_score=1.000; depth=4; truncated=1; is_seed=0,4,False,1,0,2226000.0000000000,0.0000000000,7,0,0.0007627598,0.0000000000,True,True,4,15,0,0.0000000000,0.0000000000,0.0000000000,0.9232651246,0.0000000000,0.0000000000,0.0000000000,0.0000000000,0.0000000000,1.0000000000,0.9737550471,0.8685509197,0.0000000000
100000005077484100,peripheral,0.5574687469,27,0.4105679853,in_deg=1; out_deg=2; in=150000; out=13550 KZT; tx=1/2; role_score=0.557; depth=2; truncated=0; is_seed=0,2,False,1,2,150000.0000000000,13550.0000000000,1,2,0.0005359153,0.0903333333,False,True,2,11,0,0.0000000000,0.0000003963,0.0300500835,0.8289590747,0.0000000000,0.2480999039,0.3073967339,0.4425312531,0.2697227809,0.5574687469,0.6682368775,0.7243158367,0.0000000000
100000005079473100,peripheral,1.0000000000,8,0.2136706483,in_deg=1; out_deg=0; in=39312; out=0 KZT; tx=1/0; role_score=1.000; depth=4; truncated=1; is_seed=0,4,False,1,0,39312.0000000000,0.0000000000,1,0,0.0003242043,0.0000000000,True,True,1,1,0,0.0000000000,0.0000000000,0.0000000000,0.5625000000,0.0000000000,0.0000000000,0.0000000000,0.0000000000,0.0000000000,1.0000000000,0.3595782862,0.2626738448,0.0000000000
100000005079754100,coordinator,0.6231682475,2,0.6308528541,in_deg=1; out_deg=2; in=70000; out=122000 KZT; tx=1/2; bet_pct=0.730; pr_pct=0.373; depth=1; truncated=0; is_seed=0,1,False,1,2,70000.0000000000,122000.0000000000,1,2,0.0002979404,1.7428571429,False,True,3,11,1,0.5000000000,0.0000951105,0.7303839733,0.3729982206,0.0000000000,0.3661545264,0.4208693564,0.0000000000,0.6231682475,0.3768317525,0.6976222521,0.7243158367,0.3621579183
100000005082652100,peripheral,0.6345572681,1,0.2219345415,in_deg=1; out_deg=0; in=30000; out=0 KZT; tx=1/0; role_score=0.635; depth=3; truncated=0; is_seed=0,3,False,1,0,30000.0000000000,0.0000000000,1,0,0.0004055511,0.0000000000,False,True,1,1,0,0.0000000000,0.0000000000,0.0000000000,0.7133007117,0.0000000000,0.0000000000,0.0000000000,0.3654427319,0.0000000000,0.6345572681,0.3021534320,0.2626738448,0.0000000000
100000005087431100,peripheral,1.0000000000,74,0.0000000000,in_deg=0; out_deg=0; in=0; out=0 KZT; tx=0/0; observed_edges=0; depth=0; truncated=0; is_seed=1,0,True,0,0,0.0000000000,0.0000000000,0,0,0.0002840373,-1.0000000000,False,False,0,0,0,0.0000000000,0.0000000000,0.0000000000,0.0093416370,0.0000000000,0.0000000000,0.0000000000,0.0000000000,0.0000000000,1.0000000000,0.0000000000,0.0000000000,0.0000000000
100000005087923100,peripheral,1.0000000000,46,0.2010730988,in_deg=1; out_deg=0; in=20000; out=0 KZT; tx=1/0; role_score=1.000; depth=4; truncated=1; is_seed=0,4,False,1,0,20000.0000000000,0.0000000000,1,0,0.0004577254,0.0000000000,True,True,1,1,0,0.0000000000,0.0000000000,0.0000000000,0.7484430605,0.0000000000,0.0000000000,0.0000000000,0.0000000000,0.0000000000,1.0000000000,0.1976222521,0.2626738448,0.0000000000
100000005089460100,peripheral,0.7116198247,22,0.0742011393,in_deg=1; out_deg=0; in=12300; out=0 KZT; tx=1/0; role_score=0.712; depth=3; truncated=0; is_seed=0,3,False,1,0,12300.0000000000,0.0000000000,1,0,0.0002859430,0.0000000000,False,True,1,1,0,0.0000000000,0.0000000000,0.0000000000,0.0633896797,0.0000000000,0.0000000000,0.0000000000,0.2883801753,0.0000000000,0.7116198247,0.1011664424,0.2626738448,0.0000000000
100000005092518100,peripheral,0.6468721668,22,0.1366288104,in_deg=1; out_deg=0; in=26144; out=0 KZT; tx=1/0; role_score=0.647; depth=1; truncated=0; is_seed=0,1,False,1,0,26144.0000000000,0.0000000000,1,0,0.0002894833,0.0000000000,False,True,1,1,0,0.0000000000,0.0000000000,0.0000000000,0.2032918149,0.0000000000,0.0000000000,0.0000000000,0.3531278332,0.0000000000,0.6468721668,0.2669358457,0.2626738448,0.0000000000
100000005093521100,peripheral,0.6977938954,2,0.0899024496,in_deg=1; out_deg=0; in=15200; out=0 KZT; tx=1/0; role_score=0.698; depth=1; truncated=0; is_seed=0,1,False,1,0,15200.0000000000,0.0000000000,1,0,0.0002870562,0.0000000000,False,True,1,1,0,0.0000000000,0.0000000000,0.0000000000,0.1078736655,0.0000000000,0.0000000000,0.0000000000,0.3022061046,0.0000000000,0.6977938954,0.1372812921,0.2626738448,0.0000000000
100000005100475100,peripheral,0.6127984285,1,0.2201544436,in_deg=1; out_deg=0; in=40000; out=0 KZT; tx=1/0; role_score=0.613; depth=3; truncated=0; is_seed=0,3,False,1,0,40000.0000000000,0.0000000000,1,0,0.0003358756,0.0000000000,False,True,1,1,0,0.0000000000,0.0000000000,0.0000000000,0.5967526690,0.0000000000,0.0000000000,0.0000000000,0.3872015715,0.0000000000,0.6127984285,0.3649618663,0.2626738448,0.0000000000
100000005105153100,peripheral,0.6345572681,0,0.2210671038,in_deg=1; out_deg=0; in=30000; out=0 KZT; tx=1/0; role_score=0.635; depth=2; truncated=0; is_seed=0,2,False,1,0,30000.0000000000,0.0000000000,1,0,0.0003999117,0.0000000000,False,True,1,1,0,0.0000000000,0.0000000000,0.0000000000,0.7075177936,0.0000000000,0.0000000000,0.0000000000,0.3654427319,0.0000000000,0.6345572681,0.3021534320,0.2626738448,0.0000000000
100000005124479100,terminal,0.6450125121,0,0.5636941785,in_deg=2; out_deg=2; in=137753; out=22000 KZT; tx=2/2; out/in=0.16; prev_day=0.000; depth=1; truncated=0; is_seed=0,1,False,2,2,137753.0000000000,22000.0000000000,2,2,0.0003015589,0.1597061407,False,True,4,15,0,0.0000000000,0.0000475552,0.6202003339,0.4210409253,0.5757026292,0.2705691719,0.2941282421,0.6450125121,0.5604525113,0.3549874879,0.6624046658,0.7857783760,0.0000000000
100000005127767100,peripheral,0.7387428226,19,0.1569958003,in_deg=1; out_deg=0; in=7000; out=0 KZT; tx=1/0; role_score=0.739; depth=3; truncated=0; is_seed=0,3,False,1,0,7000.0000000000,0.0000000000,1,0,0.0004200069,0.0000000000,False,True,1,1,0,0.0000000000,0.0000000000,0.0000000000,0.7215302491,0.0000000000,0.0000000000,0.0000000000,0.2612571774,0.0000000000,0.7387428226,0.0374607447,0.2626738448,0.0000000000
100000005133757100,consolidator,0.7172106377,8,0.2669351123,in_deg=2; out_deg=0; in=65000; out=0 KZT; tx=2/0; role_score=0.717; depth=1; truncated=0; is_seed=0,1,False,2,0,65000.0000000000,0.0000000000,2,0,0.0002977700,0.0000000000,False,True,2,4,0,0.0000000000,0.0000000000,0.0000000000,0.3689946619,0.7172106377,0.0000000000,0.0000000000,0.7172106377,0.0000000000,0.2827893623,0.4829519964,0.6056527591,0.0000000000
100000005140601100,consolidator,0.6256270777,8,0.6036760521,in_deg=3; out_deg=2; in=52685; out=195300 KZT; tx=4/5; role_score=0.626; depth=2; truncated=0; is_seed=0,2,False,3,2,52685.0000000000,195300.0000000000,4,5,0.0028369299,3.7069374585,False,True,6,21,0,0.0000000000,0.0000196165,0.3823038397,0.9948843416,0.6256270777,0.4481422534,0.4372478386,0.0000000000,0.5660779903,0.3743729223,0.7467474204,0.8930013459,0.0000000000
100000005142492100,peripheral,0.8150374134,1,0.3610996874,in_deg=1; out_deg=1; in=10000; out=57000 KZT; tx=1/1; role_score=0.815; depth=3; truncated=0; is_seed=0,3,False,1,1,10000.0000000000,57000.0000000000,1,1,0.0020081398,5.7000000000,False,True,1,1,0,0.0000000000,0.0000000000,0.0000000000,0.9855427046,0.0000000000,0.1849625866,0.0000000000,0.0000000000,0.0000000000,0.8150374134,0.4896814715,0.6056527591,0.0000000000
100000005142589100,terminal,0.5445754004,0,0.2678988920,in_deg=1; out_deg=0; in=50000; out=0 KZT; tx=2/0; out/in=0; prev_day=0.000; depth=2; truncated=0; is_seed=0,2,False,1,0,50000.0000000000,0.0000000000,2,0,0.0003086736,0.0000000000,False,True,1,1,0,0.0000000000,0.0000000000,0.0000000000,0.4748665480,0.0000000000,0.0000000000,0.0000000000,0.5445754004,0.0000000000,0.4554245996,0.4232839838,0.6056527591,0.0000000000
100000005146665100,peripheral,1.0000000000,44,0.0496329373,in_deg=1; out_deg=0; in=5500; out=0 KZT; tx=1/0; role_score=1.000; depth=4; truncated=1; is_seed=0,4,False,1,0,5500.0000000000,0.0000000000,1,0,0.0002849161,0.0000000000,True,True,1,1,0,0.0000000000,0.0000000000,0.0000000000,0.0326957295,0.0000000000,0.0000000000,0.0000000000,0.0000000000,0.0000000000,1.0000000000,0.0213100045,0.2626738448,0.0000000000
100000005168487100,peripheral,0.7922924622,11,0.4472015666,in_deg=1; out_deg=1; in=15000; out=103510 KZT; tx=1/14; role_score=0.792; depth=2; truncated=0; is_seed=0,2,False,1,1,15000.0000000000,103510.0000000000,1,14,0.0019051313,6.9006666667,False,True,12,30,1,0.0714285714,0.0000000000,0.0000000000,0.9806494662,0.0000000000,0.2077075378,0.0000000000,0.0000000000,0.0000000000,0.7922924622,0.6099147600,0.9394347241,0.0671024803
100000005171642100,consolidator,0.7572151707,46,0.5303642371,in_deg=2; out_deg=1; in=696800; out=683600 KZT; tx=5/4; role_score=0.757; depth=3; truncated=0; is_seed=0,3,False,2,1,696800.0000000000,683600.0000000000,5,4,0.0029161927,0.9810562572,False,True,7,24,0,0.0000000000,0.0000003963,0.0300500835,0.9953291815,0.7572151707,0.4996622684,0.0000000000,0.0172133873,0.3196338129,0.2427848293,0.9463885150,0.8930013459,0.0000000000
100000005172860100,peripheral,0.6975672409,0,0.1076863448,in_deg=1; out_deg=0; in=15209.2; out=0 KZT; tx=1/0; role_score=0.698; depth=3; truncated=0; is_seed=0,3,False,1,0,15209.2000000000,0.0000000000,1,0,0.0002902180,0.0000000000,False,True,1,1,0,0.0000000000,0.0000000000,0.0000000000,0.2253113879,0.0000000000,0.0000000000,0.0000000000,0.3024327591,0.0000000000,0.6975672409,0.1379542396,0.2626738448,0.0000000000
100000005175148100,consolidator,0.6517578322,3,0.4823531839,in_deg=2; out_deg=1; in=79000; out=15000 KZT; tx=4/1; role_score=0.652; depth=2; truncated=0; is_seed=0,2,False,2,1,79000.0000000000,15000.0000000000,4,1,0.0007168602,0.1898734177,False,True,4,4,1,1.0000000000,0.0000000000,0.0000000000,0.9157028470,0.6517578322,0.1474665305,0.0000000000,0.6336076141,0.0000000000,0.3482421678,0.5572005384,0.8227904890,0.8227904890
100000005182219100,consolidator,0.7071622847,10,0.2993709428,in_deg=2; out_deg=0; in=55000; out=0 KZT; tx=2/0; role_score=0.707; depth=3; truncated=0; is_seed=0,3,False,2,0,55000.0000000000,0.0000000000,2,0,0.0003520938,0.0000000000,False,True,2,12,0,0.0000000000,0.0000000000,0.0000000000,0.6323398577,0.7071622847,0.0000000000,0.0000000000,0.7071622847,0.0000000000,0.2928377153,0.4546882010,0.6056527591,0.0000000000
100000005183943100,terminal,0.7724388033,23,0.4904885246,in_deg=1; out_deg=0; in=680900; out=0 KZT; tx=9/0; out/in=0; prev_day=0.000; depth=1; truncated=0; is_seed=0,1,False,1,0,680900.0000000000,0.0000000000,9,0,0.0006064501,0.0000000000,False,True,9,29,0,0.0000000000,0.0000000000,0.0000000000,0.8863434164,0.0000000000,0.0000000000,0.0000000000,0.7724388033,0.0000000000,0.2275611967,0.8943472409,0.8930013459,0.0000000000
100000005186109100,peripheral,0.7521909943,3,0.1739362909,in_deg=1; out_deg=0; in=5000; out=0 KZT; tx=1/0; role_score=0.752; depth=3; truncated=0; is_seed=0,3,False,1,0,5000.0000000000,0.0000000000,1,0,0.0006020725,0.0000000000,False,True,1,1,0,0.0000000000,0.0000000000,0.0000000000,0.8845640569,0.0000000000,0.0000000000,0.0000000000,0.2478090057,0.0000000000,0.7521909943,0.0074024226,0.2626738448,0.0000000000
100000005186131100,peripheral,0.7928433139,0,0.2438318200,in_deg=1; out_deg=1; in=10000; out=10000 KZT; tx=1/1; role_score=0.793; depth=3; truncated=0; is_seed=0,3,False,1,1,10000.0000000000,10000.0000000000,1,1,0.0002845966,1.0000000000,False,True,1,1,0,0.0000000000,0.0000192202,0.2863105175,0.0224644128,0.0000000000,0.1489193084,0.0000000000,0.0000000000,0.2071566861,0.7928433139,0.1976222521,0.6056527591,0.0000000000
100000005187208100,peripheral,0.7046690843,10,0.1424561975,in_deg=1; out_deg=0; in=14160; out=0 KZT; tx=1/0; role_score=0.705; depth=3; truncated=0; is_seed=0,3,False,1,0,14160.0000000000,0.0000000000,1,0,0.0003102546,0.0000000000,False,True,1,1,0,0.0000000000,0.0000000000,0.0000000000,0.4877669039,0.0000000000,0.0000000000,0.0000000000,0.2953309157,0.0000000000,0.7046690843,0.1195603410,0.2626738448,0.0000000000
100000005189258100,peripheral,1.0000000000,10,0.2229244748,in_deg=1; out_deg=0; in=50000; out=0 KZT; tx=1/0; role_score=1.000; depth=4; truncated=1; is_seed=0,4,False,1,0,50000.0000000000,0.0000000000,1,0,0.0003142059,0.0000000000,True,True,1,1,0,0.0000000000,0.0000000000,0.0000000000,0.5180160142,0.0000000000,0.0000000000,0.0000000000,0.0000000000,0.0000000000,1.0000000000,0.4232839838,0.2626738448,0.0000000000
100000005198498100,peripheral,0.6393925657,22,0.1375431718,in_deg=1; out_deg=0; in=28800; out=0 KZT; tx=1/0; role_score=0.639; depth=3; truncated=0; is_seed=0,3,False,1,0,28800.0000000000,0.0000000000,1,0,0.0002884994,0.0000000000,False,True,1,1,0,0.0000000000,0.0000000000,0.0000000000,0.1723754448,0.0000000000,0.0000000000,0.0000000000,0.3606074343,0.0000000000,0.6393925657,0.2891431135,0.2626738448,0.0000000000
100000005198906100,peripheral,0.6220772178,10,0.4217095586,in_deg=1; out_deg=1; in=227970; out=60000 KZT; tx=1/1; role_score=0.622; depth=3; truncated=0; is_seed=0,3,False,1,1,227970.0000000000,60000.0000000000,1,1,0.0002913644,0.2631925253,False,True,2,15,0,0.0000000000,0.0000192202,0.2863105175,0.2542259786,0.0000000000,0.1939049693,0.0000000000,0.3779227822,0.2766851559,0.6220772178,0.7700762674,0.6056527591,0.0000000000
100000005203590100,peripheral,0.5489573889,1,0.2382555343,in_deg=1; out_deg=0; in=90000; out=0 KZT; tx=1/0; role_score=0.549; depth=2; truncated=0; is_seed=0,2,False,1,0,90000.0000000000,0.0000000000,1,0,0.0003009803,0.0000000000,False,True,1,1,0,0.0000000000,0.0000000000,0.0000000000,0.4134786477,0.0000000000,0.0000000000,0.0000000000,0.4510426111,0.0000000000,0.5489573889,0.5473306415,0.2626738448,0.0000000000
100000005205745100,peripheral,0.7429737081,1,0.1194957653,in_deg=1; out_deg=0; in=6000; out=0 KZT; tx=1/0; role_score=0.743; depth=2; truncated=0; is_seed=0,2,False,1,0,6000.0000000000,0.0000000000,1,0,0.0003105469,0.0000000000,False,True,1,1,0,0.0000000000,0.0000000000,0.0000000000,0.4891014235,0.0000000000,0.0000000000,0.0000000000,0.2570262919,0.0000000000,0.7429737081,0.0269179004,0.2626738448,0.0000000000
100000005209352100,peripheral,1.0000000000,0,0.1491475898,in_deg=1; out_deg=0; in=5000; out=0 KZT; tx=1/0; role_score=1.000; depth=4; truncated=1; is_seed=0,4,False,1,0,5000.0000000000,0.0000000000,1,0,0.0004178251,0.0000000000,True,True,1,1,0,0.0000000000,0.0000000000,0.0000000000,0.7193060498,0.0000000000,0.0000000000,0.0000000000,0.0000000000,0.0000000000,1.0000000000,0.0074024226,0.2626738448,0.0000000000
100000005222360100,coordinator,0.9353026471,40,0.6389725438,in_deg=1; out_deg=1; in=5000; out=27000 KZT; tx=1/1; bet_pct=0.957; pr_pct=0.884; depth=3; truncated=0; is_seed=0,3,False,1,1,5000.0000000000,27000.0000000000,1,1,0.0006006689,5.4000000000,False,True,2,5,0,0.0000000000,0.0019087127,0.9574290484,0.8836743772,0.0000000000,0.1509979720,0.0000000000,0.0000000000,0.9353026471,0.0646973529,0.3218932257,0.6056527591,0.0000000000
100000005226217100,peripheral,1.0000000000,4,0.1832933646,in_deg=1; out_deg=0; in=17500; out=0 KZT; tx=1/0; role_score=1.000; depth=4; truncated=1; is_seed=0,4,False,1,0,17500.0000000000,0.0000000000,1,0,0.0003808224,0.0000000000,True,True,1,1,0,0.0000000000,0.0000000000,0.0000000000,0.6803825623,0.0000000000,0.0000000000,0.0000000000,0.0000000000,0.0000000000,1.0000000000,0.1673396142,0.2626738448,0.0000000000
100000005228059100,peripheral,0.6476276821,22,0.1358905588,in_deg=1; out_deg=0; in=26000; out=0 KZT; tx=1/0; role_score=0.648; depth=1; truncated=0; is_seed=0,1,False,1,0,26000.0000000000,0.0000000000,1,0,0.0002894533,0.0000000000,False,True,1,1,0,0.0000000000,0.0000000000,0.0000000000,0.2017348754,0.0000000000,0.0000000000,0.0000000000,0.3523723179,0.0000000000,0.6476276821,0.2649170031,0.2626738448,0.0000000000
100000005233755100,peripheral,0.7218495014,28,0.2997911274,in_deg=1; out_deg=1; in=25000; out=5000 KZT; tx=1/1; role_score=0.722; depth=3; truncated=0; is_seed=0,3,False,1,1,25000.0000000000,5000.0000000000,1,1,0.0002900338,0.2000000000,False,True,1,1,0,0.0000000000,0.0000192202,0.2863105175,0.2213078292,0.0000000000,0.0971661864,0.0000000000,0.2781504986,0.2668097110,0.7218495014,0.3021534320,0.6056527591,0.0000000000
100000005235389100,peripheral,1.0000000000,75,0.0000000000,in_deg=0; out_deg=0; in=0; out=0 KZT; tx=0/0; observed_edges=0; depth=0; truncated=0; is_seed=1,0,True,0,0,0.0000000000,0.0000000000,0,0,0.0002840373,-1.0000000000,False,False,0,0,0,0.0000000000,0.0000000000,0.0000000000,0.0093416370,0.0000000000,0.0000000000,0.0000000000,0.0000000000,0.0000000000,1.0000000000,0.0000000000,0.0000000000,0.0000000000
100000005237935150,peripheral,0.6238289513,24,0.1752037452,in_deg=1; out_deg=0; in=34508; out=0 KZT; tx=1/0; role_score=0.624; depth=2; truncated=0; is_seed=0,2,False,1,0,34508.0000000000,0.0000000000,1,0,0.0002963643,0.0000000000,False,True,1,1,0,0.0000000000,0.0000000000,0.0000000000,0.3494217082,0.0000000000,0.0000000000,0.0000000000,0.3761710487,0.0000000000,0.6238289513,0.3335576492,0.2626738448,0.0000000000
100000005241556100,peripheral,0.5390601390,35,0.3103580183,in_deg=1; out_deg=0; in=100000; out=0 KZT; tx=1/0; role_score=0.539; depth=3; truncated=0; is_seed=0,3,False,1,0,100000.0000000000,0.0000000000,1,0,0.0005457882,0.0000000000,False,True,1,1,0,0.0000000000,0.0000000000,0.0000000000,0.8463078292,0.0000000000,0.0000000000,0.0000000000,0.4609398610,0.0000000000,0.5390601390,0.5760430686,0.2626738448,0.0000000000
100000005242320100,distributor,0.9284968467,24,0.7038651783,in_deg=2; out_deg=21; in=365700; out=8.9363e+06 KZT; tx=2/29; role_score=0.928; depth=2; truncated=0; is_seed=0,2,False,2,21,365700.0000000000,8936295.0000000000,2,29,0.0004971823,24.4361361772,False,True,16,21,3,0.1034482759,0.0000297220,0.5166944908,0.7746886121,0.4485461258,0.5534427024,0.9284968467,0.0000000000,0.5940927272,0.0715031533,0.9979811575,0.9811574697,0.1014990486
100000005264874100,peripheral,0.5683237272,26,0.3989794250,in_deg=1; out_deg=2; in=30000; out=78000 KZT; tx=1/3; role_score=0.568; depth=3; truncated=0; is_seed=0,3,False,1,2,30000.0000000000,78000.0000000000,1,3,0.0004256982,2.6000000000,False,True,4,20,0,0.0000000000,0.0000007926,0.0684474124,0.7277580071,0.0000000000,0.2726765000,0.4316762728,0.0000000000,0.2662405908,0.5683237272,0.5919694930,0.7857783760,0.0000000000
100000005264990100,coordinator,0.6912827355,47,0.6118145396,in_deg=1; out_deg=2; in=17070; out=122000 KZT; tx=1/2; bet_pct=0.707; pr_pct=0.655; depth=0; truncated=0; is_seed=1,0,True,1,2,17070.0000000000,122000.0000000000,1,2,0.0003618904,7.1470415934,False,True,3,12,0,0.0000000000,0.0000776538,0.7070116861,0.6545818505,0.0000000000,0.2789891206,0.4208693564,0.0000000000,0.6912827355,0.3087172645,0.6301031853,0.7243158367,0.0000000000
100000005265073100,peripheral,0.5807026390,47,0.3296576531,in_deg=1; out_deg=1; in=5000; out=9000 KZT; tx=1/1; role_score=0.581; depth=3; truncated=0; is_seed=0,3,False,1,1,5000.0000000000,9000.0000000000,1,1,0.0002975016,1.8000000000,False,True,2,15,0,0.0000000000,0.0000210036,0.4432387312,0.3634341637,0.0000000000,0.1246611164,0.0000000000,0.0000000000,0.4192973610,0.5807026390,0.1166442351,0.6056527591,0.0000000000
100000005268319100,distributor,0.6613032341,0,0.5375897754,in_deg=1; out_deg=5; in=19712.8; out=91000 KZT; tx=2/10; role_score=0.661; depth=3; truncated=0; is_seed=0,3,False,1,5,19712.8000000000,91000.0000000000,2,10,0.0002920482,4.6162899233,False,True,8,25,0,0.0000000000,0.0000404739,0.5968280467,0.2729092527,0.0000000000,0.3218603858,0.6613032341,0.0000000000,0.4996524085,0.3386967659,0.5973530731,0.9228353522,0.0000000000
100000005272139100,peripheral,1.0000000000,16,0.3453667554,in_deg=1; out_deg=0; in=165000; out=0 KZT; tx=1/0; role_score=1.000; depth=4; truncated=1; is_seed=0,4,False,1,0,165000.0000000000,0.0000000000,1,0,0.0007505719,0.0000000000,True,True,1,1,0,0.0000000000,0.0000000000,0.0000000000,0.9219306050,0.0000000000,0.0000000000,0.0000000000,0.0000000000,0.0000000000,1.0000000000,0.6707043517,0.2626738448,0.0000000000
100000005287097100,distributor,0.8215439700,16,0.7691862051,in_deg=2; out_deg=9; in=127173; out=697300 KZT; tx=5/42; role_score=0.822; depth=1; truncated=0; is_seed=0,1,False,2,9,127173.0000000000,697300.0000000000,5,42,0.0003010567,5.4830821008,False,True,18,29,3,0.0714285714,0.0007832208,0.9240400668,0.4143683274,0.4866651556,0.5787657251,0.8215439700,0.0000000000,0.7711385450,0.1784560300,0.9113952445,0.9912516824,0.0708036916
100000005293969100,peripheral,1.0000000000,0,0.1641531668,in_deg=1; out_deg=0; in=5466.97; out=0 KZT; tx=1/0; role_score=1.000; depth=4; truncated=1; is_seed=0,4,False,1,0,5466.9700000000,0.0000000000,1,0,0.0005273558,0.0000000000,True,True,1,1,0,0.0000000000,0.0000000000,0.0000000000,0.7991548043,0.0000000000,0.0000000000,0.0000000000,0.0000000000,0.0000000000,1.0000000000,0.0195154778,0.2626738448,0.0000000000
100000005308954100,peripheral,0.5218703399,16,0.4724093792,in_deg=1; out_deg=1; in=69020; out=30000 KZT; tx=1/1; role_score=0.522; depth=3; truncated=0; is_seed=0,3,False,1,1,69020.0000000000,30000.0000000000,1,1,0.0003573690,0.4346566213,False,True,2,6,0,0.0000000000,0.0000198147,0.4065108514,0.6452402135,0.0000000000,0.1696244785,0.0000000000,0.2444439526,0.4781296601,0.5218703399,0.5699865410,0.6056527591,0.0000000000
100000005314565100,terminal,0.6832124509,0,0.3898671158,in_deg=1; out_deg=0; in=218500; out=0 KZT; tx=3/0; out/in=0; prev_day=0.000; depth=3; truncated=0; is_seed=0,3,False,1,0,218500.0000000000,0.0000000000,3,0,0.0003728319,0.0000000000,False,True,1,1,0,0.0000000000,0.0000000000,0.0000000000,0.6705960854,0.0000000000,0.0000000000,0.0000000000,0.6832124509,0.0000000000,0.3167875491,0.7225213100,0.7243158367,0.0000000000
100000005316708100,distributor,0.5125280179,1,0.4088861235,in_deg=1; out_deg=2; in=90000; out=257500 KZT; tx=1/4; role_score=0.513; depth=1; truncated=0; is_seed=0,1,False,1,2,90000.0000000000,257500.0000000000,1,4,0.0002960795,2.8611111111,False,True,4,16,0,0.0000000000,0.0000011889,0.0976627713,0.3454181495,0.0000000000,0.3325891875,0.5125280179,0.0000000000,0.1719893847,0.4874719821,0.7978914311,0.8227904890,0.0000000000
100000005317181100,peripheral,0.5663781000,0,0.4390040003,in_deg=1; out_deg=1; in=141250; out=14500 KZT; tx=1/1; role_score=0.566; depth=3; truncated=0; is_seed=0,3,False,1,1,141250.0000000000,14500.0000000000,1,1,0.0003205833,0.1026548673,False,True,2,12,0,0.0000000000,0.0000192202,0.2863105175,0.5527135231,0.0000000000,0.1229954605,0.0000000000,0.4336219000,0.3662314192,0.5663781000,0.6601615074,0.6056527591,0.0000000000
100000005326681100,peripheral,0.6294197643,3,0.1650031322,in_deg=1; out_deg=0; in=31228; out=0 KZT; tx=1/0; role_score=0.629; depth=2; truncated=0; is_seed=0,2,False,1,0,31228.0000000000,0.0000000000,1,0,0.0002938955,0.0000000000,False,True,1,1,0,0.0000000000,0.0000000000,0.0000000000,0.3098309609,0.0000000000,0.0000000000,0.0000000000,0.3705802357,0.0000000000,0.6294197643,0.3165096456,0.2626738448,0.0000000000
100000005328215100,peripheral,0.6425657298,18,0.1619769140,in_deg=1; out_deg=0; in=27000; out=0 KZT; tx=1/0; role_score=0.643; depth=2; truncated=0; is_seed=0,2,False,1,0,27000.0000000000,0.0000000000,1,0,0.0002968087,0.0000000000,False,True,1,1,0,0.0000000000,0.0000000000,0.0000000000,0.3520907473,0.0000000000,0.0000000000,0.0000000000,0.3574342702,0.0000000000,0.6425657298,0.2790489009,0.2626738448,0.0000000000
100000005339662100,coordinator,0.8534778085,3,0.8134751088,in_deg=4; out_deg=4; in=202939; out=295160 KZT; tx=9/15; bet_pct=0.801; pr_pct=0.977; depth=1; truncated=0; is_seed=0,1,False,4,4,202939.0000000000,295160.0000000000,9,15,0.0016550209,1.4544271924,False,True,12,16,4,0.2666666667,0.0001396247,0.8005008347,0.9770907473,0.6822302811,0.6722826761,0.5942002882,0.0000000000,0.8534778085,0.1465221915,0.8602512337,0.9717362046,0.2591296546
100000005342513100,terminal,0.5681153270,22,0.4414052359,in_deg=1; out_deg=1; in=235000; out=30000 KZT; tx=2/1; out/in=0.128; prev_day=0.000; depth=3; truncated=0; is_seed=0,3,False,1,1,235000.0000000000,30000.0000000000,2,1,0.0011366998,0.1276595745,False,True,2,3,0,0.0000000000,0.0000000000,0.0000000000,0.9588523132,0.0000000000,0.1524646412,0.0000000000,0.5681153270,0.0000000000,0.4318846730,0.7557200538,0.7243158367,0.0000000000
100000005357034100,peripheral,0.7297521910,0,0.0567131054,in_deg=1; out_deg=0; in=9754; out=0 KZT; tx=1/0; role_score=0.730; depth=3; truncated=0; is_seed=0,3,False,1,0,9754.0000000000,0.0000000000,1,0,0.0002845828,0.0000000000,False,True,1,1,0,0.0000000000,0.0000000000,0.0000000000,0.0215747331,0.0000000000,0.0000000000,0.0000000000,0.2702478090,0.0000000000,0.7297521910,0.0563032750,0.2626738448,0.0000000000
100000005357705100,distributor,0.6648414986,8,0.6300664454,in_deg=1; out_deg=4; in=52595; out=387080 KZT; tx=1/5; role_score=0.665; depth=3; truncated=0; is_seed=0,3,False,1,4,52595.0000000000,387080.0000000000,1,5,0.0002946539,7.3596349463,False,True,4,5,0,0.0000000000,0.0000768810,0.7011686144,0.3240658363,0.0000000000,0.2840569667,0.6648414986,0.0000000000,0.5880377809,0.3351585014,0.8355764917,0.8476895469,0.0000000000
100000005360814100,peripheral,1.0000000000,8,0.3780989263,in_deg=1; out_deg=0; in=144000; out=0 KZT; tx=3/0; role_score=1.000; depth=4; truncated=1; is_seed=0,4,False,1,0,144000.0000000000,0.0000000000,3,0,0.0004311693,0.0000000000,True,True,3,8,0,0.0000000000,0.0000000000,0.0000000000,0.7342081851,0.0000000000,0.0000000000,0.0000000000,0.0000000000,0.0000000000,1.0000000000,0.6372812921,0.7243158367,0.0000000000
100000005362848100,peripheral,0.6387126020,18,0.1611457181,in_deg=1; out_deg=0; in=29000; out=0 KZT; tx=1/0; role_score=0.639; depth=3; truncated=0; is_seed=0,3,False,1,0,29000.0000000000,0.0000000000,1,0,0.0002947671,0.0000000000,False,True,1,1,0,0.0000000000,0.0000000000,0.0000000000,0.3267348754,0.0000000000,0.0000000000,0.0000000000,0.3612873980,0.0000000000,0.6387126020,0.2909376402,0.2626738448,0.0000000000
100000005363908100,peripheral,0.8244956772,68,0.2703192679,in_deg=1; out_deg=1; in=19500; out=19500 KZT; tx=1/1; role_score=0.824; depth=1; truncated=0; is_seed=0,1,False,1,1,19500.0000000000,19500.0000000000,1,1,0.0003366397,1.0000000000,False,True,1,1,0,0.0000000000,0.0000000000,0.0000000000,0.5994217082,0.0000000000,0.1755043228,0.0000000000,0.0000000000,0.0000000000,0.8244956772,0.3582323912,0.6056527591,0.0000000000
100000005367180100,peripheral,1.0000000000,8,0.1885884357,in_deg=1; out_deg=0; in=7700; out=0 KZT; tx=1/0; role_score=1.000; depth=4; truncated=1; is_seed=0,4,False,1,0,7700.0000000000,0.0000000000,1,0,0.0007774996,0.0000000000,True,True,1,1,0,0.0000000000,0.0000000000,0.0000000000,0.9250444840,0.0000000000,0.0000000000,0.0000000000,0.0000000000,0.0000000000,1.0000000000,0.0417227456,0.2626738448,0.0000000000
100000005367284100,peripheral,0.5575168108,0,0.4565548283,in_deg=1; out_deg=2; in=13700; out=48300 KZT; tx=1/5; role_score=0.558; depth=3; truncated=0; is_seed=0,3,False,1,2,13700.0000000000,48300.0000000000,1,5,0.0002875819,3.5255474453,False,True,5,14,0,0.0000000000,0.0000384405,0.5442404007,0.1327846975,0.0000000000,0.2112733201,0.4424831892,0.0000000000,0.4208036897,0.5575168108,0.4759982055,0.8476895469,0.0000000000
100000005367445100,peripheral,0.8611911623,42,0.3164423858,in_deg=1; out_deg=1; in=5000; out=5000 KZT; tx=1/1; role_score=0.861; depth=3; truncated=0; is_seed=0,3,False,1,1,5000.0000000000,5000.0000000000,1,1,0.0019379270,1.0000000000,False,True,2,2,1,1.0000000000,0.0000000000,0.0000000000,0.9824288256,0.0000000000,0.1388088377,0.0000000000,0.0000000000,0.0000000000,0.8611911623,0.0706594886,0.6056527591,0.6056527591
100000005370558100,peripheral,1.0000000000,0,0.0962005258,in_deg=1; out_deg=0; in=5000; out=0 KZT; tx=1/0; role_score=1.000; depth=4; truncated=1; is_seed=0,4,False,1,0,5000.0000000000,0.0000000000,1,0,0.0002976769,0.0000000000,True,True,1,1,0,0.0000000000,0.0000000000,0.0000000000,0.3663256228,0.0000000000,0.0000000000,0.0000000000,0.0000000000,0.0000000000,1.0000000000,0.0074024226,0.2626738448,0.0000000000
100000005370580100,peripheral,0.6560139015,12,0.1935445784,in_deg=1; out_deg=0; in=24075; out=0 KZT; tx=1/0; role_score=0.656; depth=0; truncated=0; is_seed=1,0,True,1,0,24075.0000000000,0.0000000000,1,0,0.0003439961,0.0000000000,False,True,1,1,0,0.0000000000,0.0000000000,0.0000000000,0.6189946619,0.0000000000,0.0000000000,0.0000000000,0.3439860985,0.0000000000,0.6560139015,0.2451772095,0.2626738448,0.0000000000
100000005375968100,peripheral,0.5278173067,0,0.5474305122,in_deg=1; out_deg=2; in=170082; out=86000 KZT; tx=1/4; role_score=0.528; depth=3; truncated=0; is_seed=0,3,False,1,2,170082.0000000000,86000.0000000000,1,4,0.0002935494,0.5056384567,False,True,4,25,0,0.0000000000,0.0000384405,0.5442404007,0.3040480427,0.0000000000,0.3846266123,0.4616954851,0.2449024357,0.4721826933,0.5278173067,0.7516823688,0.8227904890,0.0000000000
100000005382566100,consolidator,0.8937273345,47,0.8040514048,in_deg=7; out_deg=1; in=393066; out=50000 KZT; tx=11/1; role_score=0.894; depth=0; truncated=0; is_seed=1,0,True,7,1,393066.0000000000,50000.0000000000,11,1,0.0020977610,0.1272051004,False,True,7,13,1,1.0000000000,0.0000463664,0.6168614357,0.9873220641,0.8937273345,0.2555235351,0.0000000000,0.0000000000,0.7279996242,0.1062726655,0.8373710184,0.9228353522,0.9228353522
100000005386383100,coordinator,0.5958925092,47,0.5284532084,in_deg=2; out_deg=1; in=37500; out=29000 KZT; tx=2/1; bet_pct=0.513; pr_pct=0.788; depth=0; truncated=0; is_seed=1,0,True,2,1,37500.0000000000,29000.0000000000,2,1,0.0005212204,0.7733333333,False,True,2,7,0,0.0000000000,0.0000285232,0.5133555927,0.7884786477,0.5583887378,0.1979827089,0.0000000000,0.0000000000,0.5958925092,0.4041074908,0.4874383131,0.7243158367,0.0000000000
100000005392290100,peripheral,1.0000000000,65,0.1710176655,in_deg=0; out_deg=1; in=0; out=81465 KZT; tx=0/1; role_score=1.000; depth=0; truncated=0; is_seed=1,0,True,0,1,0.0000000000,81465.0000000000,0,1,0.0002840373,-1.0000000000,False,False,1,1,0,0.0000000000,0.0000000000,0.0000000000,0.0093416370,0.0000000000,0.0000000000,0.0000000000,0.0000000000,0.0000000000,1.0000000000,0.5208613728,0.2626738448,0.0000000000
100000005394708100,peripheral,0.7664745437,47,0.3851314731,in_deg=1; out_deg=1; in=26000; out=65000 KZT; tx=1/1; role_score=0.766; depth=1; truncated=0; is_seed=0,1,False,1,1,26000.0000000000,65000.0000000000,1,1,0.0003432564,2.5000000000,False,True,2,2,1,1.0000000000,0.0000001981,0.0091819699,0.6158807829,0.0000000000,0.2335254563,0.0000000000,0.0000000000,0.1911916138,0.7664745437,0.5524899058,0.6056527591,0.6056527591
100000005395727100,peripheral,0.6906165005,3,0.1788936809,in_deg=1; out_deg=0; in=17000; out=0 KZT; tx=1/0; role_score=0.691; depth=0; truncated=0; is_seed=1,0,True,1,0,17000.0000000000,0.0000000000,1,0,0.0003691074,0.0000000000,False,True,1,1,0,0.0000000000,0.0000000000,0.0000000000,0.6652580071,0.0000000000,0.0000000000,0.0000000000,0.3093834995,0.0000000000,0.6906165005,0.1588156124,0.2626738448,0.0000000000
100000005402643100,peripheral,0.7534130576,4,0.3334507252,in_deg=1; out_deg=1; in=127800; out=90000 KZT; tx=1/1; role_score=0.753; depth=2; truncated=0; is_seed=0,2,False,1,1,127800.0000000000,90000.0000000000,1,1,0.0002959829,0.7042253521,False,True,2,8,0,0.0000000000,0.0000003963,0.0300500835,0.3445284698,0.0000000000,0.2465869424,0.0000000000,0.1408482627,0.1243935994,0.7534130576,0.7216240467,0.6056527591,0.0000000000
100000005409156100,consolidator,0.8088546389,10,0.3877710799,in_deg=2; out_deg=0; in=260080; out=0 KZT; tx=2/0; role_score=0.809; depth=3; truncated=0; is_seed=0,3,False,2,0,260080.0000000000,0.0000000000,2,0,0.0004214259,0.0000000000,False,True,2,7,0,0.0000000000,0.0000000000,0.0000000000,0.7221975089,0.8088546389,0.0000000000,0.0000000000,0.8088546389,0.0000000000,0.1911453611,0.7543741588,0.6056527591,0.0000000000
100000005409680100,consolidator,0.7079177999,43,0.3391879018,in_deg=2; out_deg=0; in=55060; out=0 KZT; tx=2/0; role_score=0.708; depth=0; truncated=0; is_seed=1,0,True,2,0,55060.0000000000,0.0000000000,2,0,0.0006293233,0.0000000000,False,True,2,2,0,0.0000000000,0.0000000000,0.0000000000,0.8947953737,0.7079177999,0.0000000000,0.0000000000,0.7079177999,0.0000000000,0.2920822001,0.4564827277,0.6056527591,0.0000000000
100000005413948100,coordinator,0.6216232645,42,0.5011660513,in_deg=2; out_deg=1; in=28215; out=5000 KZT; tx=2/1; bet_pct=0.467; pr_pct=0.983; depth=2; truncated=0; is_seed=0,2,False,2,1,28215.0000000000,5000.0000000000,2,1,0.0019457526,0.1772107035,False,True,3,12,0,0.0000000000,0.0000217962,0.4666110184,0.9833185053,0.5391860582,0.0963753474,0.0000000000,0.5323638210,0.6216232645,0.3783767355,0.3268281741,0.7243158367,0.0000000000
100000005417257100,peripheral,0.5014409222,47,0.2397368220,in_deg=0; out_deg=2; in=0; out=106000 KZT; tx=0/2; role_score=0.501; depth=0; truncated=0; is_seed=1,0,True,0,2,0.0000000000,106000.0000000000,0,2,0.0002840373,-1.0000000000,False,False,2,10,0,0.0000000000,0.0000000000,0.0000000000,0.0093416370,0.0000000000,0.0000000000,0.4985590778,0.0000000000,0.0000000000,0.5014409222,0.5899506505,0.6056527591,0.0000000000
100000005432267100,consolidator,0.8235116349,2,0.3823295150,in_deg=2; out_deg=0; in=350001; out=0 KZT; tx=2/0; role_score=0.824; depth=1; truncated=0; is_seed=0,1,False,2,0,350001.0000000000,0.0000000000,2,0,0.0003403512,0.0000000000,False,True,1,1,0,0.0000000000,0.0000000000,0.0000000000,0.6096530249,0.8235116349,0.0000000000,0.0000000000,0.8235116349,0.0000000000,0.1764883651,0.8001345895,0.6056527591,0.0000000000
100000005454368100,consolidator,0.6909187066,12,0.2981214596,in_deg=2; out_deg=0; in=48600; out=0 KZT; tx=2/0; role_score=0.691; depth=0; truncated=0; is_seed=1,0,True,2,0,48600.0000000000,0.0000000000,2,0,0.0003918859,0.0000000000,False,True,2,2,0,0.0000000000,0.0000000000,0.0000000000,0.6972864769,0.6909187066,0.0000000000,0.0000000000,0.6909187066,0.0000000000,0.3090812934,0.4107222970,0.6056527591,0.0000000000
100000005456919100,terminal,0.9052479496,9,0.4965810844,in_deg=2; out_deg=1; in=479950; out=5000 KZT; tx=10/1; out/in=0.0104; prev_day=0.000; depth=1; truncated=0; is_seed=0,1,False,2,1,479950.0000000000,5000.0000000000,10,1,0.0014326810,0.0104177518,False,True,7,16,0,0.0000000000,0.0000000000,0.0000000000,0.9721975089,0.7623148988,0.0905872635,0.0000000000,0.9052479496,0.0000000000,0.0947520504,0.8544190220,0.9143113504,0.0000000000
100000005473151100,coordinator,0.8190726760,18,0.7825511428,in_deg=3; out_deg=4; in=1.22e+06; out=225000 KZT; tx=4/6; bet_pct=0.847; pr_pct=0.753; depth=1; truncated=0; is_seed=0,1,False,3,4,1220000.0000000000,225000.0000000000,4,6,0.0004656060,0.1844262295,False,True,4,15,0,0.0000000000,0.0002415976,0.8472454090,0.7533362989,0.6695484177,0.5025207280,0.5672087279,0.7644925786,0.8190726760,0.1809273240,0.9495289367,0.9042171377,0.0000000000
100000005474472100,peripheral,0.5390601390,21,0.3090234987,in_deg=1; out_deg=0; in=100000; out=0 KZT; tx=1/0; role_score=0.539; depth=2; truncated=0; is_seed=0,2,False,1,0,100000.0000000000,0.0000000000,1,0,0.0005417067,0.0000000000,False,True,1,1,0,0.0000000000,0.0000000000,0.0000000000,0.8374110320,0.0000000000,0.0000000000,0.0000000000,0.4609398610,0.0000000000,0.5390601390,0.5760430686,0.2626738448,0.0000000000
100000005475379100,coordinator,0.6958416385,11,0.6391276384,in_deg=1; out_deg=3; in=108370; out=81000 KZT; tx=1/3; bet_pct=0.685; pr_pct=0.720; depth=3; truncated=0; is_seed=0,3,False,1,3,108370.0000000000,81000.0000000000,1,3,0.0004191139,0.7474393282,False,True,4,16,0,0.0000000000,0.0000653885,0.6853088481,0.7204181495,0.0000000000,0.3910530418,0.4996998079,0.1180181138,0.6958416385,0.3041583615,0.6933602512,0.7857783760,0.0000000000
100000005480435100,peripheral,1.0000000000,76,0.0000000000,in_deg=0; out_deg=0; in=0; out=0 KZT; tx=0/0; observed_edges=0; depth=0; truncated=0; is_seed=1,0,True,0,0,0.0000000000,0.0000000000,0,0,0.0002840373,-1.0000000000,False,False,0,0,0,0.0000000000,0.0000000000,0.0000000000,0.0093416370,0.0000000000,0.0000000000,0.0000000000,0.0000000000,0.0000000000,1.0000000000,0.0000000000,0.0000000000,0.0000000000
100000005481280100,coordinator,0.5263861700,3,0.5383650605,in_deg=1; out_deg=3; in=32700; out=50000 KZT; tx=1/3; bet_pct=0.615; pr_pct=0.319; depth=2; truncated=0; is_seed=0,2,False,1,3,32700.0000000000,50000.0000000000,1,3,0.0002943602,1.5290519878,False,True,4,13,1,0.3333333333,0.0000436601,0.6151919866,0.3191725979,0.0000000000,0.3159950010,0.4685999039,0.0000000000,0.5263861700,0.4736138300,0.5244504262,0.7857783760,0.2619261253
100000005485830100,distributor,0.7740153698,52,0.3257395138,in_deg=0; out_deg=5; in=0; out=275885 KZT; tx=0/9; role_score=0.774; depth=0; truncated=0; is_seed=1,0,True,0,5,0.0000000000,275885.0000000000,0,9,0.0002840373,-1.0000000000,False,False,7,17,0,0.0000000000,0.0000000000,0.0000000000,0.0093416370,0.0000000000,0.0000000000,0.7740153698,0.0000000000,0.0000000000,0.2259846302,0.7615522656,0.8930013459,0.0000000000
100000005493505100,consolidator,0.7773496525,12,0.3611670321,in_deg=3; out_deg=0; in=62020; out=0 KZT; tx=3/0; role_score=0.777; depth=0; truncated=0; is_seed=1,0,True,3,0,62020.0000000000,0.0000000000,3,0,0.0006136658,0.0000000000,False,True,3,6,0,0.0000000000,0.0000000000,0.0000000000,0.8890124555,0.7773496525,0.0000000000,0.0000000000,0.7773496525,0.0000000000,0.2226503475,0.4766711530,0.7243158367,0.0000000000
100000005495211100,peripheral,1.0000000000,0,0.1990107302,in_deg=1; out_deg=0; in=14500; out=0 KZT; tx=1/0; role_score=1.000; depth=4; truncated=1; is_seed=0,4,False,1,0,14500.0000000000,0.0000000000,1,0,0.0005565331,0.0000000000,True,True,1,1,0,0.0000000000,0.0000000000,0.0000000000,0.8614323843,0.0000000000,0.0000000000,0.0000000000,0.0000000000,0.0000000000,1.0000000000,0.1215791835,0.2626738448,0.0000000000
100000005495722100,peripheral,1.0000000000,77,0.0000000000,in_deg=0; out_deg=0; in=0; out=0 KZT; tx=0/0; observed_edges=0; depth=0; truncated=0; is_seed=1,0,True,0,0,0.0000000000,0.0000000000,0,0,0.0002840373,-1.0000000000,False,False,0,0,0,0.0000000000,0.0000000000,0.0000000000,0.0093416370,0.0000000000,0.0000000000,0.0000000000,0.0000000000,0.0000000000,1.0000000000,0.0000000000,0.0000000000,0.0000000000
100000005496254100,peripheral,0.7104110003,0,0.0770334560,in_deg=1; out_deg=0; in=12700; out=0 KZT; tx=1/0; role_score=0.710; depth=1; truncated=0; is_seed=0,1,False,1,0,12700.0000000000,0.0000000000,1,0,0.0002864019,0.0000000000,False,True,1,1,0,0.0000000000,0.0000000000,0.0000000000,0.0762900356,0.0000000000,0.0000000000,0.0000000000,0.2895889997,0.0000000000,0.7104110003,0.1047554957,0.2626738448,0.0000000000
100000005497148100,peripheral,1.0000000000,10,0.2666475330,in_deg=1; out_deg=0; in=24000; out=0 KZT; tx=2/0; role_score=1.000; depth=4; truncated=1; is_seed=0,4,False,1,0,24000.0000000000,0.0000000000,2,0,0.0004871241,0.0000000000,True,True,2,2,0,0.0000000000,0.0000000000,0.0000000000,0.7693505338,0.0000000000,0.0000000000,0.0000000000,0.0000000000,0.0000000000,1.0000000000,0.2415881561,0.6056527591,0.0000000000
100000005498992100,distributor,0.9380403458,4,0.3890190114,in_deg=0; out_deg=16; in=0; out=2.26287e+06 KZT; tx=0/19; role_score=0.938; depth=0; truncated=0; is_seed=1,0,True,0,16,0.0000000000,2262868.0000000000,0,19,0.0002840373,-1.0000000000,False,False,10,15,0,0.0000000000,0.0000000000,0.0000000000,0.0093416370,0.0000000000,0.0000000000,0.9380403458,0.0000000000,0.0000000000,0.0619596542,0.9751009421,0.9589502019,0.0000000000
100000005505655100,coordinator,0.7653637216,13,0.6027581282,in_deg=2; out_deg=1; in=33070; out=20000 KZT; tx=2/1; bet_pct=0.857; pr_pct=0.551; depth=1; truncated=0; is_seed=0,1,False,2,1,33070.0000000000,20000.0000000000,2,1,0.0003196999,0.6047777442,False,True,2,4,0,0.0000000000,0.0002690834,0.8572621035,0.5509341637,0.5508965448,0.1589305005,0.0000000000,0.2612718902,0.7653637216,0.2346362784,0.4457155675,0.7243158367,0.0000000000
100000005507142100,consolidator,0.5726994560,26,0.4877158241,in_deg=3; out_deg=3; in=51000; out=100000 KZT; tx=3/4; role_score=0.573; depth=2; truncated=0; is_seed=0,2,False,3,3,51000.0000000000,100000.0000000000,3,4,0.0005555331,1.9607843137,False,True,7,28,0,0.0000000000,0.0000045574,0.1869782972,0.8605427046,0.5726994560,0.4796823967,0.4627161383,0.0000000000,0.3890476194,0.4273005440,0.6516375056,0.8685509197,0.0000000000
100000005514161100,consolidator,0.8441749773,1,0.6910571830,in_deg=4; out_deg=1; in=401500; out=50000 KZT; tx=7/1; role_score=0.844; depth=1; truncated=0; is_seed=0,1,False,4,1,401500.0000000000,50000.0000000000,7,1,0.0008011821,0.1245330012,False,True,5,23,0,0.0000000000,0.0000404220,0.5951585977,0.9286032028,0.8441749773,0.1740455760,0.0000000000,0.8211637043,0.6951919792,0.1558250227,0.8441004935,0.8829071332,0.0000000000
100000005519347100,consolidator,0.6040344515,16,0.4505200760,in_deg=2; out_deg=1; in=73100; out=99000 KZT; tx=2/1; role_score=0.604; depth=0; truncated=0; is_seed=1,0,True,2,1,73100.0000000000,99000.0000000000,2,1,0.0005531508,1.3543091655,False,True,3,11,0,0.0000000000,0.0000015191,0.1227045075,0.8574288256,0.6040344515,0.2736311239,0.0000000000,0.0000000000,0.3431218029,0.3959655485,0.6812471961,0.7243158367,0.0000000000
100000005519998100,coordinator,0.7401404105,59,0.7470329688,in_deg=3; out_deg=3; in=182000; out=188000 KZT; tx=5/8; bet_pct=0.672; pr_pct=0.899; depth=2; truncated=0; is_seed=0,2,False,3,3,182000.0000000000,188000.0000000000,5,8,0.0006478017,1.0329670330,False,True,11,27,3,0.3750000000,0.0000598403,0.6719532554,0.8992437722,0.6549750680,0.6585225182,0.5313400576,0.0000000000,0.7401404105,0.2598595895,0.8100044863,0.9304620906,0.3489232840
100000005523088100,terminal,0.6972650348,47,0.4614682619,in_deg=1; out_deg=0; in=700000; out=0 KZT; tx=2/0; out/in=unavailable; prev_day=0.000; depth=0; truncated=0; is_seed=1,0,True,1,0,700000.0000000000,0.0000000000,2,0,0.0017042969,0.0000000000,False,True,1,1,0,0.0000000000,0.0000000000,0.0000000000,0.9779804270,0.0000000000,0.0000000000,0.0000000000,0.6972650348,0.0000000000,0.3027349652,0.8956931359,0.6056527591,0.0000000000
100000005527892100,coordinator,0.7778651326,35,0.7747670212,in_deg=3; out_deg=8; in=220001; out=552419 KZT; tx=3/8; bet_pct=0.901; pr_pct=0.491; depth=1; truncated=0; is_seed=0,1,False,3,8,220001.0000000000,552419.0000000000,3,8,0.0003107187,2.5109840410,False,True,8,31,2,0.2500000000,0.0004955713,0.9006677796,0.4913256228,0.5488131542,0.6411904768,0.7149266440,0.0000000000,0.7778651326,0.2221348674,0.9033198744,0.9143113504,0.2285778376
100000005530114100,consolidator,0.6391659112,28,0.4550638293,in_deg=2; out_deg=1; in=136970; out=25000 KZT; tx=2/1; role_score=0.639; depth=3; truncated=0; is_seed=0,3,False,2,1,136970.0000000000,25000.0000000000,2,1,0.0004919602,0.1825217201,False,True,3,10,0,0.0000000000,0.0000044583,0.1828046745,0.7729092527,0.6391659112,0.1470112340,0.0000000000,0.6270050996,0.3598360479,0.3608340888,0.6659937192,0.7243158367,0.0000000000
100000005532138100,peripheral,0.6498186763,1,0.1460669641,in_deg=1; out_deg=0; in=25046; out=0 KZT; tx=1/0; role_score=0.650; depth=3; truncated=0; is_seed=0,3,False,1,0,25046.0000000000,0.0000000000,1,0,0.0002922015,0.0000000000,False,True,1,1,0,0.0000000000,0.0000000000,0.0000000000,0.2778024911,0.0000000000,0.0000000000,0.0000000000,0.3501813237,0.0000000000,0.6498186763,0.2599820547,0.2626738448,0.0000000000
100000005539201100,peripheral,0.5206611033,16,0.4555173622,in_deg=1; out_deg=1; in=45504; out=25000 KZT; tx=1/1; role_score=0.521; depth=1; truncated=0; is_seed=0,1,False,1,1,45504.0000000000,25000.0000000000,1,1,0.0002888976,0.5494022504,False,True,2,5,0,0.0000000000,0.0000419741,0.6051752922,0.1857206406,0.0000000000,0.1663949316,0.0000000000,0.1789658787,0.4793388967,0.5206611033,0.5000000000,0.6056527591,0.0000000000
100000005539910100,coordinator,0.6699192085,2,0.5975437227,in_deg=1; out_deg=2; in=102000; out=22000 KZT; tx=1/2; bet_pct=0.625; pr_pct=0.774; depth=2; truncated=0; is_seed=0,2,False,1,2,102000.0000000000,22000.0000000000,1,2,0.0004957703,0.2156862745,False,True,2,5,0,0.0000000000,0.0000479515,0.6252086811,0.7742437722,0.0000000000,0.2760576181,0.3268091579,0.3642472401,0.6699192085,0.3300807915,0.6157469717,0.7243158367,0.0000000000
100000005543136100,peripheral,1.0000000000,12,0.0584671944,in_deg=0; out_deg=1; in=0; out=10000 KZT; tx=0/1; role_score=1.000; depth=0; truncated=0; is_seed=1,0,True,0,1,0.0000000000,10000.0000000000,0,1,0.0002840373,-1.0000000000,False,False,1,1,0,0.0000000000,0.0000000000,0.0000000000,0.0093416370,0.0000000000,0.0000000000,0.0000000000,0.0000000000,0.0000000000,1.0000000000,0.0706594886,0.2626738448,0.0000000000
100000005546031100,terminal,0.7141139299,68,0.4119881685,in_deg=3; out_deg=1; in=66800; out=8000 KZT; tx=6/1; out/in=0.12; prev_day=0.000; depth=1; truncated=0; is_seed=0,1,False,3,1,66800.0000000000,8000.0000000000,6,1,0.0007080422,0.1197604790,False,True,4,5,0,0.0000000000,0.0000005944,0.0517529215,0.9134786477,0.7098632517,0.1059752972,0.0000000000,0.7141139299,0.3102706394,0.2858860701,0.5062808434,0.8685509197,0.0000000000
100000005547096100,peripheral,0.5170909382,68,0.4536233346,in_deg=1; out_deg=2; in=8000; out=226300 KZT; tx=1/3; role_score=0.517; depth=2; truncated=0; is_seed=0,2,False,1,2,8000.0000000000,226300.0000000000,1,3,0.0008858731,28.2875000000,False,True,3,5,0,0.0000000000,0.0000003963,0.0300500835,0.9446174377,0.0000000000,0.1744655923,0.4829090618,0.0000000000,0.3044202897,0.5170909382,0.7341857335,0.7857783760,0.0000000000
100000005550592100,peripheral,1.0000000000,78,0.0000000000,in_deg=0; out_deg=0; in=0; out=0 KZT; tx=0/0; observed_edges=0; depth=0; truncated=0; is_seed=1,0,True,0,0,0.0000000000,0.0000000000,0,0,0.0002840373,-1.0000000000,False,False,0,0,0,0.0000000000,0.0000000000,0.0000000000,0.0093416370,0.0000000000,0.0000000000,0.0000000000,0.0000000000,0.0000000000,1.0000000000,0.0000000000,0.0000000000,0.0000000000
100000005553088100,peripheral,1.0000000000,8,0.1242408735,in_deg=1; out_deg=0; in=17500; out=0 KZT; tx=1/0; role_score=1.000; depth=4; truncated=1; is_seed=0,4,False,1,0,17500.0000000000,0.0000000000,1,0,0.0002926950,0.0000000000,True,True,1,1,0,0.0000000000,0.0000000000,0.0000000000,0.2866992883,0.0000000000,0.0000000000,0.0000000000,0.0000000000,0.0000000000,1.0000000000,0.1673396142,0.2626738448,0.0000000000
100000005560900100,peripheral,1.0000000000,79,0.0000000000,in_deg=0; out_deg=0; in=0; out=0 KZT; tx=0/0; observed_edges=0; depth=0; truncated=0; is_seed=1,0,True,0,0,0.0000000000,0.0000000000,0,0,0.0002840373,-1.0000000000,False,False,0,0,0,0.0000000000,0.0000000000,0.0000000000,0.0093416370,0.0000000000,0.0000000000,0.0000000000,0.0000000000,0.0000000000,1.0000000000,0.0000000000,0.0000000000,0.0000000000
100000005561741100,peripheral,0.6523118767,18,0.1891257859,in_deg=1; out_deg=0; in=25000; out=0 KZT; tx=1/0; role_score=0.652; depth=2; truncated=0; is_seed=0,2,False,1,0,25000.0000000000,0.0000000000,1,0,0.0003280112,0.0000000000,False,True,1,1,0,0.0000000000,0.0000000000,0.0000000000,0.5749555160,0.0000000000,0.0000000000,0.0000000000,0.3476881233,0.0000000000,0.6523118767,0.2539255271,0.2626738448,0.0000000000
100000005567828100,peripheral,1.0000000000,18,0.2604071722,in_deg=1; out_deg=0; in=94000; out=0 KZT; tx=1/0; role_score=1.000; depth=4; truncated=1; is_seed=0,4,False,1,0,94000.0000000000,0.0000000000,1,0,0.0003189570,0.0000000000,True,True,1,1,0,0.0000000000,0.0000000000,0.0000000000,0.5447064057,0.0000000000,0.0000000000,0.0000000000,0.0000000000,0.0000000000,1.0000000000,0.5572005384,0.2626738448,0.0000000000
100000005568407100,peripheral,1.0000000000,80,0.0000000000,in_deg=0; out_deg=0; in=0; out=0 KZT; tx=0/0; observed_edges=0; depth=0; truncated=0; is_seed=1,0,True,0,0,0.0000000000,0.0000000000,0,0,0.0002840373,-1.0000000000,False,False,0,0,0,0.0000000000,0.0000000000,0.0000000000,0.0093416370,0.0000000000,0.0000000000,0.0000000000,0.0000000000,0.0000000000,1.0000000000,0.0000000000,0.0000000000,0.0000000000
100000005572303100,coordinator,0.5306346506,16,0.4968112688,in_deg=1; out_deg=1; in=75000; out=20000 KZT; tx=1/1; bet_pct=0.544; pr_pct=0.499; depth=2; truncated=0; is_seed=0,2,False,1,1,75000.0000000000,20000.0000000000,1,1,0.0003115611,0.2666666667,False,True,2,6,0,0.0000000000,0.0000384405,0.5442404007,0.4988879004,0.0000000000,0.1421629843,0.0000000000,0.3218444646,0.5306346506,0.4693653494,0.5625841184,0.6056527591,0.0000000000
100000005578559100,distributor,0.8795681410,18,0.8170480109,in_deg=2; out_deg=21; in=131000; out=893164 KZT; tx=2/23; role_score=0.880; depth=2; truncated=0; is_seed=0,2,False,2,21,131000.0000000000,893163.6700000000,2,23,0.0003887815,6.8180432824,False,True,12,13,2,0.0869565217,0.0009667514,0.9323873122,0.6906138790,0.4158208181,0.5320294460,0.8795681410,0.0000000000,0.8598552822,0.1204318590,0.9297891431,0.9746523105,0.0847523748
100000005584222100,coordinator,0.6737204727,0,0.6656848214,in_deg=2; out_deg=2; in=192717; out=108587 KZT; tx=6/3; bet_pct=0.560; pr_pct=0.939; depth=1; truncated=0; is_seed=0,1,False,2,2,192717.0000000000,108587.0000000000,6,3,0.0008687512,0.5634531463,False,True,6,15,0,0.0000000000,0.0000386386,0.5601001669,0.9388345196,0.6414891206,0.4271497434,0.4050792507,0.3733867430,0.6737204727,0.3262795273,0.7794975325,0.8930013459,0.0000000000
100000005588444100,peripheral,0.7116198247,1,0.0687296090,in_deg=1; out_deg=0; in=12300; out=0 KZT; tx=1/0; role_score=0.712; depth=1; truncated=0; is_seed=0,1,False,1,0,12300.0000000000,0.0000000000,1,0,0.0002847380,0.0000000000,False,True,1,1,0,0.0000000000,0.0000000000,0.0000000000,0.0269128114,0.0000000000,0.0000000000,0.0000000000,0.2883801753,0.0000000000,0.7116198247,0.1011664424,0.2626738448,0.0000000000
100000005589319100,peripheral,1.0000000000,2,0.1765266798,in_deg=1; out_deg=0; in=26000; out=0 KZT; tx=1/0; role_score=1.000; depth=4; truncated=1; is_seed=0,4,False,1,0,26000.0000000000,0.0000000000,1,0,0.0003082637,0.0000000000,True,True,1,1,0,0.0000000000,0.0000000000,0.0000000000,0.4726423488,0.0000000000,0.0000000000,0.0000000000,0.0000000000,0.0000000000,1.0000000000,0.2649170031,0.2626738448,0.0000000000
100000005602999100,coordinator,0.5545733473,11,0.4489331519,in_deg=1; out_deg=2; in=5000; out=16000 KZT; tx=1/3; bet_pct=0.607; pr_pct=0.433; depth=2; truncated=0; is_seed=0,2,False,1,2,5000.0000000000,16000.0000000000,1,3,0.0003031220,3.2000000000,False,True,3,5,0,0.0000000000,0.0000420071,0.6068447412,0.4326067616,0.0000000000,0.1804359323,0.3480227346,0.0000000000,0.5545733473,0.4454266527,0.2151188874,0.7857783760,0.0000000000
100000005608515100,terminal,0.6162737987,1,0.2767542586,in_deg=1; out_deg=0; in=64000; out=0 KZT; tx=4/0; out/in=0; prev_day=0.000; depth=2; truncated=0; is_seed=0,2,False,1,0,64000.0000000000,0.0000000000,4,0,0.0002915711,0.0000000000,False,True,3,12,0,0.0000000000,0.0000000000,0.0000000000,0.2595640569,0.0000000000,0.0000000000,0.0000000000,0.6162737987,0.0000000000,0.3837262013,0.4798115747,0.7857783760,0.0000000000
100000005610717100,consolidator,0.8470308250,0,0.5835227026,in_deg=4; out_deg=1; in=484500; out=265200 KZT; tx=6/7; role_score=0.847; depth=3; truncated=0; is_seed=0,3,False,4,1,484500.0000000000,265200.0000000000,6,7,0.0003425365,0.5473684211,False,True,8,24,2,0.2857142857,0.0000192202,0.2863105175,0.6141014235,0.8470308250,0.4531380685,0.0000000000,0.4259921108,0.3846477893,0.1529691750,0.9001794527,0.9304620906,0.2658463116
100000005612411100,coordinator,0.7387488563,2,0.7643104982,in_deg=3; out_deg=8; in=115500; out=506997 KZT; tx=4/8; bet_pct=0.812; pr_pct=0.567; depth=1; truncated=0; is_seed=0,1,False,3,8,115500.0000000000,506997.0000000000,4,8,0.0003253995,4.3895844156,False,True,7,27,3,0.3750000000,0.0001553471,0.8121869783,0.5673932384,0.5332358032,0.6123322584,0.7103637237,0.0000000000,0.7387488563,0.2612511437,0.8876177658,0.9228353522,0.3460632571
100000005614315100,terminal,0.5475219099,16,0.3809542833,in_deg=1; out_deg=0; in=455000; out=0 KZT; tx=1/0; out/in=0; prev_day=0.000; depth=2; truncated=0; is_seed=0,2,False,1,0,455000.0000000000,0.0000000000,1,0,0.0005716224,0.0000000000,False,True,1,1,0,0.0000000000,0.0000000000,0.0000000000,0.8694395018,0.0000000000,0.0000000000,0.0000000000,0.5475219099,0.0000000000,0.4524780901,0.8445491252,0.2626738448,0.0000000000
100000005616568100,peripheral,1.0000000000,10,0.3670199990,in_deg=1; out_deg=0; in=530000; out=0 KZT; tx=1/0; role_score=1.000; depth=4; truncated=1; is_seed=0,4,False,1,0,530000.0000000000,0.0000000000,1,0,0.0004294439,0.0000000000,True,True,1,1,0,0.0000000000,0.0000000000,0.0000000000,0.7324288256,0.0000000000,0.0000000000,0.0000000000,0.0000000000,0.0000000000,1.0000000000,0.8710183939,0.2626738448,0.0000000000
100000005619339100,peripheral,0.8719789136,16,0.1942777260,in_deg=1; out_deg=1; in=5000; out=5442.6 KZT; tx=1/1; role_score=0.872; depth=2; truncated=0; is_seed=0,2,False,1,1,5000.0000000000,5442.6000000000,1,1,0.0003190607,1.0885200000,False,True,2,19,0,0.0000000000,0.0000000000,0.0000000000,0.5455960854,0.0000000000,0.1280210864,0.0000000000,0.0000000000,0.0000000000,0.8719789136,0.0863615971,0.6056527591,0.0000000000
100000005620225100,consolidator,0.6931097008,0,0.2434175326,in_deg=2; out_deg=0; in=49845.7; out=0 KZT; tx=2/0; role_score=0.693; depth=1; truncated=0; is_seed=0,1,False,2,0,49845.6600000000,0.0000000000,2,0,0.0002946221,0.0000000000,False,True,2,2,0,0.0000000000,0.0000000000,0.0000000000,0.3236209964,0.6931097008,0.0000000000,0.0000000000,0.6931097008,0.0000000000,0.3068902992,0.4161058771,0.6056527591,0.0000000000
100000005621418100,peripheral,1.0000000000,14,0.1836338297,in_deg=1; out_deg=0; in=30000; out=0 KZT; tx=1/0; role_score=1.000; depth=4; truncated=1; is_seed=0,4,False,1,0,30000.0000000000,0.0000000000,1,0,0.0003061007,0.0000000000,True,True,1,1,0,0.0000000000,0.0000000000,0.0000000000,0.4579626335,0.0000000000,0.0000000000,0.0000000000,0.0000000000,0.0000000000,1.0000000000,0.3021534320,0.2626738448,0.0000000000
100000005628518100,terminal,0.6137805984,43,0.3586521502,in_deg=1; out_deg=0; in=77000; out=0 KZT; tx=3/0; out/in=0; prev_day=0.000; depth=3; truncated=0; is_seed=0,3,False,1,0,77000.0000000000,0.0000000000,3,0,0.0005298405,0.0000000000,False,True,3,20,0,0.0000000000,0.0000000000,0.0000000000,0.8120551601,0.0000000000,0.0000000000,0.0000000000,0.6137805984,0.0000000000,0.3862194016,0.5127860027,0.7243158367,0.0000000000
100000005634552100,distributor,0.6442723343,0,0.5533719022,in_deg=1; out_deg=3; in=25850; out=1.196e+06 KZT; tx=1/4; role_score=0.644; depth=1; truncated=0; is_seed=0,1,False,1,3,25850.0000000000,1196000.0000000000,1,4,0.0002867983,46.2669245648,False,True,4,13,0,0.0000000000,0.0000291771,0.5150250417,0.0985320285,0.0000000000,0.2305003746,0.6442723343,0.0000000000,0.3900771378,0.3557276657,0.9396590399,0.8227904890,0.0000000000
100000005636951100,peripheral,1.0000000000,46,0.2649275753,in_deg=1; out_deg=0; in=40000; out=0 KZT; tx=1/0; role_score=1.000; depth=4; truncated=1; is_seed=0,4,False,1,0,40000.0000000000,0.0000000000,1,0,0.0006314135,0.0000000000,True,True,1,1,0,0.0000000000,0.0000000000,0.0000000000,0.8952402135,0.0000000000,0.0000000000,0.0000000000,0.0000000000,0.0000000000,1.0000000000,0.3649618663,0.2626738448,0.0000000000
100000005660203100,terminal,0.7180704490,16,0.6702094380,in_deg=1; out_deg=2; in=572899; out=41000 KZT; tx=12/5; out/in=0.0716; prev_day=0.400; depth=2; truncated=0; is_seed=0,2,False,1,2,572899.0000000000,41000.0000000000,12,5,0.0009413496,0.0715658432,False,True,13,31,2,0.4000000000,0.0000194184,0.3606010017,0.9477313167,0.0000000000,0.3694159809,0.4348783221,0.7180704490,0.5367400962,0.2819295510,0.8853746074,0.9499775684,0.3799910274
100000005661528100,peripheral,0.6523118767,8,0.1336097717,in_deg=1; out_deg=0; in=25000; out=0 KZT; tx=1/0; role_score=0.652; depth=3; truncated=0; is_seed=0,3,False,1,0,25000.0000000000,0.0000000000,1,0,0.0002895169,0.0000000000,False,True,1,1,0,0.0000000000,0.0000000000,0.0000000000,0.2048487544,0.0000000000,0.0000000000,0.0000000000,0.3476881233,0.0000000000,0.6523118767,0.2539255271,0.2626738448,0.0000000000
100000005661829100,peripheral,0.5831332053,43,0.3609058197,in_deg=1; out_deg=2; in=37790; out=40362 KZT; tx=1/4; role_score=0.583; depth=3; truncated=0; is_seed=0,3,False,1,2,37790.0000000000,40362.0000000000,1,4,0.0002904541,1.0680603334,False,True,3,3,1,0.2500000000,0.0000022292,0.1527545910,0.2324288256,0.0000000000,0.3484215714,0.4168667947,0.0000000000,0.1766568614,0.5831332053,0.5143562135,0.8227904890,0.2056976223
100000005664632100,terminal,0.7245391357,72,0.4174537329,in_deg=1; out_deg=0; in=198620; out=0 KZT; tx=18/0; out/in=0; prev_day=0.000; depth=2; truncated=0; is_seed=0,2,False,1,0,198620.0000000000,0.0000000000,18,0,0.0003630819,0.0000000000,False,True,5,7,0,0.0000000000,0.0000000000,0.0000000000,0.6563612100,0.0000000000,0.0000000000,0.0000000000,0.7245391357,0.0000000000,0.2754608643,0.7027815164,0.9553611485,0.0000000000
100000005664922100,distributor,0.5671469741,21,0.5465377801,in_deg=2; out_deg=3; in=22000; out=537000 KZT; tx=2/4; role_score=0.567; depth=2; truncated=0; is_seed=0,2,False,2,3,22000.0000000000,537000.0000000000,2,4,0.0008009596,24.4090909091,False,True,5,27,0,0.0000000000,0.0000039629,0.1744574290,0.9281583630,0.4353581142,0.4106310705,0.5671469741,0.0000000000,0.4005677092,0.4328530259,0.8764019740,0.8476895469,0.0000000000
100000005665181100,coordinator,0.8098356766,10,0.7281793906,in_deg=4; out_deg=11; in=45498; out=181915 KZT; tx=5/11; bet_pct=0.856; pr_pct=0.703; depth=2; truncated=0; is_seed=0,2,False,4,11,45498.0000000000,181915.0000000000,5,11,0.0003962552,3.9983076179,False,True,7,17,0,0.0000000000,0.0002683210,0.8555926544,0.7030693950,0.4957665962,0.5577581291,0.6897534422,0.0000000000,0.8098356766,0.1901643234,0.7265589951,0.9441453567,0.0000000000
100000005667841100,consolidator,0.7873980054,42,0.3370804206,in_deg=2; out_deg=0; in=186000; out=0 KZT; tx=2/0; role_score=0.787; depth=3; truncated=0; is_seed=0,3,False,2,0,186000.0000000000,0.0000000000,2,0,0.0003106147,0.0000000000,False,True,1,1,0,0.0000000000,0.0000000000,0.0000000000,0.4904359431,0.7873980054,0.0000000000,0.0000000000,0.7873980054,0.0000000000,0.2126019946,0.6906684612,0.6056527591,0.0000000000
100000005668605100,consolidator,0.8055303717,47,0.3884206080,in_deg=3; out_deg=0; in=94500; out=0 KZT; tx=3/0; role_score=0.806; depth=0; truncated=0; is_seed=1,0,True,3,0,94500.0000000000,0.0000000000,3,0,0.0008327527,0.0000000000,False,True,3,3,0,0.0000000000,0.0000000000,0.0000000000,0.9334964413,0.8055303717,0.0000000000,0.0000000000,0.8055303717,0.0000000000,0.1944696283,0.5589950651,0.7243158367,0.0000000000
100000005669845100,peripheral,0.6745240254,27,0.1675432946,in_deg=1; out_deg=0; in=20000; out=0 KZT; tx=1/0; role_score=0.675; depth=1; truncated=0; is_seed=0,1,False,1,0,20000.0000000000,0.0000000000,1,0,0.0003157271,0.0000000000,False,True,1,1,0,0.0000000000,0.0000000000,0.0000000000,0.5249110320,0.0000000000,0.0000000000,0.0000000000,0.3254759746,0.0000000000,0.6745240254,0.1976222521,0.2626738448,0.0000000000
100000005674387100,peripheral,0.6450589302,22,0.1311899496,in_deg=1; out_deg=0; in=26200; out=0 KZT; tx=1/0; role_score=0.645; depth=3; truncated=0; is_seed=0,3,False,1,0,26200.0000000000,0.0000000000,1,0,0.0002880966,0.0000000000,False,True,1,1,0,0.0000000000,0.0000000000,0.0000000000,0.1588078292,0.0000000000,0.0000000000,0.0000000000,0.3549410698,0.0000000000,0.6450589302,0.2718707941,0.2626738448,0.0000000000
100000005685783100,peripheral,1.0000000000,22,0.2279355090,in_deg=1; out_deg=0; in=26150; out=0 KZT; tx=1/0; role_score=1.000; depth=4; truncated=1; is_seed=0,4,False,1,0,26150.0000000000,0.0000000000,1,0,0.0005289128,0.0000000000,True,True,1,1,0,0.0000000000,0.0000000000,0.0000000000,0.8093861210,0.0000000000,0.0000000000,0.0000000000,0.0000000000,0.0000000000,1.0000000000,0.2685060565,0.2626738448,0.0000000000
100000005704413100,coordinator,0.9499608259,18,0.8859757343,in_deg=3; out_deg=32; in=97834.7; out=1.36359e+06 KZT; tx=4/35; bet_pct=0.979; pr_pct=0.882; depth=3; truncated=0; is_seed=0,3,False,3,32,97834.6700000000,1363593.0000000000,4,35,0.0005959480,13.9377278014,False,True,12,19,9,0.2571428571,0.0025627563,0.9791318865,0.8818950178,0.4473362690,0.5715966887,0.9061136270,0.0000000000,0.9499608259,0.0500391741,0.9504262001,0.9867653656,0.2537396654
100000005709551100,peripheral,0.6554094893,12,0.1452378137,in_deg=1; out_deg=0; in=24560; out=0 KZT; tx=1/0; role_score=0.655; depth=3; truncated=0; is_seed=0,3,False,1,0,24560.0000000000,0.0000000000,1,0,0.0002930611,0.0000000000,False,True,1,1,0,0.0000000000,0.0000000000,0.0000000000,0.2947064057,0.0000000000,0.0000000000,0.0000000000,0.3445905107,0.0000000000,0.6554094893,0.2465231045,0.2626738448,0.0000000000
100000005711521100,peripheral,1.0000000000,12,0.3464324652,in_deg=1; out_deg=0; in=238000; out=0 KZT; tx=1/0; role_score=1.000; depth=4; truncated=1; is_seed=0,4,False,1,0,238000.0000000000,0.0000000000,1,0,0.0005306783,0.0000000000,True,True,1,1,0,0.0000000000,0.0000000000,0.0000000000,0.8165035587,0.0000000000,0.0000000000,0.0000000000,0.0000000000,0.0000000000,1.0000000000,0.7382234186,0.2626738448,0.0000000000
100000005723580100,peripheral,1.0000000000,42,0.2158377508,in_deg=1; out_deg=0; in=35000; out=0 KZT; tx=1/0; role_score=1.000; depth=4; truncated=1; is_seed=0,4,False,1,0,35000.0000000000,0.0000000000,1,0,0.0003424477,0.0000000000,True,True,1,1,0,0.0000000000,0.0000000000,0.0000000000,0.6132117438,0.0000000000,0.0000000000,0.0000000000,0.0000000000,0.0000000000,1.0000000000,0.3378196501,0.2626738448,0.0000000000
100000005730108100,peripheral,0.7351919009,0,0.1470238387,in_deg=1; out_deg=0; in=8000; out=0 KZT; tx=1/0; role_score=0.735; depth=2; truncated=0; is_seed=0,2,False,1,0,8000.0000000000,0.0000000000,1,0,0.0003566402,0.0000000000,False,True,1,1,0,0.0000000000,0.0000000000,0.0000000000,0.6434608541,0.0000000000,0.0000000000,0.0000000000,0.2648080991,0.0000000000,0.7351919009,0.0444145357,0.2626738448,0.0000000000
100000005744674100,peripheral,1.0000000000,47,0.1996403662,in_deg=0; out_deg=1; in=0; out=50066 KZT; tx=0/2; role_score=1.000; depth=0; truncated=0; is_seed=1,0,True,0,1,0.0000000000,50066.0000000000,0,2,0.0002840373,-1.0000000000,False,False,2,3,0,0.0000000000,0.0000000000,0.0000000000,0.0093416370,0.0000000000,0.0000000000,0.0000000000,0.0000000000,0.0000000000,1.0000000000,0.4295648273,0.6056527591,0.0000000000
100000005745873100,peripheral,1.0000000000,62,0.2986069318,in_deg=1; out_deg=0; in=223000; out=0 KZT; tx=1/0; role_score=1.000; depth=4; truncated=1; is_seed=0,4,False,1,0,223000.0000000000,0.0000000000,1,0,0.0003145885,0.0000000000,True,True,1,1,0,0.0000000000,0.0000000000,0.0000000000,0.5193505338,0.0000000000,0.0000000000,0.0000000000,0.0000000000,0.0000000000,1.0000000000,0.7252131000,0.2626738448,0.0000000000
100000005754335100,peripheral,0.6069054095,63,0.2413194112,in_deg=1; out_deg=0; in=44037; out=0 KZT; tx=1/0; role_score=0.607; depth=3; truncated=0; is_seed=0,3,False,1,0,44037.0000000000,0.0000000000,1,0,0.0004022190,0.0000000000,False,True,1,1,0,0.0000000000,0.0000000000,0.0000000000,0.7101868327,0.0000000000,0.0000000000,0.0000000000,0.3930945905,0.0000000000,0.6069054095,0.3815612382,0.2626738448,0.0000000000
100000005756189100,peripheral,0.7785639545,10,0.3524744158,in_deg=1; out_deg=1; in=65000; out=49050 KZT; tx=1/1; role_score=0.779; depth=3; truncated=0; is_seed=0,3,False,1,1,65000.0000000000,49050.0000000000,1,1,0.0002861264,0.7546153846,False,True,1,1,0,0.0000000000,0.0000192202,0.2863105175,0.0700622776,0.0000000000,0.2118789256,0.0000000000,0.1054508683,0.2214360455,0.7785639545,0.6036339166,0.6056527591,0.0000000000
100000005756535100,peripheral,0.6745240254,22,0.2140846647,in_deg=1; out_deg=0; in=20000; out=0 KZT; tx=1/0; role_score=0.675; depth=3; truncated=0; is_seed=0,3,False,1,0,20000.0000000000,0.0000000000,1,0,0.0005383620,0.0000000000,False,True,1,1,0,0.0000000000,0.0000000000,0.0000000000,0.8351868327,0.0000000000,0.0000000000,0.0000000000,0.3254759746,0.0000000000,0.6745240254,0.1976222521,0.2626738448,0.0000000000
100000005767403100,peripheral,1.0000000000,59,0.4675986601,in_deg=1; out_deg=0; in=1.1e+06; out=0 KZT; tx=2/0; role_score=1.000; depth=4; truncated=1; is_seed=0,4,False,1,0,1100000.0000000000,0.0000000000,2,0,0.0010729063,0.0000000000,True,True,2,24,0,0.0000000000,0.0000000000,0.0000000000,0.9552935943,0.0000000000,0.0000000000,0.0000000000,0.0000000000,0.0000000000,1.0000000000,0.9338268282,0.6056527591,0.0000000000
100000005778283100,consolidator,0.9104714415,1,0.4408136528,in_deg=3; out_deg=0; in=615760; out=0 KZT; tx=3/0; role_score=0.910; depth=1; truncated=0; is_seed=0,1,False,3,0,615760.0000000000,0.0000000000,3,0,0.0004349765,0.0000000000,False,True,3,8,0,0.0000000000,0.0000000000,0.0000000000,0.7373220641,0.9104714415,0.0000000000,0.0000000000,0.9104714415,0.0000000000,0.0895285585,0.8862718708,0.7243158367,0.0000000000
100000005782781100,coordinator,0.8652798035,1,0.8526645765,in_deg=6; out_deg=10; in=171888; out=1.2636e+06 KZT; tx=10/10; bet_pct=0.907; pr_pct=0.767; depth=2; truncated=0; is_seed=0,2,False,6,10,171888.0000000000,1263597.0000000000,10,10,0.0004845809,7.3512810667,False,True,9,12,4,0.4000000000,0.0005683243,0.9073455760,0.7671263345,0.6225729072,0.6344630205,0.7120106868,0.0000000000,0.8652798035,0.1347201965,0.9490803051,0.9618663078,0.3847465231
100000005782886100,peripheral,1.0000000000,4,0.1664825092,in_deg=1; out_deg=0; in=14000; out=0 KZT; tx=1/0; role_score=1.000; depth=4; truncated=1; is_seed=0,4,False,1,0,14000.0000000000,0.0000000000,1,0,0.0003614654,0.0000000000,True,True,1,1,0,0.0000000000,0.0000000000,0.0000000000,0.6528024911,0.0000000000,0.0000000000,0.0000000000,0.0000000000,0.0000000000,1.0000000000,0.1166442351,0.2626738448,0.0000000000
100000005783452100,consolidator,0.8144454518,24,0.3592195056,in_deg=2; out_deg=0; in=286500; out=0 KZT; tx=2/0; role_score=0.814; depth=4; truncated=1; is_seed=0,4,False,2,0,286500.0000000000,0.0000000000,2,0,0.0003126942,0.0000000000,True,True,1,1,0,0.0000000000,0.0000000000,0.0000000000,0.5086743772,0.8144454518,0.0000000000,0.0000000000,0.0000000000,0.0000000000,0.1855545482,0.7682817407,0.6056527591,0.0000000000
100000005799271100,terminal,0.5315049864,11,0.3116561164,in_deg=1; out_deg=0; in=45000; out=0 KZT; tx=2/0; out/in=0; prev_day=0.000; depth=2; truncated=0; is_seed=0,2,False,1,0,45000.0000000000,0.0000000000,2,0,0.0005334400,0.0000000000,False,True,2,20,0,0.0000000000,0.0000000000,0.0000000000,0.8222864769,0.0000000000,0.0000000000,0.0000000000,0.5315049864,0.0000000000,0.4684950136,0.3898609242,0.6056527591,0.0000000000
100000005807278100,peripheral,0.7341341795,52,0.0892767700,in_deg=1; out_deg=0; in=8385; out=0 KZT; tx=1/0; role_score=0.734; depth=1; truncated=0; is_seed=0,1,False,1,0,8385.0000000000,0.0000000000,1,0,0.0002913751,0.0000000000,False,True,1,1,0,0.0000000000,0.0000000000,0.0000000000,0.2551156584,0.0000000000,0.0000000000,0.0000000000,0.2658658205,0.0000000000,0.7341341795,0.0464333782,0.2626738448,0.0000000000
100000005809252100,peripheral,0.6523118767,10,0.2327645759,in_deg=1; out_deg=0; in=25000; out=0 KZT; tx=1/0; role_score=0.652; depth=2; truncated=0; is_seed=0,2,False,1,0,25000.0000000000,0.0000000000,1,0,0.0005636419,0.0000000000,False,True,1,1,0,0.0000000000,0.0000000000,0.0000000000,0.8658807829,0.0000000000,0.0000000000,0.0000000000,0.3476881233,0.0000000000,0.6523118767,0.2539255271,0.2626738448,0.0000000000
100000005815602100,coordinator,0.5077810215,16,0.5171251451,in_deg=1; out_deg=1; in=20000; out=165000 KZT; tx=1/1; bet_pct=0.361; pr_pct=0.851; depth=3; truncated=0; is_seed=0,3,False,1,1,20000.0000000000,165000.0000000000,1,1,0.0005488642,8.2500000000,False,True,2,20,0,0.0000000000,0.0000194184,0.3606010017,0.8512010676,0.0000000000,0.2214222918,0.0000000000,0.0000000000,0.5077810215,0.4922189785,0.6895468820,0.6056527591,0.0000000000
100000005820746100,terminal,0.6886144420,21,0.4942188530,in_deg=1; out_deg=1; in=1.989e+06; out=60000 KZT; tx=2/1; out/in=0.0302; prev_day=0.000; depth=3; truncated=0; is_seed=0,3,False,1,1,1989000.0000000000,60000.0000000000,2,1,0.0009809455,0.0301659125,False,True,2,5,0,0.0000000000,0.0000000000,0.0000000000,0.9512900356,0.0000000000,0.1781236281,0.0000000000,0.6886144420,0.0000000000,0.3113855580,0.9715118887,0.7243158367,0.0000000000
100000005830339100,consolidator,0.8789916390,2,0.5252080698,in_deg=5; out_deg=1; in=476341; out=339251 KZT; tx=12/1; role_score=0.879; depth=3; truncated=0; is_seed=0,3,False,5,1,476341.0000000000,339251.0000000000,12,1,0.0003614782,0.7122019730,False,True,12,27,0,0.0000000000,0.0000037978,0.1727879800,0.6532473310,0.8789916390,0.3102206459,0.0000000000,0.2759695194,0.3169257853,0.1210083610,0.9087034545,0.9304620906,0.0000000000
100000005834479100,peripheral,0.6914024976,8,0.2202875384,in_deg=1; out_deg=2; in=7500; out=14470 KZT; tx=1/2; role_score=0.691; depth=2; truncated=0; is_seed=0,2,False,1,2,7500.0000000000,14470.0000000000,1,2,0.0002852117,1.9293333333,False,True,3,5,0,0.0000000000,0.0000019812,0.1444073456,0.0398131673,0.0000000000,0.2049073275,0.3085975024,0.0000000000,0.1130290921,0.6914024976,0.2205024675,0.7243158367,0.0000000000
100000005844459100,consolidator,0.8053792687,0,0.3662838579,in_deg=2; out_deg=0; in=243400; out=0 KZT; tx=2/0; role_score=0.805; depth=1; truncated=0; is_seed=0,1,False,2,0,243400.0000000000,0.0000000000,2,0,0.0003361312,0.0000000000,False,True,2,22,0,0.0000000000,0.0000000000,0.0000000000,0.5976423488,0.8053792687,0.0000000000,0.0000000000,0.8053792687,0.0000000000,0.1946207313,0.7431583670,0.6056527591,0.0000000000
100000005847078100,peripheral,0.6928074947,22,0.0903702948,in_deg=1; out_deg=0; in=16300; out=0 KZT; tx=1/0; role_score=0.693; depth=3; truncated=0; is_seed=0,3,False,1,0,16300.0000000000,0.0000000000,1,0,0.0002865627,0.0000000000,False,True,1,1,0,0.0000000000,0.0000000000,0.0000000000,0.0840747331,0.0000000000,0.0000000000,0.0000000000,0.3071925053,0.0000000000,0.6928074947,0.1534320323,0.2626738448,0.0000000000
100000005849100100,peripheral,0.6260954971,2,0.2368791151,in_deg=1; out_deg=0; in=33300; out=0 KZT; tx=1/0; role_score=0.626; depth=2; truncated=0; is_seed=0,2,False,1,0,33300.0000000000,0.0000000000,1,0,0.0004877854,0.0000000000,False,True,1,1,0,0.0000000000,0.0000000000,0.0000000000,0.7706850534,0.0000000000,0.0000000000,0.0000000000,0.3739045029,0.0000000000,0.6260954971,0.3275011216,0.2626738448,0.0000000000
100000005849862100,peripheral,1.0000000000,1,0.2443116328,in_deg=1; out_deg=0; in=13000; out=0 KZT; tx=2/0; role_score=1.000; depth=4; truncated=1; is_seed=0,4,False,1,0,13000.0000000000,0.0000000000,2,0,0.0005451412,0.0000000000,True,True,2,18,0,0.0000000000,0.0000000000,0.0000000000,0.8436387900,0.0000000000,0.0000000000,0.0000000000,0.0000000000,0.0000000000,1.0000000000,0.1076716016,0.6056527591,0.0000000000
100000005852946100,peripheral,0.6585826534,2,0.1260491006,in_deg=1; out_deg=0; in=23746; out=0 KZT; tx=1/0; role_score=0.659; depth=1; truncated=0; is_seed=0,1,False,1,0,23746.0000000000,0.0000000000,1,0,0.0002887536,0.0000000000,False,True,1,1,0,0.0000000000,0.0000000000,0.0000000000,0.1794928826,0.0000000000,0.0000000000,0.0000000000,0.3414173466,0.0000000000,0.6585826534,0.2388963661,0.2626738448,0.0000000000
100000005857058100,consolidator,0.7941220913,0,0.3414134382,in_deg=3; out_deg=0; in=80222; out=0 KZT; tx=3/0; role_score=0.794; depth=3; truncated=0; is_seed=0,3,False,3,0,80222.0000000000,0.0000000000,3,0,0.0003876405,0.0000000000,False,True,3,6,0,0.0000000000,0.0000000000,0.0000000000,0.6892793594,0.7941220913,0.0000000000,0.0000000000,0.7941220913,0.0000000000,0.2058779087,0.5174966353,0.7243158367,0.0000000000
100000005873152100,peripheral,0.7534978597,11,0.2635045470,in_deg=1; out_deg=1; in=10000; out=10000 KZT; tx=1/1; role_score=0.753; depth=3; truncated=0; is_seed=0,3,False,1,1,10000.0000000000,10000.0000000000,1,1,0.0004638746,1.0000000000,False,True,2,3,0,0.0000000000,0.0000003963,0.0300500835,0.7515569395,0.0000000000,0.1489193084,0.0000000000,0.0000000000,0.2465021403,0.7534978597,0.1976222521,0.6056527591,0.0000000000
100000005877725100,peripheral,0.5658809308,22,0.2208867331,in_deg=1; out_deg=0; in=70000; out=0 KZT; tx=1/0; role_score=0.566; depth=1; truncated=0; is_seed=0,1,False,1,0,70000.0000000000,0.0000000000,1,0,0.0002986188,0.0000000000,False,True,1,1,0,0.0000000000,0.0000000000,0.0000000000,0.3836743772,0.0000000000,0.0000000000,0.0000000000,0.4341190692,0.0000000000,0.5658809308,0.4957379991,0.2626738448,0.0000000000
100000005878334100,peripheral,1.0000000000,8,0.3242457230,in_deg=1; out_deg=0; in=76400; out=0 KZT; tx=2/0; role_score=1.000; depth=4; truncated=1; is_seed=0,4,False,1,0,76400.0000000000,0.0000000000,2,0,0.0003966735,0.0000000000,True,True,2,17,0,0.0000000000,0.0000000000,0.0000000000,0.7039590747,0.0000000000,0.0000000000,0.0000000000,0.0000000000,0.0000000000,1.0000000000,0.5112157918,0.6056527591,0.0000000000
100000005882013100,terminal,0.7431332057,12,0.4746081508,in_deg=2; out_deg=1; in=135000; out=10000 KZT; tx=3/1; out/in=0.0741; prev_day=1.000; depth=2; truncated=0; is_seed=0,2,False,2,1,135000.0000000000,10000.0000000000,3,1,0.0005229986,0.0740740741,False,True,4,7,1,1.0000000000,0.0000000000,0.0000000000,0.7889234875,0.6688198852,0.1271636069,0.0000000000,0.7431332057,0.0000000000,0.2568667943,0.6393001346,0.7857783760,0.7857783760
100000005888829100,peripheral,1.0000000000,4,0.2871001680,in_deg=1; out_deg=0; in=197000; out=0 KZT; tx=1/0; role_score=1.000; depth=4; truncated=1; is_seed=0,4,False,1,0,197000.0000000000,0.0000000000,1,0,0.0003097749,0.0000000000,True,True,1,1,0,0.0000000000,0.0000000000,0.0000000000,0.4837633452,0.0000000000,0.0000000000,0.0000000000,0.0000000000,0.0000000000,1.0000000000,0.7005383580,0.2626738448,0.0000000000
100000005893892100,peripheral,0.5352825627,10,0.2047613481,in_deg=1; out_deg=0; in=102780; out=0 KZT; tx=1/0; role_score=0.535; depth=3; truncated=0; is_seed=0,3,False,1,0,102780.0000000000,0.0000000000,1,0,0.0002873407,0.0000000000,False,True,1,1,0,0.0000000000,0.0000000000,0.0000000000,0.1270017794,0.0000000000,0.0000000000,0.0000000000,0.4647174373,0.0000000000,0.5352825627,0.5852400179,0.2626738448,0.0000000000
100000005895525100,terminal,0.6458144455,52,0.3656019198,in_deg=1; out_deg=0; in=120000; out=0 KZT; tx=3/0; out/in=0; prev_day=0.000; depth=1; truncated=0; is_seed=0,1,False,1,0,120000.0000000000,0.0000000000,3,0,0.0003890513,0.0000000000,False,True,3,4,0,0.0000000000,0.0000000000,0.0000000000,0.6923932384,0.0000000000,0.0000000000,0.0000000000,0.6458144455,0.0000000000,0.3541855545,0.6123822342,0.7243158367,0.0000000000
100000005897462100,peripheral,0.5417799940,11,0.2398037925,in_deg=1; out_deg=0; in=98400; out=0 KZT; tx=1/0; role_score=0.542; depth=1; truncated=0; is_seed=0,1,False,1,0,98400.0000000000,0.0000000000,1,0,0.0002988783,0.0000000000,False,True,1,1,0,0.0000000000,0.0000000000,0.0000000000,0.3867882562,0.0000000000,0.0000000000,0.0000000000,0.4582200060,0.0000000000,0.5417799940,0.5695379094,0.2626738448,0.0000000000
100000005901606100,peripheral,0.6205046842,22,0.1637013520,in_deg=1; out_deg=0; in=35660; out=0 KZT; tx=1/0; role_score=0.621; depth=1; truncated=0; is_seed=0,1,False,1,0,35660.0000000000,0.0000000000,1,0,0.0002914655,0.0000000000,False,True,1,1,0,0.0000000000,0.0000000000,0.0000000000,0.2577846975,0.0000000000,0.0000000000,0.0000000000,0.3794953158,0.0000000000,0.6205046842,0.3425302826,0.2626738448,0.0000000000
100000005904580100,consolidator,0.7243880326,7,0.3344348907,in_deg=2; out_deg=0; in=72000; out=0 KZT; tx=2/0; role_score=0.724; depth=2; truncated=0; is_seed=0,2,False,2,0,72000.0000000000,0.0000000000,2,0,0.0005192564,0.0000000000,False,True,1,1,0,0.0000000000,0.0000000000,0.0000000000,0.7875889680,0.7243880326,0.0000000000,0.0000000000,0.7243880326,0.0000000000,0.2756119674,0.5017945267,0.6056527591,0.0000000000
100000005910114100,coordinator,0.8906829814,0,0.8510787688,in_deg=3; out_deg=19; in=326144; out=1.46999e+06 KZT; tx=3/56; bet_pct=0.994; pr_pct=0.649; depth=3; truncated=0; is_seed=0,3,False,3,19,326144.0000000000,1469993.0000000000,3,56,0.0003595266,4.5071900755,False,True,20,21,9,0.1607142857,0.0058422061,0.9941569282,0.6492437722,0.5016020358,0.6369881935,0.8846006899,0.0000000000,0.8906829814,0.1093170186,0.9620906236,0.9948407358,0.1598851182
100000005910895100,peripheral,1.0000000000,11,0.1753545996,in_deg=1; out_deg=0; in=5100; out=0 KZT; tx=1/0; role_score=1.000; depth=4; truncated=1; is_seed=0,4,False,1,0,5100.0000000000,0.0000000000,1,0,0.0005939082,0.0000000000,True,True,1,1,0,0.0000000000,0.0000000000,0.0000000000,0.8805604982,0.0000000000,0.0000000000,0.0000000000,0.0000000000,0.0000000000,1.0000000000,0.0154777927,0.2626738448,0.0000000000
100000005911352100,coordinator,0.7744090462,19,0.6001811943,in_deg=2; out_deg=3; in=15000; out=24000 KZT; tx=2/3; bet_pct=0.742; pr_pct=0.850; depth=2; truncated=0; is_seed=0,2,False,2,3,15000.0000000000,24000.0000000000,2,3,0.0005484488,1.6000000000,False,True,5,25,0,0.0000000000,0.0000974883,0.7420701169,0.8498665480,0.4109247507,0.3924756844,0.3894332373,0.0000000000,0.7744090462,0.2255909538,0.3582323912,0.8227904890,0.0000000000
100000005931985100,peripheral,0.5593834995,24,0.2412133601,in_deg=1; out_deg=0; in=76000; out=0 KZT; tx=1/0; role_score=0.559; depth=2; truncated=0; is_seed=0,2,False,1,0,76000.0000000000,0.0000000000,1,0,0.0003111862,0.0000000000,False,True,1,1,0,0.0000000000,0.0000000000,0.0000000000,0.4948843416,0.0000000000,0.0000000000,0.0000000000,0.4406165005,0.0000000000,0.5593834995,0.5103185285,0.2626738448,0.0000000000
100000005932987100,terminal,0.5197189483,59,0.2795242199,in_deg=1; out_deg=0; in=25000; out=0 KZT; tx=3/0; out/in=0; prev_day=0.000; depth=2; truncated=0; is_seed=0,2,False,1,0,25000.0000000000,0.0000000000,3,0,0.0004092183,0.0000000000,False,True,3,25,0,0.0000000000,0.0000000000,0.0000000000,0.7159697509,0.0000000000,0.0000000000,0.0000000000,0.5197189483,0.0000000000,0.4802810517,0.2539255271,0.7243158367,0.0000000000
100000005933757100,coordinator,0.9767558550,40,0.9043145924,in_deg=4; out_deg=34; in=1.246e+06; out=3.00263e+06 KZT; tx=6/46; bet_pct=0.987; pr_pct=0.952; depth=2; truncated=0; is_seed=0,2,False,4,34,1246000.0000000000,3002628.0000000000,6,46,0.0009950509,2.4098138042,False,True,15,21,9,0.1956521739,0.0038927878,0.9874791319,0.9517348754,0.5317137472,0.7440369603,0.9237069619,0.0000000000,0.9767558550,0.0232441450,0.9903544190,0.9928218932,0.1942477617
100000005939154100,peripheral,0.5296161982,16,0.1874572173,in_deg=1; out_deg=0; in=22000; out=0 KZT; tx=2/0; role_score=0.530; depth=2; truncated=0; is_seed=0,2,False,1,0,22000.0000000000,0.0000000000,2,0,0.0002921109,0.0000000000,False,True,2,14,0,0.0000000000,0.0000000000,0.0000000000,0.2746886121,0.0000000000,0.0000000000,0.0000000000,0.4703838018,0.0000000000,0.5296161982,0.2216240467,0.6056527591,0.0000000000
100000005940652100,peripheral,0.7339075249,42,0.0634992482,in_deg=1; out_deg=0; in=8395; out=0 KZT; tx=1/0; role_score=0.734; depth=1; truncated=0; is_seed=0,1,False,1,0,8395.0000000000,0.0000000000,1,0,0.0002865317,0.0000000000,False,True,1,1,0,0.0000000000,0.0000000000,0.0000000000,0.0825177936,0.0000000000,0.0000000000,0.0000000000,0.2660924751,0.0000000000,0.7339075249,0.0468820099,0.2626738448,0.0000000000
100000005941908100,peripheral,0.7238591720,40,0.1935539382,in_deg=1; out_deg=0; in=10000; out=0 KZT; tx=1/0; role_score=0.724; depth=3; truncated=0; is_seed=0,3,False,1,0,10000.0000000000,0.0000000000,1,0,0.0006874337,0.0000000000,False,True,1,1,0,0.0000000000,0.0000000000,0.0000000000,0.9099199288,0.0000000000,0.0000000000,0.0000000000,0.2761408280,0.0000000000,0.7238591720,0.0706594886,0.2626738448,0.0000000000
100000005942793100,consolidator,0.7975219099,0,0.3189164757,in_deg=4; out_deg=0; in=55000; out=0 KZT; tx=4/0; role_score=0.798; depth=2; truncated=0; is_seed=0,2,False,4,0,55000.0000000000,0.0000000000,4,0,0.0003303869,0.0000000000,False,True,2,2,0,0.0000000000,0.0000000000,0.0000000000,0.5825177936,0.7975219099,0.0000000000,0.0000000000,0.7975219099,0.0000000000,0.2024780901,0.4546882010,0.7857783760,0.0000000000
100000005958064100,peripheral,0.5310999039,40,0.4669743143,in_deg=1; out_deg=2; in=5746; out=163987 KZT; tx=1/3; role_score=0.531; depth=1; truncated=0; is_seed=0,1,False,1,2,5746.0000000000,163986.8400000000,1,3,0.0002846510,28.5393038636,False,True,2,27,0,0.0000000000,0.0000251282,0.5033388982,0.0242437722,0.0000000000,0.1684725060,0.4689000961,0.0000000000,0.3596103604,0.5310999039,0.6772095110,0.7857783760,0.0000000000
100000005961971100,peripheral,0.5984436386,22,0.1873892840,in_deg=1; out_deg=0; in=47353; out=0 KZT; tx=1/0; role_score=0.598; depth=1; truncated=0; is_seed=0,1,False,1,0,47353.0000000000,0.0000000000,1,0,0.0002939013,0.0000000000,False,True,1,1,0,0.0000000000,0.0000000000,0.0000000000,0.3102758007,0.0000000000,0.0000000000,0.0000000000,0.4015563614,0.0000000000,0.5984436386,0.4057873486,0.2626738448,0.0000000000
100000005974542100,terminal,0.6270021154,29,0.3630647361,in_deg=1; out_deg=0; in=94500; out=0 KZT; tx=3/0; out/in=0; prev_day=0.000; depth=3; truncated=0; is_seed=0,3,False,1,0,94500.0000000000,0.0000000000,3,0,0.0004824887,0.0000000000,False,True,3,14,0,0.0000000000,0.0000000000,0.0000000000,0.7644572954,0.0000000000,0.0000000000,0.0000000000,0.6270021154,0.0000000000,0.3729978846,0.5589950651,0.7243158367,0.0000000000
100000005979037100,peripheral,1.0000000000,8,0.2418251296,in_deg=1; out_deg=0; in=60300; out=0 KZT; tx=1/0; role_score=1.000; depth=4; truncated=1; is_seed=0,4,False,1,0,60300.0000000000,0.0000000000,1,0,0.0003230537,0.0000000000,True,True,1,1,0,0.0000000000,0.0000000000,0.0000000000,0.5602758007,0.0000000000,0.0000000000,0.0000000000,0.0000000000,0.0000000000,1.0000000000,0.4735307313,0.2626738448,0.0000000000
100000005995391100,peripheral,0.6886521608,22,0.0940296115,in_deg=1; out_deg=0; in=17200; out=0 KZT; tx=1/0; role_score=0.689; depth=3; truncated=0; is_seed=0,3,False,1,0,17200.0000000000,0.0000000000,1,0,0.0002867022,0.0000000000,False,True,1,1,0,0.0000000000,0.0000000000,0.0000000000,0.0905249110,0.0000000000,0.0000000000,0.0000000000,0.3113478392,0.0000000000,0.6886521608,0.1641991925,0.2626738448,0.0000000000
100000005996909100,peripheral,0.7453158054,3,0.1225644319,in_deg=1; out_deg=0; in=5500; out=0 KZT; tx=1/0; role_score=0.745; depth=3; truncated=0; is_seed=0,3,False,1,0,5500.0000000000,0.0000000000,1,0,0.0003144354,0.0000000000,False,True,1,1,0,0.0000000000,0.0000000000,0.0000000000,0.5189056940,0.0000000000,0.0000000000,0.0000000000,0.2546841946,0.0000000000,0.7453158054,0.0213100045,0.2626738448,0.0000000000
100000006008169100,peripheral,0.5658809308,7,0.2142141352,in_deg=1; out_deg=0; in=70000; out=0 KZT; tx=1/0; role_score=0.566; depth=1; truncated=0; is_seed=0,1,False,1,0,70000.0000000000,0.0000000000,1,0,0.0002955784,0.0000000000,False,True,1,1,0,0.0000000000,0.0000000000,0.0000000000,0.3391903915,0.0000000000,0.0000000000,0.0000000000,0.4341190692,0.0000000000,0.5658809308,0.4957379991,0.2626738448,0.0000000000
100000006020215100,coordinator,0.5708908754,12,0.5138213910,in_deg=1; out_deg=2; in=30000; out=33800 KZT; tx=1/2; bet_pct=0.674; pr_pct=0.331; depth=3; truncated=0; is_seed=0,3,False,1,2,30000.0000000000,33800.0000000000,1,2,0.0002950599,1.1266666667,False,True,3,24,0,0.0000000000,0.0000605552,0.6736227045,0.3311832740,0.0000000000,0.3186271394,0.3474223503,0.0000000000,0.5708908754,0.4291091246,0.4789143114,0.7243158367,0.0000000000
100000006030946100,peripheral,0.5623300091,22,0.2245843721,in_deg=1; out_deg=0; in=73289; out=0 KZT; tx=1/0; role_score=0.562; depth=1; truncated=0; is_seed=0,1,False,1,0,73289.0000000000,0.0000000000,1,0,0.0002993040,0.0000000000,False,True,1,1,0,0.0000000000,0.0000000000,0.0000000000,0.3952402135,0.0000000000,0.0000000000,0.0000000000,0.4376699909,0.0000000000,0.5623300091,0.5035890534,0.2626738448,0.0000000000
100000006048193100,peripheral,0.6093230583,0,0.1818495010,in_deg=1; out_deg=0; in=41559; out=0 KZT; tx=1/0; role_score=0.609; depth=3; truncated=0; is_seed=0,3,False,1,0,41559.0000000000,0.0000000000,1,0,0.0002947900,0.0000000000,False,True,1,1,0,0.0000000000,0.0000000000,0.0000000000,0.3271797153,0.0000000000,0.0000000000,0.0000000000,0.3906769417,0.0000000000,0.6093230583,0.3734858681,0.2626738448,0.0000000000
100000006069103100,coordinator,0.7454351187,5,0.7398889367,in_deg=3; out_deg=3; in=228818; out=270000 KZT; tx=3/4; bet_pct=0.654; pr_pct=0.960; depth=1; truncated=0; is_seed=0,1,False,3,3,228818.0000000000,270000.0000000000,3,4,0.0011426651,1.1799770997,False,True,5,6,1,0.2500000000,0.0000580570,0.6535893155,0.9597419929,0.6477221215,0.5933755266,0.5018011527,0.0000000000,0.7454351187,0.2545648813,0.8606998654,0.8685509197,0.2171377299
100000006100920100,peripheral,0.5390601390,0,0.2681204738,in_deg=1; out_deg=0; in=100000; out=0 KZT; tx=1/0; role_score=0.539; depth=3; truncated=0; is_seed=0,3,False,1,0,100000.0000000000,0.0000000000,1,0,0.0003246756,0.0000000000,False,True,1,1,0,0.0000000000,0.0000000000,0.0000000000,0.5647241993,0.0000000000,0.0000000000,0.0000000000,0.4609398610,0.0000000000,0.5390601390,0.5760430686,0.2626738448,0.0000000000
100000006111439100,peripheral,0.5133942063,10,0.3998145994,in_deg=3; out_deg=4; in=20570; out=24000 KZT; tx=3/4; role_score=0.513; depth=3; truncated=0; is_seed=0,3,False,3,4,20570.0000000000,24000.0000000000,3,4,0.0003633712,1.1667476908,False,True,7,25,0,0.0000000000,0.0000175556,0.2128547579,0.6568060498,0.4866057937,0.4688731538,0.4262556608,0.0000000000,0.3460401455,0.5133942063,0.3860475550,0.8685509197,0.0000000000
100000006111442100,peripheral,0.5717739498,42,0.2062956964,in_deg=1; out_deg=0; in=64000; out=0 KZT; tx=1/0; role_score=0.572; depth=3; truncated=0; is_seed=0,3,False,1,0,64000.0000000000,0.0000000000,1,0,0.0002940002,0.0000000000,False,True,1,1,0,0.0000000000,0.0000000000,0.0000000000,0.3129448399,0.0000000000,0.0000000000,0.0000000000,0.4282260502,0.0000000000,0.5717739498,0.4798115747,0.2626738448,0.0000000000
100000006122699100,consolidator,0.6847990329,16,0.2959733960,in_deg=2; out_deg=0; in=45865; out=0 KZT; tx=2/0; role_score=0.685; depth=2; truncated=0; is_seed=0,2,False,2,0,45865.0000000000,0.0000000000,2,0,0.0004023554,0.0000000000,False,True,1,1,0,0.0000000000,0.0000000000,0.0000000000,0.7106316726,0.6847990329,0.0000000000,0.0000000000,0.6847990329,0.0000000000,0.3152009671,0.3941229251,0.6056527591,0.0000000000
100000006126743100,peripheral,0.5803112723,10,0.1619143191,in_deg=1; out_deg=0; in=55000; out=0 KZT; tx=1/0; role_score=0.580; depth=3; truncated=0; is_seed=0,3,False,1,0,55000.0000000000,0.0000000000,1,0,0.0002858050,0.0000000000,False,True,1,1,0,0.0000000000,0.0000000000,0.0000000000,0.0589412811,0.0000000000,0.0000000000,0.0000000000,0.4196887277,0.0000000000,0.5803112723,0.4546882010,0.2626738448,0.0000000000
100000006161893100,peripheral,0.7058023572,16,0.1896364237,in_deg=1; out_deg=0; in=14000; out=0 KZT; tx=1/0; role_score=0.706; depth=2; truncated=0; is_seed=0,2,False,1,0,14000.0000000000,0.0000000000,1,0,0.0005287120,0.0000000000,False,True,1,1,0,0.0000000000,0.0000000000,0.0000000000,0.8071619217,0.0000000000,0.0000000000,0.0000000000,0.2941976428,0.0000000000,0.7058023572,0.1166442351,0.2626738448,0.0000000000
100000006165886100,consolidator,0.6557872469,0,0.3709734722,in_deg=2; out_deg=1; in=184481; out=75000 KZT; tx=2/1; role_score=0.656; depth=3; truncated=0; is_seed=0,3,False,2,1,184481.0000000000,75000.0000000000,2,1,0.0002969345,0.4065459316,False,True,2,12,0,0.0000000000,0.0000006921,0.0592654424,0.3547597865,0.6557872469,0.2131802801,0.0000000000,0.4670155316,0.1479137456,0.3442127531,0.7534768955,0.7243158367,0.0000000000
100000006169033100,distributor,0.7060518732,63,0.6823875562,in_deg=1; out_deg=3; in=49000; out=1.14027e+06 KZT; tx=1/10; role_score=0.706; depth=3; truncated=0; is_seed=0,3,False,1,3,49000.0000000000,1140271.0000000000,1,10,0.0004155382,23.2708367347,False,True,10,21,0,0.0000000000,0.0000392331,0.5792988314,0.7186387900,0.0000000000,0.2670228641,0.7060518732,0.0000000000,0.6211008190,0.2939481268,0.9387617766,0.9143113504,0.0000000000
100000006171671100,peripheral,1.0000000000,0,0.1759382798,in_deg=1; out_deg=0; in=10000; out=0 KZT; tx=1/0; role_score=1.000; depth=4; truncated=1; is_seed=0,4,False,1,0,10000.0000000000,0.0000000000,1,0,0.0005259444,0.0000000000,True,True,1,1,0,0.0000000000,0.0000000000,0.0000000000,0.7924822064,0.0000000000,0.0000000000,0.0000000000,0.0000000000,0.0000000000,1.0000000000,0.0706594886,0.2626738448,0.0000000000
100000006177176100,peripheral,0.7326231490,16,0.0572781259,in_deg=1; out_deg=0; in=8911; out=0 KZT; tx=1/0; role_score=0.733; depth=1; truncated=0; is_seed=0,1,False,1,0,8911.0000000000,0.0000000000,1,0,0.0002849891,0.0000000000,False,True,1,1,0,0.0000000000,0.0000000000,0.0000000000,0.0358096085,0.0000000000,0.0000000000,0.0000000000,0.2673768510,0.0000000000,0.7326231490,0.0500224316,0.2626738448,0.0000000000
100000006209210100,terminal,0.5133726201,1,0.3187880030,in_deg=1; out_deg=0; in=229111; out=0 KZT; tx=1/0; out/in=0; prev_day=0.000; depth=3; truncated=0; is_seed=0,3,False,1,0,229111.0000000000,0.0000000000,1,0,0.0003587204,0.0000000000,False,True,1,1,0,0.0000000000,0.0000000000,0.0000000000,0.6479092527,0.0000000000,0.0000000000,0.0000000000,0.5133726201,0.0000000000,0.4866273799,0.7288021534,0.2626738448,0.0000000000
100000006225798100,terminal,0.8952147317,28,0.6394897615,in_deg=3; out_deg=2; in=722000; out=26300 KZT; tx=4/2; out/in=0.0364; prev_day=0.000; depth=3; truncated=0; is_seed=0,3,False,3,2,722000.0000000000,26300.0000000000,4,2,0.0003578859,0.0364265928,False,True,5,18,0,0.0000000000,0.0000384405,0.5442404007,0.6461298932,0.7432456936,0.2668717120,0.2834293948,0.8952147317,0.5748072484,0.1047852683,0.8997308210,0.8476895469,0.0000000000
100000006232642100,peripheral,1.0000000000,63,0.4382252396,in_deg=1; out_deg=0; in=456000; out=0 KZT; tx=4/0; role_score=1.000; depth=4; truncated=1; is_seed=0,4,False,1,0,456000.0000000000,0.0000000000,4,0,0.0004252867,0.0000000000,True,True,4,6,0,0.0000000000,0.0000000000,0.0000000000,0.7266459075,0.0000000000,0.0000000000,0.0000000000,0.0000000000,0.0000000000,1.0000000000,0.8454463885,0.7857783760,0.0000000000
100000006232815100,distributor,0.6734109830,27,0.5258131728,in_deg=1; out_deg=5; in=160000; out=296500 KZT; tx=2/5; role_score=0.673; depth=0; truncated=0; is_seed=1,0,True,1,5,160000.0000000000,296500.0000000000,2,5,0.0005527072,1.8531250000,False,True,6,22,0,0.0000000000,0.0000027741,0.1585976628,0.8569839858,0.0000000000,0.5639619220,0.6734109830,0.0000000000,0.3681135597,0.3265890170,0.8458950202,0.8685509197,0.0000000000
100000006240939100,distributor,0.7192002882,46,0.4994216839,in_deg=1; out_deg=5; in=160000; out=778015 KZT; tx=1/5; role_score=0.719; depth=2; truncated=0; is_seed=0,2,False,1,5,160000.0000000000,778015.0000000000,1,5,0.0003169965,4.8625937500,False,True,4,5,0,0.0000000000,0.0000041611,0.1761268781,0.5331405694,0.0000000000,0.3441883291,0.7192002882,0.0000000000,0.2832309855,0.2807997118,0.9226110363,0.8476895469,0.0000000000
100000006248077100,peripheral,0.5913417951,16,0.1870258983,in_deg=1; out_deg=0; in=50000; out=0 KZT; tx=1/0; role_score=0.591; depth=2; truncated=0; is_seed=0,2,False,1,0,50000.0000000000,0.0000000000,1,0,0.0002922624,0.0000000000,False,True,1,1,0,0.0000000000,0.0000000000,0.0000000000,0.2786921708,0.0000000000,0.0000000000,0.0000000000,0.4086582049,0.0000000000,0.5913417951,0.4232839838,0.2626738448,0.0000000000
100000006249740100,distributor,0.6330451489,81,0.2637274008,in_deg=0; out_deg=3; in=0; out=93007 KZT; tx=0/5; role_score=0.633; depth=0; truncated=0; is_seed=1,0,True,0,3,0.0000000000,93007.0000000000,0,5,0.0002840373,-1.0000000000,False,False,5,11,0,0.0000000000,0.0000000000,0.0000000000,0.0093416370,0.0000000000,0.0000000000,0.6330451489,0.0000000000,0.0000000000,0.3669548511,0.5556303275,0.8227904890,0.0000000000
100000006257675100,peripheral,1.0000000000,32,0.3167063460,in_deg=1; out_deg=0; in=70000; out=0 KZT; tx=2/0; role_score=1.000; depth=4; truncated=1; is_seed=0,4,False,1,0,70000.0000000000,0.0000000000,2,0,0.0003803391,0.0000000000,True,True,1,1,0,0.0000000000,0.0000000000,0.0000000000,0.6794928826,0.0000000000,0.0000000000,0.0000000000,0.0000000000,0.0000000000,1.0000000000,0.4957379991,0.6056527591,0.0000000000
100000006274203100,terminal,0.9301185674,43,0.7140953435,in_deg=2; out_deg=3; in=3.41751e+06; out=72000 KZT; tx=41/3; out/in=0.0211; prev_day=0.000; depth=3; truncated=0; is_seed=0,3,False,2,3,3417512.0000000000,72000.0000000000,41,3,0.0006280413,0.0210679582,False,True,21,30,0,0.0000000000,0.0000373428,0.5283806344,0.8939056940,0.6650951949,0.3677615165,0.4489913545,0.9301185674,0.6380381523,0.0698814326,0.9867653656,0.9892328398,0.0000000000
100000006288612100,peripheral,1.0000000000,7,0.2383992042,in_deg=1; out_deg=0; in=30805; out=0 KZT; tx=3/0; role_score=1.000; depth=4; truncated=1; is_seed=0,4,False,1,0,30805.0000000000,0.0000000000,3,0,0.0002960118,0.0000000000,True,True,3,20,0,0.0000000000,0.0000000000,0.0000000000,0.3449733096,0.0000000000,0.0000000000,0.0000000000,0.0000000000,0.0000000000,1.0000000000,0.3120233288,0.7243158367,0.0000000000
100000006308406100,peripheral,1.0000000000,32,0.3871192169,in_deg=1; out_deg=0; in=183000; out=0 KZT; tx=2/0; role_score=1.000; depth=4; truncated=1; is_seed=0,4,False,1,0,183000.0000000000,0.0000000000,2,0,0.0005357976,0.0000000000,True,True,2,10,0,0.0000000000,0.0000000000,0.0000000000,0.8285142349,0.0000000000,0.0000000000,0.0000000000,0.0000000000,0.0000000000,1.0000000000,0.6879766712,0.6056527591,0.0000000000
100000006326645100,peripheral,0.6495164702,22,0.1341471518,in_deg=1; out_deg=0; in=25264; out=0 KZT; tx=1/0; role_score=0.650; depth=1; truncated=0; is_seed=0,1,False,1,0,25264.0000000000,0.0000000000,1,0,0.0002893000,0.0000000000,False,True,1,1,0,0.0000000000,0.0000000000,0.0000000000,0.1968416370,0.0000000000,0.0000000000,0.0000000000,0.3504835298,0.0000000000,0.6495164702,0.2608793181,0.2626738448,0.0000000000
100000006351075100,peripheral,1.0000000000,62,0.2128824196,in_deg=1; out_deg=0; in=40000; out=0 KZT; tx=2/0; role_score=1.000; depth=4; truncated=1; is_seed=0,4,False,1,0,40000.0000000000,0.0000000000,2,0,0.0002895173,0.0000000000,True,True,1,1,0,0.0000000000,0.0000000000,0.0000000000,0.2052935943,0.0000000000,0.0000000000,0.0000000000,0.0000000000,0.0000000000,1.0000000000,0.3649618663,0.6056527591,0.0000000000
100000006369769100,peripheral,0.6127984285,22,0.1727789988,in_deg=1; out_deg=0; in=40000; out=0 KZT; tx=1/0; role_score=0.613; depth=1; truncated=0; is_seed=0,1,False,1,0,40000.0000000000,0.0000000000,1,0,0.0002923696,0.0000000000,False,True,1,1,0,0.0000000000,0.0000000000,0.0000000000,0.2809163701,0.0000000000,0.0000000000,0.0000000000,0.3872015715,0.0000000000,0.6127984285,0.3649618663,0.2626738448,0.0000000000
100000006381453100,peripheral,1.0000000000,4,0.2675491369,in_deg=1; out_deg=0; in=45000; out=0 KZT; tx=1/0; role_score=1.000; depth=4; truncated=1; is_seed=0,4,False,1,0,45000.0000000000,0.0000000000,1,0,0.0005727660,0.0000000000,True,True,1,1,0,0.0000000000,0.0000000000,0.0000000000,0.8712188612,0.0000000000,0.0000000000,0.0000000000,0.0000000000,0.0000000000,1.0000000000,0.3898609242,0.2626738448,0.0000000000
100000006385877100,peripheral,0.6682213865,4,0.4215140391,in_deg=1; out_deg=1; in=53706.6; out=36602.9 KZT; tx=5/5; role_score=0.668; depth=2; truncated=0; is_seed=0,2,False,1,1,53706.6200000000,36602.9300000000,5,5,0.0021948714,0.6815347903,False,True,5,24,0,0.0000000000,0.0000000000,0.0000000000,0.9895462633,0.0000000000,0.3317786135,0.0000000000,0.1954918275,0.0000000000,0.6682213865,0.5497981157,0.9042171377,0.0000000000
100000006412162100,peripheral,1.0000000000,18,0.1644009620,in_deg=1; out_deg=0; in=15000; out=0 KZT; tx=2/0; role_score=1.000; depth=4; truncated=1; is_seed=0,4,False,1,0,15000.0000000000,0.0000000000,2,0,0.0002920116,0.0000000000,True,True,1,1,0,0.0000000000,0.0000000000,0.0000000000,0.2720195730,0.0000000000,0.0000000000,0.0000000000,0.0000000000,0.0000000000,1.0000000000,0.1310004486,0.6056527591,0.0000000000
100000006416061100,peripheral,1.0000000000,0,0.2253375664,in_deg=1; out_deg=0; in=30000; out=0 KZT; tx=1/0; role_score=1.000; depth=4; truncated=1; is_seed=0,4,False,1,0,30000.0000000000,0.0000000000,1,0,0.0004323206,0.0000000000,True,True,1,1,0,0.0000000000,0.0000000000,0.0000000000,0.7359875445,0.0000000000,0.0000000000,0.0000000000,0.0000000000,0.0000000000,1.0000000000,0.3021534320,0.2626738448,0.0000000000
100000006424479100,coordinator,0.7697452085,12,0.7326630933,in_deg=1; out_deg=2; in=500000; out=220000 KZT; tx=2/3; bet_pct=0.694; pr_pct=0.947; depth=2; truncated=0; is_seed=0,2,False,1,2,500000.0000000000,220000.0000000000,2,3,0.0009366830,0.4400000000,False,True,3,24,0,0.0000000000,0.0000731162,0.6936560935,0.9472864769,0.0000000000,0.4396829971,0.4821085495,0.3854336658,0.7697452085,0.2302547915,0.8974876626,0.8227904890,0.0000000000
100000006443391100,consolidator,0.6661831369,4,0.4830467752,in_deg=3; out_deg=2; in=86775.9; out=60041.7 KZT; tx=7/6; role_score=0.666; depth=1; truncated=0; is_seed=0,1,False,3,2,86775.9300000000,60041.7100000000,7,6,0.0025132130,0.6919166409,False,True,8,24,0,0.0000000000,0.0000011889,0.0976627713,0.9931049822,0.6661831369,0.4678174045,0.3979106628,0.2565499232,0.3662954346,0.3338168631,0.6413189771,0.9304620906,0.0000000000
100000006444163100,peripheral,0.7421426413,0,0.1280743194,in_deg=1; out_deg=0; in=6026; out=0 KZT; tx=1/0; role_score=0.742; depth=3; truncated=0; is_seed=0,3,False,1,0,6026.0000000000,0.0000000000,1,0,0.0003184270,0.0000000000,False,True,1,1,0,0.0000000000,0.0000000000,0.0000000000,0.5429270463,0.0000000000,0.0000000000,0.0000000000,0.2578573587,0.0000000000,0.7421426413,0.0289367429,0.2626738448,0.0000000000
100000006445501100,peripheral,0.5475974615,11,0.2328060265,in_deg=1; out_deg=0; in=91000; out=0 KZT; tx=1/0; role_score=0.548; depth=1; truncated=0; is_seed=0,1,False,1,0,91000.0000000000,0.0000000000,1,0,0.0002977622,0.0000000000,False,True,1,1,0,0.0000000000,0.0000000000,0.0000000000,0.3685498221,0.0000000000,0.0000000000,0.0000000000,0.4524025385,0.0000000000,0.5475974615,0.5524899058,0.2626738448,0.0000000000
100000006446271100,consolidator,0.7305832578,2,0.2954421227,in_deg=2; out_deg=0; in=80000; out=0 KZT; tx=2/0; role_score=0.731; depth=1; truncated=0; is_seed=0,1,False,2,0,80000.0000000000,0.0000000000,2,0,0.0003121609,0.0000000000,False,True,1,1,0,0.0000000000,0.0000000000,0.0000000000,0.5033362989,0.7305832578,0.0000000000,0.0000000000,0.7305832578,0.0000000000,0.2694167422,0.5163750561,0.6056527591,0.0000000000
100000006471232100,peripheral,0.6090208522,22,0.1681280873,in_deg=1; out_deg=0; in=41800; out=0 KZT; tx=1/0; role_score=0.609; depth=3; truncated=0; is_seed=0,3,False,1,0,41800.0000000000,0.0000000000,1,0,0.0002905135,0.0000000000,False,True,1,1,0,0.0000000000,0.0000000000,0.0000000000,0.2342081851,0.0000000000,0.0000000000,0.0000000000,0.3909791478,0.0000000000,0.6090208522,0.3743831314,0.2626738448,0.0000000000
100000006476758100,peripheral,0.7473556966,11,0.1614436550,in_deg=1; out_deg=0; in=5200; out=0 KZT; tx=1/0; role_score=0.747; depth=3; truncated=0; is_seed=0,3,False,1,0,5200.0000000000,0.0000000000,1,0,0.0005143533,0.0000000000,False,True,1,1,0,0.0000000000,0.0000000000,0.0000000000,0.7866992883,0.0000000000,0.0000000000,0.0000000000,0.2526443034,0.0000000000,0.7473556966,0.0161507402,0.2626738448,0.0000000000
100000006490557100,peripheral,0.7521909943,1,0.0448215222,in_deg=1; out_deg=0; in=5000; out=0 KZT; tx=1/0; role_score=0.752; depth=2; truncated=0; is_seed=0,2,False,1,0,5000.0000000000,0.0000000000,1,0,0.0002846259,0.0000000000,False,True,1,1,0,0.0000000000,0.0000000000,0.0000000000,0.0237989324,0.0000000000,0.0000000000,0.0000000000,0.2478090057,0.0000000000,0.7521909943,0.0074024226,0.2626738448,0.0000000000
100000006490615100,peripheral,1.0000000000,12,0.3254302064,in_deg=1; out_deg=0; in=41600; out=0 KZT; tx=6/0; role_score=1.000; depth=4; truncated=1; is_seed=0,4,False,1,0,41600.0000000000,0.0000000000,6,0,0.0003924929,0.0000000000,True,True,5,26,0,0.0000000000,0.0000000000,0.0000000000,0.6986209964,0.0000000000,0.0000000000,0.0000000000,0.0000000000,0.0000000000,1.0000000000,0.3739344998,0.8476895469,0.0000000000
100000006491272100,peripheral,0.6450589302,22,0.1311899496,in_deg=1; out_deg=0; in=26200; out=0 KZT; tx=1/0; role_score=0.645; depth=3; truncated=0; is_seed=0,3,False,1,0,26200.0000000000,0.0000000000,1,0,0.0002880966,0.0000000000,False,True,1,1,0,0.0000000000,0.0000000000,0.0000000000,0.1588078292,0.0000000000,0.0000000000,0.0000000000,0.3549410698,0.0000000000,0.6450589302,0.2718707941,0.2626738448,0.0000000000
100000006491963100,peripheral,1.0000000000,18,0.1889582675,in_deg=1; out_deg=0; in=16000; out=0 KZT; tx=3/0; role_score=1.000; depth=4; truncated=1; is_seed=0,4,False,1,0,16000.0000000000,0.0000000000,3,0,0.0002925432,0.0000000000,True,True,3,4,0,0.0000000000,0.0000000000,0.0000000000,0.2849199288,0.0000000000,0.0000000000,0.0000000000,0.0000000000,0.0000000000,1.0000000000,0.1502916106,0.7243158367,0.0000000000
100000006492770100,peripheral,0.5155650187,0,0.5029385939,in_deg=1; out_deg=1; in=269000; out=20000 KZT; tx=1/1; role_score=0.516; depth=3; truncated=0; is_seed=0,3,False,1,1,269000.0000000000,20000.0000000000,1,1,0.0002990816,0.0743494424,False,True,2,2,1,1.0000000000,0.0000192202,0.2863105175,0.3912366548,0.0000000000,0.1524623343,0.0000000000,0.4844349813,0.3177883587,0.5155650187,0.7705248991,0.6056527591,0.6056527591
100000006512787100,peripheral,1.0000000000,0,0.2597263417,in_deg=1; out_deg=0; in=20000; out=0 KZT; tx=2/0; role_score=1.000; depth=4; truncated=1; is_seed=0,4,False,1,0,20000.0000000000,0.0000000000,2,0,0.0005269165,0.0000000000,True,True,2,3,0,0.0000000000,0.0000000000,0.0000000000,0.7964857651,0.0000000000,0.0000000000,0.0000000000,0.0000000000,0.0000000000,1.0000000000,0.1976222521,0.6056527591,0.0000000000
100000006518161100,consolidator,0.7634330613,16,0.7939110155,in_deg=3; out_deg=2; in=594200; out=595899 KZT; tx=13/13; role_score=0.763; depth=1; truncated=0; is_seed=0,1,False,3,2,594200.0000000000,595899.0000000000,13,13,0.0008043544,1.0028593066,False,True,16,31,6,0.4615384615,0.0000578589,0.6519198664,0.9299377224,0.7634330613,0.7045397699,0.5216378482,0.0000000000,0.7353252232,0.2365669387,0.9392104083,0.9759982055,0.4504607102
100000006522972100,peripheral,0.7300543971,10,0.1167877803,in_deg=1; out_deg=0; in=9515; out=0 KZT; tx=1/0; role_score=0.730; depth=3; truncated=0; is_seed=0,3,False,1,0,9515.0000000000,0.0000000000,1,0,0.0003016544,0.0000000000,False,True,1,1,0,0.0000000000,0.0000000000,0.0000000000,0.4228202847,0.0000000000,0.0000000000,0.0000000000,0.2699456029,0.0000000000,0.7300543971,0.0558546433,0.2626738448,0.0000000000
100000006523053100,peripheral,0.7521909943,2,0.1653286397,in_deg=1; out_deg=0; in=5000; out=0 KZT; tx=1/0; role_score=0.752; depth=2; truncated=0; is_seed=0,2,False,1,0,5000.0000000000,0.0000000000,1,0,0.0005354373,0.0000000000,False,True,1,1,0,0.0000000000,0.0000000000,0.0000000000,0.8271797153,0.0000000000,0.0000000000,0.0000000000,0.2478090057,0.0000000000,0.7521909943,0.0074024226,0.2626738448,0.0000000000
100000006527156100,peripheral,1.0000000000,54,0.1900562077,in_deg=1; out_deg=0; in=48500; out=0 KZT; tx=1/0; role_score=1.000; depth=4; truncated=1; is_seed=0,4,False,1,0,48500.0000000000,0.0000000000,1,0,0.0002944677,0.0000000000,True,True,1,1,0,0.0000000000,0.0000000000,0.0000000000,0.3209519573,0.0000000000,0.0000000000,0.0000000000,0.0000000000,0.0000000000,1.0000000000,0.4100493495,0.2626738448,0.0000000000
100000006530134100,consolidator,0.7719854941,10,0.3047862943,in_deg=2; out_deg=0; in=144663; out=0 KZT; tx=2/0; role_score=0.772; depth=3; truncated=0; is_seed=0,3,False,2,0,144663.0000000000,0.0000000000,2,0,0.0002974527,0.0000000000,False,True,2,14,0,0.0000000000,0.0000000000,0.0000000000,0.3618772242,0.7719854941,0.0000000000,0.0000000000,0.7719854941,0.0000000000,0.2280145059,0.6386271871,0.6056527591,0.0000000000
100000006532229100,peripheral,0.5342248413,42,0.2448026230,in_deg=1; out_deg=0; in=105000; out=0 KZT; tx=1/0; role_score=0.534; depth=3; truncated=0; is_seed=0,3,False,1,0,105000.0000000000,0.0000000000,1,0,0.0002990038,0.0000000000,False,True,1,1,0,0.0000000000,0.0000000000,0.0000000000,0.3894572954,0.0000000000,0.0000000000,0.0000000000,0.4657751587,0.0000000000,0.5342248413,0.5879318080,0.2626738448,0.0000000000
100000006534886100,peripheral,0.5907683485,16,0.4682227630,in_deg=1; out_deg=1; in=71700; out=167500 KZT; tx=5/8; role_score=0.591; depth=2; truncated=0; is_seed=0,2,False,1,1,71700.0000000000,167500.0000000000,5,8,0.0011239520,2.3361227336,False,True,8,23,0,0.0000000000,0.0000000000,0.0000000000,0.9584074733,0.0000000000,0.4092316515,0.0000000000,0.0000000000,0.0000000000,0.5907683485,0.7395693136,0.9304620906,0.0000000000
100000006557763100,peripheral,0.7238591720,2,0.1502487780,in_deg=1; out_deg=0; in=10000; out=0 KZT; tx=1/0; role_score=0.724; depth=2; truncated=0; is_seed=0,2,False,1,0,10000.0000000000,0.0000000000,1,0,0.0003452229,0.0000000000,False,True,1,1,0,0.0000000000,0.0000000000,0.0000000000,0.6212188612,0.0000000000,0.0000000000,0.0000000000,0.2761408280,0.0000000000,0.7238591720,0.0706594886,0.2626738448,0.0000000000
100000006562026100,consolidator,0.7917044424,81,0.3901690441,in_deg=2; out_deg=0; in=75000; out=0 KZT; tx=6/0; role_score=0.792; depth=1; truncated=0; is_seed=0,1,False,2,0,75000.0000000000,0.0000000000,6,0,0.0006812196,0.0000000000,False,True,6,23,0,0.0000000000,0.0000000000,0.0000000000,0.9081405694,0.7917044424,0.0000000000,0.0000000000,0.7917044424,0.0000000000,0.2082955576,0.5071781068,0.8476895469,0.0000000000
100000006564102100,terminal,0.5147325476,2,0.3317868064,in_deg=1; out_deg=0; in=233235; out=0 KZT; tx=1/0; out/in=0; prev_day=0.000; depth=2; truncated=0; is_seed=0,2,False,1,0,233235.0000000000,0.0000000000,1,0,0.0004254770,0.0000000000,False,True,1,1,0,0.0000000000,0.0000000000,0.0000000000,0.7270907473,0.0000000000,0.0000000000,0.0000000000,0.5147325476,0.0000000000,0.4852674524,0.7332884702,0.2626738448,0.0000000000
100000006567935100,terminal,0.5061952251,33,0.2878831580,in_deg=1; out_deg=0; in=200000; out=0 KZT; tx=1/0; out/in=0; prev_day=0.000; depth=2; truncated=0; is_seed=0,2,False,1,0,200000.0000000000,0.0000000000,1,0,0.0003087953,0.0000000000,False,True,1,1,0,0.0000000000,0.0000000000,0.0000000000,0.4766459075,0.0000000000,0.0000000000,0.0000000000,0.5061952251,0.0000000000,0.4938047749,0.7079407806,0.2626738448,0.0000000000
100000006573438100,peripheral,0.7521909943,63,0.0955999920,in_deg=1; out_deg=0; in=5000; out=0 KZT; tx=1/0; role_score=0.752; depth=3; truncated=0; is_seed=0,3,False,1,0,5000.0000000000,0.0000000000,1,0,0.0002974557,0.0000000000,False,True,1,1,0,0.0000000000,0.0000000000,0.0000000000,0.3623220641,0.0000000000,0.0000000000,0.0000000000,0.2478090057,0.0000000000,0.7521909943,0.0074024226,0.2626738448,0.0000000000
100000006579678100,coordinator,0.8956346654,16,0.8317338872,in_deg=2; out_deg=6; in=192930; out=1.6688e+06 KZT; tx=2/15; bet_pct=0.897; pr_pct=0.892; depth=1; truncated=0; is_seed=0,1,False,2,6,192930.0000000000,1668800.0000000000,2,15,0.0006216102,8.6497693464,False,True,6,17,0,0.0000000000,0.0004489436,0.8973288815,0.8916814947,0.4939181021,0.5365155787,0.7808597502,0.0000000000,0.8956346654,0.1043653346,0.9656796770,0.9499775684,0.0000000000
100000006595426100,terminal,0.6186158960,0,0.3298769885,in_deg=1; out_deg=0; in=84800; out=0 KZT; tx=3/0; out/in=0; prev_day=0.000; depth=2; truncated=0; is_seed=0,2,False,1,0,84800.0000000000,0.0000000000,3,0,0.0003324688,0.0000000000,False,True,3,7,0,0.0000000000,0.0000000000,0.0000000000,0.5891903915,0.0000000000,0.0000000000,0.0000000000,0.6186158960,0.0000000000,0.3813841040,0.5314042171,0.7243158367,0.0000000000
100000006612238100,peripheral,0.5859658318,22,0.3538818764,in_deg=1; out_deg=1; in=160000; out=25000 KZT; tx=1/1; role_score=0.586; depth=2; truncated=0; is_seed=0,2,False,1,1,160000.0000000000,25000.0000000000,1,1,0.0003379690,0.1562500000,False,True,1,1,0,0.0000000000,0.0000000000,0.0000000000,0.6043149466,0.0000000000,0.1456231988,0.0000000000,0.4140341682,0.0000000000,0.5859658318,0.6895468820,0.6056527591,0.0000000000
100000006638021100,consolidator,0.8278936235,57,0.4208460808,in_deg=2; out_deg=0; in=388500; out=0 KZT; tx=2/0; role_score=0.828; depth=4; truncated=1; is_seed=0,4,False,2,0,388500.0000000000,0.0000000000,2,0,0.0005412546,0.0000000000,True,True,1,1,0,0.0000000000,0.0000000000,0.0000000000,0.8365213523,0.8278936235,0.0000000000,0.0000000000,0.0000000000,0.0000000000,0.1721063765,0.8180798564,0.6056527591,0.0000000000
100000006641671100,consolidator,0.5182834693,8,0.4021738970,in_deg=2; out_deg=1; in=22000; out=25000 KZT; tx=2/3; role_score=0.518; depth=3; truncated=0; is_seed=0,3,False,2,1,22000.0000000000,25000.0000000000,2,3,0.0004374471,1.1363636364,False,True,3,24,0,0.0000000000,0.0000054490,0.1928213689,0.7399911032,0.5182834693,0.2879106628,0.0000000000,0.0000000000,0.3569722892,0.4817165307,0.4010767160,0.8227904890,0.0000000000
100000006656003100,peripheral,0.8209882140,22,0.1879706691,in_deg=1; out_deg=1; in=20000; out=9000 KZT; tx=1/1; role_score=0.821; depth=1; truncated=0; is_seed=0,1,False,1,1,20000.0000000000,9000.0000000000,1,1,0.0002882034,0.4500000000,False,True,1,1,0,0.0000000000,0.0000000000,0.0000000000,0.1625889680,0.0000000000,0.1204911143,0.0000000000,0.1790117860,0.0000000000,0.8209882140,0.2909376402,0.6056527591,0.0000000000
100000006658598100,peripheral,0.7318676337,16,0.0577934835,in_deg=1; out_deg=0; in=9000; out=0 KZT; tx=1/0; role_score=0.732; depth=1; truncated=0; is_seed=0,1,False,1,0,9000.0000000000,0.0000000000,1,0,0.0002849986,0.0000000000,False,True,1,1,0,0.0000000000,0.0000000000,0.0000000000,0.0362544484,0.0000000000,0.0000000000,0.0000000000,0.2681323663,0.0000000000,0.7318676337,0.0518169583,0.2626738448,0.0000000000
100000006664478100,peripheral,0.5958873679,46,0.4421306385,in_deg=1; out_deg=2; in=55000; out=60000 KZT; tx=3/2; role_score=0.596; depth=3; truncated=0; is_seed=0,3,False,1,2,55000.0000000000,60000.0000000000,3,2,0.0006130168,1.0909090909,False,True,3,18,0,0.0000000000,0.0000011889,0.0976627713,0.8885676157,0.0000000000,0.4041126321,0.3830451489,0.0000000000,0.3349342246,0.5958873679,0.6049798116,0.8227904890,0.0000000000
100000006679055100,peripheral,0.6523118767,2,0.1618348606,in_deg=1; out_deg=0; in=25000; out=0 KZT; tx=1/0; role_score=0.652; depth=2; truncated=0; is_seed=0,2,False,1,0,25000.0000000000,0.0000000000,1,0,0.0002991979,0.0000000000,False,True,1,1,0,0.0000000000,0.0000000000,0.0000000000,0.3930160142,0.0000000000,0.0000000000,0.0000000000,0.3476881233,0.0000000000,0.6523118767,0.2539255271,0.2626738448,0.0000000000
100000006684930100,peripheral,0.7238591720,12,0.1106135467,in_deg=1; out_deg=0; in=10000; out=0 KZT; tx=1/0; role_score=0.724; depth=2; truncated=0; is_seed=0,2,False,1,0,10000.0000000000,0.0000000000,1,0,0.0002970902,0.0000000000,False,True,1,1,0,0.0000000000,0.0000000000,0.0000000000,0.3569839858,0.0000000000,0.0000000000,0.0000000000,0.2761408280,0.0000000000,0.7238591720,0.0706594886,0.2626738448,0.0000000000
100000006687202100,peripheral,0.5913417951,0,0.1904622862,in_deg=1; out_deg=0; in=50000; out=0 KZT; tx=1/0; role_score=0.591; depth=1; truncated=0; is_seed=0,1,False,1,0,50000.0000000000,0.0000000000,1,0,0.0002933467,0.0000000000,False,True,1,1,0,0.0000000000,0.0000000000,0.0000000000,0.3016014235,0.0000000000,0.0000000000,0.0000000000,0.4086582049,0.0000000000,0.5913417951,0.4232839838,0.2626738448,0.0000000000
100000006689603100,peripheral,1.0000000000,8,0.3704580483,in_deg=1; out_deg=0; in=400000; out=0 KZT; tx=2/0; role_score=1.000; depth=4; truncated=1; is_seed=0,4,False,1,0,400000.0000000000,0.0000000000,2,0,0.0003106768,0.0000000000,True,True,2,3,0,0.0000000000,0.0000000000,0.0000000000,0.4908807829,0.0000000000,0.0000000000,0.0000000000,0.0000000000,0.0000000000,1.0000000000,0.8239120682,0.6056527591,0.0000000000
100000006693788100,peripheral,1.0000000000,0,0.1828025939,in_deg=1; out_deg=0; in=10764; out=0 KZT; tx=1/0; role_score=1.000; depth=4; truncated=1; is_seed=0,4,False,1,0,10764.0000000000,0.0000000000,1,0,0.0005289451,0.0000000000,True,True,1,1,0,0.0000000000,0.0000000000,0.0000000000,0.8098309609,0.0000000000,0.0000000000,0.0000000000,0.0000000000,0.0000000000,1.0000000000,0.0877074921,0.2626738448,0.0000000000
100000006701983100,peripheral,0.6425657298,22,0.1337851881,in_deg=1; out_deg=0; in=27000; out=0 KZT; tx=1/0; role_score=0.643; depth=3; truncated=0; is_seed=0,3,False,1,0,27000.0000000000,0.0000000000,1,0,0.0002882205,0.0000000000,False,True,1,1,0,0.0000000000,0.0000000000,0.0000000000,0.1641459075,0.0000000000,0.0000000000,0.0000000000,0.3574342702,0.0000000000,0.6425657298,0.2790489009,0.2626738448,0.0000000000
100000006704530100,coordinator,0.6735586520,14,0.6927909904,in_deg=1; out_deg=3; in=450500; out=428000 KZT; tx=1/5; bet_pct=0.661; pr_pct=0.703; depth=3; truncated=0; is_seed=0,3,False,1,3,450500.0000000000,428000.0000000000,1,5,0.0003960043,0.9500554939,False,True,5,23,0,0.0000000000,0.0000588496,0.6611018364,0.7026245552,0.0000000000,0.4855309729,0.6278818444,0.0273230711,0.6735586520,0.3264413480,0.9154329296,0.8476895469,0.0000000000
100000006706519100,peripheral,1.0000000000,0,0.2982432867,in_deg=1; out_deg=0; in=36000; out=0 KZT; tx=3/0; role_score=1.000; depth=4; truncated=1; is_seed=0,4,False,1,0,36000.0000000000,0.0000000000,3,0,0.0003884863,0.0000000000,True,True,3,24,0,0.0000000000,0.0000000000,0.0000000000,0.6897241993,0.0000000000,0.0000000000,0.0000000000,0.0000000000,0.0000000000,1.0000000000,0.3445491252,0.7243158367,0.0000000000
100000006707582100,coordinator,0.8719775768,18,0.8419256809,in_deg=2; out_deg=14; in=39520; out=961138 KZT; tx=2/15; bet_pct=0.892; pr_pct=0.825; depth=1; truncated=0; is_seed=0,1,False,2,14,39520.0000000000,961138.0000000000,2,15,0.0005348603,24.3202935223,False,True,5,7,5,0.3333333333,0.0003634674,0.8923205342,0.8245106762,0.3785698096,0.4668104376,0.8422640490,0.0000000000,0.8719775768,0.1280224232,0.9270973531,0.9499775684,0.3166591895
100000006710485100,peripheral,0.6745240254,22,0.1058884903,in_deg=1; out_deg=0; in=20000; out=0 KZT; tx=1/0; role_score=0.675; depth=3; truncated=0; is_seed=0,3,False,1,0,20000.0000000000,0.0000000000,1,0,0.0002871360,0.0000000000,False,True,1,1,0,0.0000000000,0.0000000000,0.0000000000,0.1138790036,0.0000000000,0.0000000000,0.0000000000,0.3254759746,0.0000000000,0.6745240254,0.1976222521,0.2626738448,0.0000000000
100000006714366100,peripheral,0.7549429580,12,0.2483136264,in_deg=1; out_deg=1; in=10500; out=5000 KZT; tx=1/1; role_score=0.755; depth=3; truncated=0; is_seed=0,3,False,1,1,10500.0000000000,5000.0000000000,1,1,0.0002878952,0.4761904762,False,True,1,1,0,0.0000000000,0.0000192202,0.2863105175,0.1487989324,0.0000000000,0.1067506061,0.0000000000,0.1479298882,0.2450570420,0.7549429580,0.1397487663,0.6056527591,0.0000000000
100000006734214100,terminal,0.9102004469,10,0.7299449150,in_deg=5; out_deg=3; in=610000; out=36000 KZT; tx=10/4; out/in=0.059; prev_day=0.000; depth=3; truncated=0; is_seed=0,3,False,5,3,610000.0000000000,36000.0000000000,10,4,0.0006024581,0.0590163934,False,True,11,28,0,0.0000000000,0.0000594441,0.6686143573,0.8850088968,0.7859200287,0.3604742445,0.3728085975,0.9102004469,0.7335327191,0.0897995531,0.8912068192,0.9358456707,0.0000000000
100000006734554100,peripheral,0.8175763357,27,0.2752629762,in_deg=1; out_deg=1; in=16500; out=25000 KZT; tx=1/1; role_score=0.818; depth=1; truncated=0; is_seed=0,1,False,1,1,16500.0000000000,25000.0000000000,1,1,0.0003101814,1.5151515152,False,True,2,20,0,0.0000000000,0.0000005944,0.0517529215,0.4873220641,0.0000000000,0.1722382325,0.0000000000,0.0000000000,0.1824236643,0.8175763357,0.3728129206,0.6056527591,0.0000000000
100000006735545100,peripheral,1.0000000000,8,0.0807200987,in_deg=1; out_deg=0; in=5000; out=0 KZT; tx=1/0; role_score=1.000; depth=4; truncated=1; is_seed=0,4,False,1,0,5000.0000000000,0.0000000000,1,0,0.0002916893,0.0000000000,True,True,1,1,0,0.0000000000,0.0000000000,0.0000000000,0.2631227758,0.0000000000,0.0000000000,0.0000000000,0.0000000000,0.0000000000,1.0000000000,0.0074024226,0.2626738448,0.0000000000
100000006745291100,peripheral,0.5546237534,11,0.2228254286,in_deg=1; out_deg=0; in=82534; out=0 KZT; tx=1/0; role_score=0.555; depth=1; truncated=0; is_seed=0,1,False,1,0,82534.0000000000,0.0000000000,1,0,0.0002964853,0.0000000000,False,True,1,1,0,0.0000000000,0.0000000000,0.0000000000,0.3498665480,0.0000000000,0.0000000000,0.0000000000,0.4453762466,0.0000000000,0.5546237534,0.5237774787,0.2626738448,0.0000000000
100000006746688100,peripheral,0.6101541251,22,0.1664861912,in_deg=1; out_deg=0; in=41000; out=0 KZT; tx=1/0; role_score=0.610; depth=3; truncated=0; is_seed=0,3,False,1,0,41000.0000000000,0.0000000000,1,0,0.0002903896,0.0000000000,False,True,1,1,0,0.0000000000,0.0000000000,0.0000000000,0.2288701068,0.0000000000,0.0000000000,0.0000000000,0.3898458749,0.0000000000,0.6101541251,0.3710183939,0.2626738448,0.0000000000
100000006755850100,terminal,0.7180417044,10,0.4528554019,in_deg=1; out_deg=0; in=443476; out=0 KZT; tx=3/0; out/in=0; prev_day=0.000; depth=2; truncated=0; is_seed=0,2,False,1,0,443475.8000000000,0.0000000000,3,0,0.0006450107,0.0000000000,False,True,2,2,0,0.0000000000,0.0000000000,0.0000000000,0.8983540925,0.0000000000,0.0000000000,0.0000000000,0.7180417044,0.0000000000,0.2819582956,0.8378196501,0.7243158367,0.0000000000
100000006756956100,peripheral,1.0000000000,0,0.3593809871,in_deg=1; out_deg=0; in=121200; out=0 KZT; tx=9/0; role_score=1.000; depth=4; truncated=1; is_seed=0,4,False,1,0,121200.0000000000,0.0000000000,9,0,0.0003092336,0.0000000000,True,True,5,16,0,0.0000000000,0.0000000000,0.0000000000,0.4788701068,0.0000000000,0.0000000000,0.0000000000,0.0000000000,0.0000000000,1.0000000000,0.6144010767,0.8930013459,0.0000000000
100000006787636100,peripheral,0.6745240254,5,0.1849254120,in_deg=1; out_deg=0; in=20000; out=0 KZT; tx=1/0; role_score=0.675; depth=2; truncated=0; is_seed=0,2,False,1,0,20000.0000000000,0.0000000000,1,0,0.0003559829,0.0000000000,False,True,1,1,0,0.0000000000,0.0000000000,0.0000000000,0.6407918149,0.0000000000,0.0000000000,0.0000000000,0.3254759746,0.0000000000,0.6745240254,0.1976222521,0.2626738448,0.0000000000
100000006788200100,consolidator,0.7084250745,1,0.6789492629,in_deg=4; out_deg=3; in=272156; out=64500 KZT; tx=4/4; role_score=0.708; depth=1; truncated=0; is_seed=0,1,False,4,3,272155.8000000000,64500.0000000000,4,4,0.0003352685,0.2369966027,False,True,8,21,0,0.0000000000,0.0000968938,0.7404006678,0.5949733096,0.7084250745,0.4145803153,0.4175243584,0.6879482127,0.6967724603,0.2915749255,0.7925078511,0.8829071332,0.0000000000
100000006789108100,peripheral,0.6174070716,11,0.1593840704,in_deg=1; out_deg=0; in=37500; out=0 KZT; tx=1/0; role_score=0.617; depth=1; truncated=0; is_seed=0,1,False,1,0,37500.0000000000,0.0000000000,1,0,0.0002896931,0.0000000000,False,True,1,1,0,0.0000000000,0.0000000000,0.0000000000,0.2133007117,0.0000000000,0.0000000000,0.0000000000,0.3825929284,0.0000000000,0.6174070716,0.3519515478,0.2626738448,0.0000000000
100000006831291100,peripheral,1.0000000000,81,0.1427987332,in_deg=0; out_deg=1; in=0; out=15000 KZT; tx=0/3; role_score=1.000; depth=0; truncated=0; is_seed=1,0,True,0,1,0.0000000000,15000.0000000000,0,3,0.0002840373,-1.0000000000,False,False,3,8,0,0.0000000000,0.0000000000,0.0000000000,0.0093416370,0.0000000000,0.0000000000,0.0000000000,0.0000000000,0.0000000000,1.0000000000,0.1310004486,0.7243158367,0.0000000000
100000006844004100,peripheral,0.6691598670,0,0.2182075259,in_deg=1; out_deg=0; in=20600; out=0 KZT; tx=1/0; role_score=0.669; depth=3; truncated=0; is_seed=0,3,False,1,0,20600.0000000000,0.0000000000,1,0,0.0005421889,0.0000000000,False,True,1,1,0,0.0000000000,0.0000000000,0.0000000000,0.8387455516,0.0000000000,0.0000000000,0.0000000000,0.3308401330,0.0000000000,0.6691598670,0.2119784657,0.2626738448,0.0000000000
100000006844768100,coordinator,0.6881874224,0,0.7105181168,in_deg=1; out_deg=2; in=282000; out=188000 KZT; tx=5/5; bet_pct=0.568; pr_pct=0.970; depth=2; truncated=0; is_seed=0,2,False,1,2,282000.0000000000,188000.0000000000,5,5,0.0013732570,0.6666666667,False,True,9,30,1,0.2000000000,0.0000388368,0.5676126878,0.9695284698,0.0000000000,0.5208069164,0.5187319885,0.2406567946,0.6881874224,0.3118125776,0.8508299686,0.9042171377,0.1808434275
100000006852430100,peripheral,0.6184647930,11,0.2497012199,in_deg=1; out_deg=0; in=37000; out=0 KZT; tx=1/0; role_score=0.618; depth=2; truncated=0; is_seed=0,2,False,1,0,37000.0000000000,0.0000000000,1,0,0.0005330215,0.0000000000,False,True,1,1,0,0.0000000000,0.0000000000,0.0000000000,0.8213967972,0.0000000000,0.0000000000,0.0000000000,0.3815352070,0.0000000000,0.6184647930,0.3483624944,0.2626738448,0.0000000000
100000006866783100,coordinator,0.9785953680,0,0.9626594307,in_deg=13; out_deg=67; in=838812; out=3.94804e+06 KZT; tx=31/90; bet_pct=0.996; pr_pct=0.938; depth=0; truncated=0; is_seed=1,0,True,13,67,838812.0000000000,3948037.0000000000,31,90,0.0008647972,4.7067006671,False,True,16,18,68,0.7555555556,0.0060452253,0.9958263773,0.9383896797,0.5738723935,0.9622014089,0.9061734510,0.0000000000,0.9785953680,0.0214046320,0.9930462091,0.9979811575,0.7540302079
100000006866831100,peripheral,1.0000000000,0,0.1776869255,in_deg=1; out_deg=0; in=16500; out=0 KZT; tx=1/0; role_score=1.000; depth=4; truncated=1; is_seed=0,4,False,1,0,16500.0000000000,0.0000000000,1,0,0.0003655931,0.0000000000,True,True,1,1,0,0.0000000000,0.0000000000,0.0000000000,0.6616992883,0.0000000000,0.0000000000,0.0000000000,0.0000000000,0.0000000000,1.0000000000,0.1561238223,0.2626738448,0.0000000000
100000006882208100,peripheral,0.6834391055,16,0.2178986226,in_deg=1; out_deg=0; in=18000; out=0 KZT; tx=1/0; role_score=0.683; depth=3; truncated=0; is_seed=0,3,False,1,0,18000.0000000000,0.0000000000,1,0,0.0006353214,0.0000000000,False,True,1,1,0,0.0000000000,0.0000000000,0.0000000000,0.8961298932,0.0000000000,0.0000000000,0.0000000000,0.3165608945,0.0000000000,0.6834391055,0.1763122476,0.2626738448,0.0000000000
100000006888238100,peripheral,0.7131953686,50,0.3363700142,in_deg=1; out_deg=1; in=18000; out=30000 KZT; tx=1/1; role_score=0.713; depth=2; truncated=0; is_seed=0,2,False,1,1,18000.0000000000,30000.0000000000,1,1,0.0006050016,1.6666666667,False,True,2,6,0,0.0000000000,0.0000003963,0.0300500835,0.8858985765,0.0000000000,0.1788664745,0.0000000000,0.0000000000,0.2868046314,0.7131953686,0.4084791386,0.6056527591,0.0000000000
100000006889963100,consolidator,0.8668857661,10,0.7506909229,in_deg=4; out_deg=1; in=1.431e+06; out=443476 KZT; tx=6/3; role_score=0.867; depth=1; truncated=0; is_seed=0,1,False,4,1,1431000.0000000000,443475.8000000000,6,3,0.0004246746,0.3099062194,False,True,3,3,3,1.0000000000,0.0000251647,0.5058430718,0.7257562278,0.8668857661,0.4220845827,0.0000000000,0.6647027507,0.5718170186,0.1331142339,0.9661283087,0.8930013459,0.8930013459
100000006894637100,peripheral,0.5843910547,0,0.1767231857,in_deg=1; out_deg=0; in=52831; out=0 KZT; tx=1/0; role_score=0.584; depth=3; truncated=0; is_seed=0,3,False,1,0,52831.0000000000,0.0000000000,1,0,0.0002886868,0.0000000000,False,True,1,1,0,0.0000000000,0.0000000000,0.0000000000,0.1786032028,0.0000000000,0.0000000000,0.0000000000,0.4156089453,0.0000000000,0.5843910547,0.4421265141,0.2626738448,0.0000000000
100000006901046100,terminal,0.5678436757,16,0.4759564706,in_deg=1; out_deg=1; in=75800; out=5500 KZT; tx=3/1; out/in=0.0726; prev_day=1.000; depth=2; truncated=0; is_seed=0,2,False,1,1,75800.0000000000,5500.0000000000,3,1,0.0031855613,0.0725593668,False,True,3,5,1,1.0000000000,0.0000000000,0.0000000000,0.9975533808,0.0000000000,0.1128966338,0.0000000000,0.5678436757,0.0000000000,0.4321563243,0.5195154778,0.7857783760,0.7857783760
100000006903193100,peripheral,1.0000000000,0,0.1128424159,in_deg=1; out_deg=0; in=9000; out=0 KZT; tx=1/0; role_score=1.000; depth=4; truncated=1; is_seed=0,4,False,1,0,9000.0000000000,0.0000000000,1,0,0.0002999593,0.0000000000,True,True,1,1,0,0.0000000000,0.0000000000,0.0000000000,0.4032473310,0.0000000000,0.0000000000,0.0000000000,0.0000000000,0.0000000000,1.0000000000,0.0518169583,0.2626738448,0.0000000000
100000006912294100,peripheral,0.6563800833,4,0.3305829336,in_deg=1; out_deg=2; in=6335.09; out=30000 KZT; tx=1/2; role_score=0.656; depth=2; truncated=0; is_seed=0,2,False,1,2,6335.0900000000,30000.0000000000,1,2,0.0005094342,4.7355286192,False,True,3,24,0,0.0000000000,0.0000005944,0.0517529215,0.7826957295,0.0000000000,0.1818573608,0.3436199167,0.0000000000,0.2710357639,0.6563800833,0.3456707044,0.7243158367,0.0000000000
100000006918814100,peripheral,1.0000000000,2,0.2047441353,in_deg=1; out_deg=0; in=20000; out=0 KZT; tx=2/0; role_score=1.000; depth=4; truncated=1; is_seed=0,4,False,1,0,20000.0000000000,0.0000000000,2,0,0.0003026730,0.0000000000,True,True,2,8,0,0.0000000000,0.0000000000,0.0000000000,0.4299377224,0.0000000000,0.0000000000,0.0000000000,0.0000000000,0.0000000000,1.0000000000,0.1976222521,0.6056527591,0.0000000000
100000006919124100,peripheral,0.6523118767,0,0.1101889532,in_deg=1; out_deg=0; in=25000; out=0 KZT; tx=1/0; role_score=0.652; depth=3; truncated=0; is_seed=0,3,False,1,0,25000.0000000000,0.0000000000,1,0,0.0002854355,0.0000000000,False,True,1,1,0,0.0000000000,0.0000000000,0.0000000000,0.0487099644,0.0000000000,0.0000000000,0.0000000000,0.3476881233,0.0000000000,0.6523118767,0.2539255271,0.2626738448,0.0000000000
100000006952718100,peripheral,0.5635388335,16,0.2040270829,in_deg=1; out_deg=0; in=71489; out=0 KZT; tx=1/0; role_score=0.564; depth=1; truncated=0; is_seed=0,1,False,1,0,71489.0000000000,0.0000000000,1,0,0.0002916731,0.0000000000,False,True,1,1,0,0.0000000000,0.0000000000,0.0000000000,0.2626779359,0.0000000000,0.0000000000,0.0000000000,0.4364611665,0.0000000000,0.5635388335,0.5008972633,0.2626738448,0.0000000000
100000006965162100,peripheral,0.7238591720,15,0.1269947745,in_deg=1; out_deg=0; in=10000; out=0 KZT; tx=1/0; role_score=0.724; depth=3; truncated=0; is_seed=0,3,False,1,0,10000.0000000000,0.0000000000,1,0,0.0003075295,0.0000000000,False,True,1,1,0,0.0000000000,0.0000000000,0.0000000000,0.4661921708,0.0000000000,0.0000000000,0.0000000000,0.2761408280,0.0000000000,0.7238591720,0.0706594886,0.2626738448,0.0000000000
100000006967370100,peripheral,0.7181102178,28,0.3314451154,in_deg=1; out_deg=1; in=33225; out=13526.3 KZT; tx=1/1; role_score=0.718; depth=3; truncated=0; is_seed=0,3,False,1,1,33225.0000000000,13526.2700000000,1,1,0.0002920066,0.4071112114,False,True,1,1,0,0.0000000000,0.0000192202,0.2863105175,0.2715747331,0.0000000000,0.1350455803,0.0000000000,0.2215942004,0.2818897822,0.7181102178,0.3986092418,0.6056527591,0.0000000000
100000006972210100,consolidator,0.9171199758,4,0.4249482267,in_deg=3; out_deg=0; in=488775; out=0 KZT; tx=4/0; role_score=0.917; depth=1; truncated=0; is_seed=0,1,False,3,0,488775.0000000000,0.0000000000,4,0,0.0003443812,0.0000000000,False,True,4,13,0,0.0000000000,0.0000000000,0.0000000000,0.6194395018,0.9171199758,0.0000000000,0.0000000000,0.9171199758,0.0000000000,0.0828800242,0.8566621803,0.7857783760,0.0000000000
100000006977207100,distributor,0.9096571806,8,0.6650083012,in_deg=1; out_deg=15; in=414000; out=4.15702e+06 KZT; tx=1/15; role_score=0.910; depth=2; truncated=0; is_seed=0,2,False,1,15,414000.0000000000,4157018.0000000000,1,15,0.0003458854,10.0411062802,False,True,11,23,0,0.0000000000,0.0000327735,0.5200333890,0.6229982206,0.0000000000,0.3667168280,0.9096571806,0.0000000000,0.5509228385,0.0903428194,0.9917003140,0.9441453567,0.0000000000
100000006989106100,terminal,0.5641432457,1,0.3268039214,in_deg=1; out_deg=0; in=64000; out=0 KZT; tx=2/0; out/in=0; prev_day=0.000; depth=2; truncated=0; is_seed=0,2,False,1,0,64000.0000000000,0.0000000000,2,0,0.0004927308,0.0000000000,False,True,2,3,0,0.0000000000,0.0000000000,0.0000000000,0.7733540925,0.0000000000,0.0000000000,0.0000000000,0.5641432457,0.0000000000,0.4358567543,0.4798115747,0.6056527591,0.0000000000
100000006989232100,peripheral,0.6649289816,0,0.1047961131,in_deg=1; out_deg=0; in=22194; out=0 KZT; tx=1/0; role_score=0.665; depth=3; truncated=0; is_seed=0,3,False,1,0,22194.0000000000,0.0000000000,1,0,0.0002859905,0.0000000000,False,True,1,1,0,0.0000000000,0.0000000000,0.0000000000,0.0647241993,0.0000000000,0.0000000000,0.0000000000,0.3350710184,0.0000000000,0.6649289816,0.2227456258,0.2626738448,0.0000000000
100000006994985100,coordinator,0.5001527234,1,0.5626044012,in_deg=1; out_deg=1; in=48500; out=10200 KZT; tx=2/2; bet_pct=0.382; pr_pct=0.775; depth=2; truncated=0; is_seed=0,2,False,1,1,48500.0000000000,10200.0000000000,2,2,0.0004983233,0.2103092784,False,True,4,5,2,1.0000000000,0.0000196165,0.3823038397,0.7751334520,0.0000000000,0.2014152975,0.0000000000,0.4256311279,0.5001527234,0.4998472766,0.4643337820,0.7857783760,0.7857783760
100000007005380100,peripheral,0.7306588093,10,0.1158962046,in_deg=1; out_deg=0; in=9400; out=0 KZT; tx=1/0; role_score=0.731; depth=3; truncated=0; is_seed=0,3,False,1,0,9400.0000000000,0.0000000000,1,0,0.0003014415,0.0000000000,False,True,1,1,0,0.0000000000,0.0000000000,0.0000000000,0.4183718861,0.0000000000,0.0000000000,0.0000000000,0.2693411907,0.0000000000,0.7306588093,0.0549573800,0.2626738448,0.0000000000
100000007018630100,peripheral,1.0000000000,37,0.3018050141,in_deg=0; out_deg=1; in=0; out=200000 KZT; tx=0/5; role_score=1.000; depth=0; truncated=0; is_seed=1,0,True,0,1,0.0000000000,200000.0000000000,0,5,0.0002840373,-1.0000000000,False,False,3,3,0,0.0000000000,0.0000000000,0.0000000000,0.0093416370,0.0000000000,0.0000000000,0.0000000000,0.0000000000,0.0000000000,1.0000000000,0.7079407806,0.8227904890,0.0000000000
100000007020162100,peripheral,0.5517527954,40,0.2449643040,in_deg=1; out_deg=0; in=86395; out=0 KZT; tx=1/0; role_score=0.552; depth=3; truncated=0; is_seed=0,3,False,1,0,86395.0000000000,0.0000000000,1,0,0.0003083734,0.0000000000,False,True,1,1,0,0.0000000000,0.0000000000,0.0000000000,0.4735320285,0.0000000000,0.0000000000,0.0000000000,0.4482472046,0.0000000000,0.5517527954,0.5381336922,0.2626738448,0.0000000000
100000007022818100,peripheral,0.6886521608,22,0.0940296115,in_deg=1; out_deg=0; in=17200; out=0 KZT; tx=1/0; role_score=0.689; depth=3; truncated=0; is_seed=0,3,False,1,0,17200.0000000000,0.0000000000,1,0,0.0002867022,0.0000000000,False,True,1,1,0,0.0000000000,0.0000000000,0.0000000000,0.0905249110,0.0000000000,0.0000000000,0.0000000000,0.3113478392,0.0000000000,0.6886521608,0.1641991925,0.2626738448,0.0000000000
100000007034089100,consolidator,0.7914777879,4,0.3487589237,in_deg=2; out_deg=0; in=198000; out=0 KZT; tx=2/0; role_score=0.791; depth=4; truncated=1; is_seed=0,4,False,2,0,198000.0000000000,0.0000000000,2,0,0.0003193573,0.0000000000,True,True,1,1,0,0.0000000000,0.0000000000,0.0000000000,0.5495996441,0.7914777879,0.0000000000,0.0000000000,0.0000000000,0.0000000000,0.2085222121,0.7018842530,0.6056527591,0.0000000000
100000007042175100,peripheral,1.0000000000,0,0.2794954820,in_deg=1; out_deg=0; in=60000; out=0 KZT; tx=1/0; role_score=1.000; depth=4; truncated=1; is_seed=0,4,False,1,0,60000.0000000000,0.0000000000,1,0,0.0005308409,0.0000000000,True,True,1,1,0,0.0000000000,0.0000000000,0.0000000000,0.8173932384,0.0000000000,0.0000000000,0.0000000000,0.0000000000,0.0000000000,1.0000000000,0.4699416779,0.2626738448,0.0000000000
100000007055802100,consolidator,0.9215559297,0,0.6852606998,in_deg=6; out_deg=1; in=2.025e+06; out=605000 KZT; tx=34/7; role_score=0.922; depth=1; truncated=0; is_seed=0,1,False,6,1,2024999.0000000000,605000.0000000000,34,7,0.0011709474,0.2987655796,False,True,10,12,6,0.8571428571,0.0000043592,0.1803005008,0.9615213523,0.9215559297,0.4873332911,0.0000000000,0.6959364873,0.4146667563,0.0784440703,0.9804845222,0.9876626290,0.8465679677
100000007071852100,peripheral,1.0000000000,8,0.3256223517,in_deg=1; out_deg=0; in=195000; out=0 KZT; tx=1/0; role_score=1.000; depth=4; truncated=1; is_seed=0,4,False,1,0,195000.0000000000,0.0000000000,1,0,0.0004409330,0.0000000000,True,True,1,1,0,0.0000000000,0.0000000000,0.0000000000,0.7413256228,0.0000000000,0.0000000000,0.0000000000,0.0000000000,0.0000000000,1.0000000000,0.7000897263,0.2626738448,0.0000000000
100000007129492100,consolidator,0.5833837010,11,0.4647044262,in_deg=2; out_deg=1; in=50990; out=37000 KZT; tx=2/1; role_score=0.583; depth=1; truncated=0; is_seed=0,1,False,2,1,50990.0000000000,37000.0000000000,2,1,0.0002929226,0.7256324770,False,True,2,2,0,0.0000000000,0.0000251647,0.5058430718,0.2920373665,0.5833837010,0.1952730885,0.0000000000,0.1920738492,0.4417013602,0.4166162990,0.5408254823,0.7243158367,0.0000000000
100000007131370100,peripheral,0.7987752161,3,0.3500926750,in_deg=1; out_deg=1; in=30000; out=30000 KZT; tx=1/1; role_score=0.799; depth=3; truncated=0; is_seed=0,3,False,1,1,30000.0000000000,30000.0000000000,1,1,0.0008923600,1.0000000000,False,True,2,6,0,0.0000000000,0.0000000000,0.0000000000,0.9450622776,0.0000000000,0.2012247839,0.0000000000,0.0000000000,0.0000000000,0.7987752161,0.4699416779,0.6056527591,0.0000000000
100000007138613100,terminal,0.7546483793,0,0.6514668470,in_deg=3; out_deg=2; in=1.002e+06; out=179000 KZT; tx=3/2; out/in=0.179; prev_day=0.000; depth=3; truncated=0; is_seed=0,3,False,3,2,1002000.0000000000,179000.0000000000,3,2,0.0003521481,0.1786427146,False,True,5,29,0,0.0000000000,0.0000388368,0.5676126878,0.6327846975,0.7350256875,0.3656811257,0.3684918348,0.7546483793,0.5871642907,0.2453516207,0.9378645132,0.8227904890,0.0000000000
100000007140834100,peripheral,0.5822756120,1,0.2491690685,in_deg=1; out_deg=0; in=10200; out=0 KZT; tx=2/0; role_score=0.582; depth=3; truncated=0; is_seed=0,3,False,1,0,10200.0000000000,0.0000000000,2,0,0.0007076121,0.0000000000,False,True,2,4,0,0.0000000000,0.0000000000,0.0000000000,0.9130338078,0.0000000000,0.0000000000,0.0000000000,0.4177243880,0.0000000000,0.5822756120,0.0854643338,0.6056527591,0.0000000000
100000007153161100,peripheral,1.0000000000,0,0.2564988778,in_deg=1; out_deg=0; in=44997; out=0 KZT; tx=1/0; role_score=1.000; depth=4; truncated=1; is_seed=0,4,False,1,0,44997.0000000000,0.0000000000,1,0,0.0005278078,0.0000000000,True,True,1,1,0,0.0000000000,0.0000000000,0.0000000000,0.8031583630,0.0000000000,0.0000000000,0.0000000000,0.0000000000,0.0000000000,1.0000000000,0.3864961866,0.2626738448,0.0000000000
100000007170072100,distributor,0.5237351905,8,0.5705426919,in_deg=1; out_deg=2; in=100000; out=99500 KZT; tx=1/9; role_score=0.524; depth=3; truncated=0; is_seed=0,3,False,1,2,100000.0000000000,99500.0000000000,1,9,0.0003059556,0.9950000000,False,True,2,3,0,0.0000000000,0.0000384405,0.5442404007,0.4559608541,0.0000000000,0.4142697001,0.5237351905,0.0023046993,0.5177565367,0.4762648095,0.7041274114,0.9042171377,0.0000000000
100000007173936100,peripheral,0.7238591720,33,0.0634382798,in_deg=1; out_deg=0; in=10000; out=0 KZT; tx=1/0; role_score=0.724; depth=2; truncated=0; is_seed=0,2,False,1,0,10000.0000000000,0.0000000000,1,0,0.0002852752,0.0000000000,False,True,1,1,0,0.0000000000,0.0000000000,0.0000000000,0.0424822064,0.0000000000,0.0000000000,0.0000000000,0.2761408280,0.0000000000,0.7238591720,0.0706594886,0.2626738448,0.0000000000
100000007175718100,peripheral,0.6745240254,52,0.1518626896,in_deg=1; out_deg=0; in=20000; out=0 KZT; tx=1/0; role_score=0.675; depth=1; truncated=0; is_seed=0,1,False,1,0,20000.0000000000,0.0000000000,1,0,0.0003015396,0.0000000000,False,True,1,1,0,0.0000000000,0.0000000000,0.0000000000,0.4203736655,0.0000000000,0.0000000000,0.0000000000,0.3254759746,0.0000000000,0.6745240254,0.1976222521,0.2626738448,0.0000000000
100000007181706100,consolidator,0.7837715322,2,0.3417796079,in_deg=2; out_deg=0; in=176272; out=0 KZT; tx=2/0; role_score=0.784; depth=1; truncated=0; is_seed=0,1,False,2,0,176272.0000000000,0.0000000000,2,0,0.0003172641,0.0000000000,False,True,1,1,0,0.0000000000,0.0000000000,0.0000000000,0.5344750890,0.7837715322,0.0000000000,0.0000000000,0.7837715322,0.0000000000,0.2162284678,0.6830417227,0.6056527591,0.0000000000
100000007197866100,peripheral,0.7530746306,8,0.2987655111,in_deg=1; out_deg=1; in=20000; out=15000 KZT; tx=1/1; role_score=0.753; depth=3; truncated=0; is_seed=0,3,False,1,1,20000.0000000000,15000.0000000000,1,1,0.0002880744,0.7500000000,False,True,1,1,0,0.0000000000,0.0000192202,0.2863105175,0.1550266904,0.0000000000,0.1548691162,0.0000000000,0.0813689937,0.2469253694,0.7530746306,0.3378196501,0.6056527591,0.0000000000
100000007229557100,consolidator,0.9169688728,35,0.4420531475,in_deg=3; out_deg=0; in=878000; out=0 KZT; tx=3/0; role_score=0.917; depth=3; truncated=0; is_seed=0,3,False,3,0,878000.0000000000,0.0000000000,3,0,0.0003919496,0.0000000000,False,True,1,1,0,0.0000000000,0.0000000000,0.0000000000,0.6977313167,0.9169688728,0.0000000000,0.0000000000,0.9169688728,0.0000000000,0.0830311272,0.9149842979,0.7243158367,0.0000000000
100000007242833100,coordinator,0.5197666707,7,0.6290511236,in_deg=1; out_deg=1; in=107500; out=45000 KZT; tx=3/2; bet_pct=0.407; pr_pct=0.784; depth=2; truncated=0; is_seed=0,2,False,1,1,107500.0000000000,45000.0000000000,3,2,0.0005106788,0.4186046512,False,True,2,2,2,1.0000000000,0.0000198147,0.4065108514,0.7840302491,0.0000000000,0.2768790631,0.0000000000,0.3714763120,0.5197666707,0.4802333293,0.6538806640,0.8227904890,0.8227904890
100000007267915100,consolidator,0.5462375340,28,0.2760416087,in_deg=2; out_deg=1; in=21000; out=10000 KZT; tx=3/1; role_score=0.546; depth=3; truncated=0; is_seed=0,3,False,2,1,21000.0000000000,10000.0000000000,3,1,0.0002898199,0.4761904762,False,True,4,15,0,0.0000000000,0.0000016730,0.1343906511,0.2186387900,0.5462375340,0.1272511550,0.0000000000,0.3433493071,0.1596650928,0.4537624660,0.3133692239,0.7857783760,0.0000000000
100000007274584100,peripheral,0.6165004533,2,0.1673088556,in_deg=1; out_deg=0; in=38000; out=0 KZT; tx=1/0; role_score=0.617; depth=1; truncated=0; is_seed=0,1,False,1,0,38000.0000000000,0.0000000000,1,0,0.0002915847,0.0000000000,False,True,1,1,0,0.0000000000,0.0000000000,0.0000000000,0.2608985765,0.0000000000,0.0000000000,0.0000000000,0.3834995467,0.0000000000,0.6165004533,0.3550919695,0.2626738448,0.0000000000
100000007281639100,consolidator,0.8504079782,16,0.3815560145,in_deg=2; out_deg=0; in=216770; out=0 KZT; tx=4/0; role_score=0.850; depth=1; truncated=0; is_seed=0,1,False,2,0,216770.0000000000,0.0000000000,4,0,0.0003217638,0.0000000000,False,True,4,26,0,0.0000000000,0.0000000000,0.0000000000,0.5567170819,0.8504079782,0.0000000000,0.0000000000,0.8504079782,0.0000000000,0.1495920218,0.7207267833,0.7857783760,0.0000000000
100000007283257100,terminal,0.7076911454,71,0.4078799270,in_deg=1; out_deg=0; in=192000; out=0 KZT; tx=7/0; out/in=0; prev_day=0.000; depth=1; truncated=0; is_seed=0,1,False,1,0,192000.0000000000,0.0000000000,7,0,0.0003868617,0.0000000000,False,True,2,3,0,0.0000000000,0.0000000000,0.0000000000,0.6879448399,0.0000000000,0.0000000000,0.0000000000,0.7076911454,0.0000000000,0.2923088546,0.6976222521,0.8685509197,0.0000000000
100000007289427100,peripheral,0.7116198247,2,0.1648150183,in_deg=1; out_deg=0; in=12300; out=0 KZT; tx=1/0; role_score=0.712; depth=2; truncated=0; is_seed=0,2,False,1,0,12300.0000000000,0.0000000000,1,0,0.0003715157,0.0000000000,False,True,1,1,0,0.0000000000,0.0000000000,0.0000000000,0.6674822064,0.0000000000,0.0000000000,0.0000000000,0.2883801753,0.0000000000,0.7116198247,0.1011664424,0.2626738448,0.0000000000
100000007303047100,peripheral,0.5849954669,22,0.1910209953,in_deg=1; out_deg=0; in=52250; out=0 KZT; tx=1/0; role_score=0.585; depth=3; truncated=0; is_seed=0,3,False,1,0,52250.0000000000,0.0000000000,1,0,0.0002921326,0.0000000000,False,True,1,1,0,0.0000000000,0.0000000000,0.0000000000,0.2769128114,0.0000000000,0.0000000000,0.0000000000,0.4150045331,0.0000000000,0.5849954669,0.4403319874,0.2626738448,0.0000000000
100000007311010100,consolidator,0.5968570565,2,0.4846835590,in_deg=2; out_deg=1; in=64480; out=20000 KZT; tx=2/1; role_score=0.597; depth=1; truncated=0; is_seed=0,1,False,2,1,64480.0000000000,20000.0000000000,2,1,0.0003076428,0.3101736973,False,True,3,20,0,0.0000000000,0.0000239758,0.4949916528,0.4677491103,0.5968570565,0.1443205736,0.0000000000,0.4940732359,0.4868188900,0.4031429435,0.5305069538,0.7243158367,0.0000000000
100000007322059100,coordinator,0.6867664598,41,0.5704917988,in_deg=2; out_deg=1; in=29000; out=22500 KZT; tx=2/2; bet_pct=0.593; pr_pct=0.906; depth=2; truncated=0; is_seed=0,2,False,2,1,29000.0000000000,22500.0000000000,2,2,0.0006748243,0.7758620690,False,True,3,14,0,0.0000000000,0.0000400257,0.5926544240,0.9063612100,0.5406341291,0.2397721438,0.0000000000,0.1454119382,0.6867664598,0.3132335402,0.4369672499,0.7857783760,0.0000000000
100000007330432100,peripheral,1.0000000000,51,0.3833877708,in_deg=1; out_deg=0; in=584900; out=0 KZT; tx=1/0; role_score=1.000; depth=4; truncated=1; is_seed=0,4,False,1,0,584900.0000000000,0.0000000000,1,0,0.0005349513,0.0000000000,True,True,1,1,0,0.0000000000,0.0000000000,0.0000000000,0.8258451957,0.0000000000,0.0000000000,0.0000000000,0.0000000000,0.0000000000,1.0000000000,0.8804396590,0.2626738448,0.0000000000
100000007333038100,peripheral,0.6513768812,24,0.3203752249,in_deg=1; out_deg=2; in=17500; out=34994 KZT; tx=1/2; role_score=0.651; depth=3; truncated=0; is_seed=0,3,False,1,2,17500.0000000000,34994.0000000000,1,2,0.0002980641,1.9996571429,False,True,2,25,0,0.0000000000,0.0000015852,0.1285475793,0.3754448399,0.0000000000,0.2422966672,0.3486231188,0.0000000000,0.2026167575,0.6513768812,0.4416778825,0.7243158367,0.0000000000
100000007334196100,peripheral,0.5124660018,11,0.2711354562,in_deg=1; out_deg=0; in=150002; out=0 KZT; tx=1/0; role_score=0.512; depth=1; truncated=0; is_seed=0,1,False,1,0,150002.0000000000,0.0000000000,1,0,0.0003066610,0.0000000000,False,True,1,1,0,0.0000000000,0.0000000000,0.0000000000,0.4610765125,0.0000000000,0.0000000000,0.0000000000,0.4875339982,0.0000000000,0.5124660018,0.6502916106,0.2626738448,0.0000000000
100000007337374100,peripheral,0.5386068299,22,0.1765190463,in_deg=1; out_deg=0; in=20000; out=0 KZT; tx=2/0; role_score=0.539; depth=2; truncated=0; is_seed=0,2,False,1,0,20000.0000000000,0.0000000000,2,0,0.0002907787,0.0000000000,False,True,2,15,0,0.0000000000,0.0000000000,0.0000000000,0.2417704626,0.0000000000,0.0000000000,0.0000000000,0.4613931701,0.0000000000,0.5386068299,0.1976222521,0.6056527591,0.0000000000
100000007347733100,peripheral,0.6626624358,81,0.1894188733,in_deg=1; out_deg=0; in=23007; out=0 KZT; tx=1/0; role_score=0.663; depth=1; truncated=0; is_seed=0,1,False,1,0,23007.0000000000,0.0000000000,1,0,0.0003437599,0.0000000000,False,True,1,1,0,0.0000000000,0.0000000000,0.0000000000,0.6176601423,0.0000000000,0.0000000000,0.0000000000,0.3373375642,0.0000000000,0.6626624358,0.2294751009,0.2626738448,0.0000000000
100000007357489100,consolidator,0.7793895437,4,0.3323186684,in_deg=2; out_deg=0; in=164500; out=0 KZT; tx=2/0; role_score=0.779; depth=4; truncated=1; is_seed=0,4,False,2,0,164500.0000000000,0.0000000000,2,0,0.0003112497,0.0000000000,True,True,1,1,0,0.0000000000,0.0000000000,0.0000000000,0.4953291815,0.7793895437,0.0000000000,0.0000000000,0.0000000000,0.0000000000,0.2206104563,0.6686855092,0.6056527591,0.0000000000
100000007381662100,peripheral,1.0000000000,0,0.1119452923,in_deg=1; out_deg=0; in=11000; out=0 KZT; tx=1/0; role_score=1.000; depth=4; truncated=1; is_seed=0,4,False,1,0,11000.0000000000,0.0000000000,1,0,0.0002952282,0.0000000000,True,True,1,1,0,0.0000000000,0.0000000000,0.0000000000,0.3329626335,0.0000000000,0.0000000000,0.0000000000,0.0000000000,0.0000000000,1.0000000000,0.0903992822,0.2626738448,0.0000000000
100000007382152100,peripheral,0.7439558779,0,0.0506849466,in_deg=1; out_deg=0; in=5860; out=0 KZT; tx=1/0; role_score=0.744; depth=2; truncated=0; is_seed=0,2,False,1,0,5860.0000000000,0.0000000000,1,0,0.0002849427,0.0000000000,False,True,1,1,0,0.0000000000,0.0000000000,0.0000000000,0.0344750890,0.0000000000,0.0000000000,0.0000000000,0.2560441221,0.0000000000,0.7439558779,0.0244504262,0.2626738448,0.0000000000
100000007382543100,coordinator,0.8828302583,15,0.8012513786,in_deg=3; out_deg=5; in=218000; out=427000 KZT; tx=3/8; bet_pct=0.849; pr_pct=0.962; depth=2; truncated=0; is_seed=0,2,False,3,5,218000.0000000000,427000.0000000000,3,8,0.0011801388,1.9587155963,False,True,9,24,0,0.0000000000,0.0002444771,0.8489148581,0.9619661922,0.5922909112,0.6155340636,0.6431316042,0.0000000000,0.8828302583,0.1171697417,0.8907581875,0.9143113504,0.0000000000
100000007390016100,transit,0.5130191268,82,0.5363674723,in_deg=1; out_deg=1; in=511000; out=346500 KZT; tx=13/14; out/in=0.678; prev_day=0.143; depth=3; truncated=0; is_seed=0,3,False,1,1,511000.0000000000,346500.0000000000,13,14,0.0019379855,0.6780821918,False,True,7,15,2,0.1428571429,0.0000000000,0.0000000000,0.9828736655,0.0000000000,0.5130191268,0.0000000000,0.2482726644,0.0000000000,0.4869808732,0.9136384029,0.9771197847,0.1395885407
100000007392365100,distributor,0.8039145053,62,0.6454323102,in_deg=1; out_deg=6; in=9613; out=1.7656e+06 KZT; tx=1/9; role_score=0.804; depth=3; truncated=0; is_seed=0,3,False,1,6,9613.0000000000,1765600.0000000000,1,9,0.0002845749,183.6679496515,False,True,9,31,0,0.0000000000,0.0001153215,0.7612687813,0.0211298932,0.0000000000,0.1759305015,0.8039145053,0.0000000000,0.5392271149,0.1960854947,0.9607447286,0.9042171377,0.0000000000
100000007442518100,coordinator,0.8659504052,33,0.8418842799,in_deg=5; out_deg=9; in=510000; out=4.42e+06 KZT; tx=8/12; bet_pct=0.852; pr_pct=0.898; depth=1; truncated=0; is_seed=0,1,False,5,9,510000.0000000000,4419999.0000000000,8,12,0.0006437087,8.6666647059,False,True,13,21,2,0.1666666667,0.0002522409,0.8522537563,0.8979092527,0.6491953762,0.6358831250,0.7510034994,0.0000000000,0.8659504052,0.1340495948,0.9943921041,0.9618663078,0.1603110513
100000007472293100,distributor,0.5740874159,57,0.5417691648,in_deg=1; out_deg=3; in=5000; out=345900 KZT; tx=1/3; role_score=0.574; depth=3; truncated=0; is_seed=0,3,False,1,3,5000.0000000000,345900.0000000000,1,3,0.0002847958,69.1800000000,False,True,2,5,0,0.0000000000,0.0000480341,0.6268781302,0.0282473310,0.0000000000,0.1619713763,0.5740874159,0.0000000000,0.4472888904,0.4259125841,0.8010318528,0.7857783760,0.0000000000
100000007484343100,consolidator,0.6441523119,0,0.1797320913,in_deg=2; out_deg=0; in=26757; out=0 KZT; tx=2/0; role_score=0.644; depth=3; truncated=0; is_seed=0,3,False,2,0,26757.0000000000,0.0000000000,2,0,0.0002875733,0.0000000000,False,True,1,1,0,0.0000000000,0.0000000000,0.0000000000,0.1323398577,0.6441523119,0.0000000000,0.0000000000,0.6441523119,0.0000000000,0.3558476881,0.2761327950,0.6056527591,0.0000000000
100000007487729100,peripheral,0.6523118767,0,0.1454869959,in_deg=1; out_deg=0; in=25000; out=0 KZT; tx=1/0; role_score=0.652; depth=3; truncated=0; is_seed=0,3,False,1,0,25000.0000000000,0.0000000000,1,0,0.0002925244,0.0000000000,False,True,1,1,0,0.0000000000,0.0000000000,0.0000000000,0.2840302491,0.0000000000,0.0000000000,0.0000000000,0.3476881233,0.0000000000,0.6523118767,0.2539255271,0.2626738448,0.0000000000
100000007507343100,terminal,0.5383046238,55,0.3764551342,in_deg=1; out_deg=0; in=370000; out=0 KZT; tx=1/0; out/in=0; prev_day=0.000; depth=1; truncated=0; is_seed=0,1,False,1,0,370000.0000000000,0.0000000000,1,0,0.0006410129,0.0000000000,False,True,1,1,0,0.0000000000,0.0000000000,0.0000000000,0.8970195730,0.0000000000,0.0000000000,0.0000000000,0.5383046238,0.0000000000,0.4616953762,0.8100044863,0.2626738448,0.0000000000
100000007510567100,peripheral,1.0000000000,18,0.2141372811,in_deg=1; out_deg=0; in=52000; out=0 KZT; tx=1/0; role_score=1.000; depth=4; truncated=1; is_seed=0,4,False,1,0,52000.0000000000,0.0000000000,1,0,0.0003033546,0.0000000000,True,True,1,1,0,0.0000000000,0.0000000000,0.0000000000,0.4343861210,0.0000000000,0.0000000000,0.0000000000,0.0000000000,0.0000000000,1.0000000000,0.4383131449,0.2626738448,0.0000000000
100000007510875100,peripheral,0.7521909943,4,0.1375706325,in_deg=1; out_deg=0; in=5000; out=0 KZT; tx=1/0; role_score=0.752; depth=3; truncated=0; is_seed=0,3,False,1,0,5000.0000000000,0.0000000000,1,0,0.0003562071,0.0000000000,False,True,1,1,0,0.0000000000,0.0000000000,0.0000000000,0.6421263345,0.0000000000,0.0000000000,0.0000000000,0.2478090057,0.0000000000,0.7521909943,0.0074024226,0.2626738448,0.0000000000
100000007511163100,coordinator,0.7367037069,16,0.6518758553,in_deg=2; out_deg=3; in=63666; out=82052 KZT; tx=2/3; bet_pct=0.794; pr_pct=0.603; depth=1; truncated=0; is_seed=0,1,False,2,3,63666.0000000000,82052.0000000000,2,3,0.0003376648,1.2887883643,False,True,3,5,0,0.0000000000,0.0001364571,0.7938230384,0.6034252669,0.5007252947,0.4827958453,0.4576368876,0.0000000000,0.7367037069,0.2632962931,0.6404217138,0.8227904890,0.0000000000
100000007511780100,peripheral,1.0000000000,0,0.3846999486,in_deg=1; out_deg=0; in=155000; out=0 KZT; tx=2/0; role_score=1.000; depth=4; truncated=1; is_seed=0,4,False,1,0,155000.0000000000,0.0000000000,2,0,0.0005564054,0.0000000000,True,True,2,27,0,0.0000000000,0.0000000000,0.0000000000,0.8609875445,0.0000000000,0.0000000000,0.0000000000,0.0000000000,0.0000000000,1.0000000000,0.6588156124,0.6056527591,0.0000000000
100000007534354100,distributor,0.5291186359,18,0.4109640224,in_deg=1; out_deg=3; in=50000; out=147810 KZT; tx=1/3; role_score=0.529; depth=2; truncated=0; is_seed=0,2,False,1,3,50000.0000000000,147810.0000000000,1,3,0.0003018984,2.9562000000,False,True,3,9,0,0.0000000000,0.0000023778,0.1544240401,0.4245996441,0.0000000000,0.3001872511,0.5291186359,0.0000000000,0.2354767213,0.4708813641,0.7014356214,0.7857783760,0.0000000000
100000007536804100,peripheral,0.6227585655,1,0.3294364316,in_deg=1; out_deg=2; in=100000; out=55000 KZT; tx=1/2; role_score=0.623; depth=1; truncated=0; is_seed=0,1,False,1,2,100000.0000000000,55000.0000000000,1,2,0.0002897341,0.5500000000,False,True,3,5,0,0.0000000000,0.0000007926,0.0684474124,0.2141903915,0.0000000000,0.3564931556,0.3772414345,0.2074229374,0.1121703061,0.6227585655,0.6588156124,0.7243158367,0.0000000000
100000007539296100,peripheral,1.0000000000,10,0.3182279318,in_deg=1; out_deg=0; in=46000; out=0 KZT; tx=2/0; role_score=1.000; depth=4; truncated=1; is_seed=0,4,False,1,0,46000.0000000000,0.0000000000,2,0,0.0005539623,0.0000000000,True,True,2,9,0,0.0000000000,0.0000000000,0.0000000000,0.8578736655,0.0000000000,0.0000000000,0.0000000000,0.0000000000,0.0000000000,1.0000000000,0.3947958726,0.6056527591,0.0000000000
100000007544358100,consolidator,0.6828598771,16,0.5713893996,in_deg=2; out_deg=1; in=322500; out=350000 KZT; tx=2/3; role_score=0.683; depth=1; truncated=0; is_seed=0,1,False,2,1,322500.0000000000,350000.0000000000,2,3,0.0003386625,1.0852713178,False,True,4,18,0,0.0000000000,0.0000196165,0.3823038397,0.6060943060,0.6828598771,0.4376415191,0.0000000000,0.0000000000,0.4494409796,0.3171401229,0.8930013459,0.8227904890,0.0000000000
100000007591246100,peripheral,0.8058415574,12,0.3298048624,in_deg=1; out_deg=1; in=12190; out=120000 KZT; tx=1/1; role_score=0.806; depth=3; truncated=0; is_seed=0,3,False,1,1,12190.0000000000,120000.0000000000,1,1,0.0002962717,9.8441345365,False,True,2,7,0,0.0000000000,0.0000010238,0.0876460768,0.3480871886,0.0000000000,0.1941584426,0.0000000000,0.0000000000,0.1657784103,0.8058415574,0.6242709735,0.6056527591,0.0000000000
100000007593823100,distributor,0.7434558117,0,0.6875264645,in_deg=3; out_deg=13; in=25000; out=162900 KZT; tx=3/21; role_score=0.743; depth=3; truncated=0; is_seed=0,3,False,3,13,25000.0000000000,162900.0000000000,3,21,0.0002890210,6.5160000000,False,True,13,27,4,0.1904761905,0.0006813203,0.9190317195,0.1906138790,0.4145842777,0.4939503475,0.7434558117,0.0000000000,0.7005063674,0.2565441883,0.6920143562,0.9717362046,0.1850926104
100000007594394100,consolidator,0.8718160428,43,0.7061360086,in_deg=6; out_deg=1; in=395385; out=3.37631e+06 KZT; tx=6/40; role_score=0.872; depth=2; truncated=0; is_seed=0,2,False,6,1,395385.0000000000,3376312.0000000000,6,40,0.0004031528,8.5393021991,False,True,19,21,8,0.2000000000,0.0000361995,0.5267111853,0.7110765125,0.8718160428,0.5064883797,0.0000000000,0.0000000000,0.5820207835,0.1281839572,0.9872139973,0.9901301032,0.1980260206
100000007597382100,peripheral,0.6949984890,10,0.0788777852,in_deg=1; out_deg=0; in=15700; out=0 KZT; tx=1/0; role_score=0.695; depth=3; truncated=0; is_seed=0,3,False,1,0,15700.0000000000,0.0000000000,1,0,0.0002845419,0.0000000000,False,True,1,1,0,0.0000000000,0.0000000000,0.0000000000,0.0197953737,0.0000000000,0.0000000000,0.0000000000,0.3050015110,0.0000000000,0.6949984890,0.1460296097,0.2626738448,0.0000000000
100000007617808100,terminal,0.5468419462,16,0.3470865833,in_deg=1; out_deg=0; in=450000; out=0 KZT; tx=1/0; out/in=0; prev_day=0.000; depth=2; truncated=0; is_seed=0,2,False,1,0,450000.0000000000,0.0000000000,1,0,0.0003580633,0.0000000000,False,True,1,1,0,0.0000000000,0.0000000000,0.0000000000,0.6470195730,0.0000000000,0.0000000000,0.0000000000,0.5468419462,0.0000000000,0.4531580538,0.8425302826,0.2626738448,0.0000000000
100000007618425100,peripheral,0.6149138713,28,0.1748148347,in_deg=1; out_deg=0; in=39348; out=0 KZT; tx=1/0; role_score=0.615; depth=3; truncated=0; is_seed=0,3,False,1,0,39348.0000000000,0.0000000000,1,0,0.0002934753,0.0000000000,False,True,1,1,0,0.0000000000,0.0000000000,0.0000000000,0.3027135231,0.0000000000,0.0000000000,0.0000000000,0.3850861287,0.0000000000,0.6149138713,0.3600269179,0.2626738448,0.0000000000
100000007629096100,consolidator,0.8592701723,0,0.6356077172,in_deg=4; out_deg=1; in=1.07517e+06; out=765205 KZT; tx=5/5; role_score=0.859; depth=2; truncated=0; is_seed=0,2,False,4,1,1075170.0000000000,765205.0000000000,5,5,0.0025321466,0.7117060558,False,True,7,30,2,0.4000000000,0.0000152573,0.2111853088,0.9935498221,0.8592701723,0.5069157738,0.0000000000,0.2752470968,0.4458946628,0.1407298277,0.9634365186,0.9042171377,0.3616868551
100000007629121100,peripheral,0.6387126020,2,0.2172622661,in_deg=1; out_deg=0; in=29000; out=0 KZT; tx=1/0; role_score=0.639; depth=2; truncated=0; is_seed=0,2,False,1,0,29000.0000000000,0.0000000000,1,0,0.0003937180,0.0000000000,False,True,1,1,0,0.0000000000,0.0000000000,0.0000000000,0.7008451957,0.0000000000,0.0000000000,0.0000000000,0.3612873980,0.0000000000,0.6387126020,0.2909376402,0.2626738448,0.0000000000
100000007631637100,peripheral,0.6972650348,22,0.0918296998,in_deg=1; out_deg=0; in=15341; out=0 KZT; tx=1/0; role_score=0.697; depth=1; truncated=0; is_seed=0,1,False,1,0,15341.0000000000,0.0000000000,1,0,0.0002872329,0.0000000000,False,True,1,1,0,0.0000000000,0.0000000000,0.0000000000,0.1181049822,0.0000000000,0.0000000000,0.0000000000,0.3027349652,0.0000000000,0.6972650348,0.1388515029,0.2626738448,0.0000000000
100000007639767100,coordinator,0.8033620313,0,0.7740453046,in_deg=4; out_deg=10; in=90913; out=822244 KZT; tx=4/13; bet_pct=0.976; pr_pct=0.401; depth=1; truncated=0; is_seed=0,1,False,4,10,90913.0000000000,822244.0000000000,4,13,0.0002997826,9.0442950953,False,True,12,28,0,0.0000000000,0.0025112212,0.9757929883,0.4010231317,0.5335772568,0.5624487829,0.7507204611,0.0000000000,0.8033620313,0.1966379687,0.9194706146,0.9499775684,0.0000000000
100000007641183100,peripheral,0.6409035963,16,0.1263324790,in_deg=1; out_deg=0; in=28000; out=0 KZT; tx=1/0; role_score=0.641; depth=1; truncated=0; is_seed=0,1,False,1,0,28000.0000000000,0.0000000000,1,0,0.0002870280,0.0000000000,False,True,1,1,0,0.0000000000,0.0000000000,0.0000000000,0.1069839858,0.0000000000,0.0000000000,0.0000000000,0.3590964037,0.0000000000,0.6409035963,0.2835352176,0.2626738448,0.0000000000
100000007641801100,terminal,0.5061952251,1,0.2668978377,in_deg=1; out_deg=0; in=200000; out=0 KZT; tx=1/0; out/in=0; prev_day=0.000; depth=1; truncated=0; is_seed=0,1,False,1,0,200000.0000000000,0.0000000000,1,0,0.0002954309,0.0000000000,False,True,1,1,0,0.0000000000,0.0000000000,0.0000000000,0.3367437722,0.0000000000,0.0000000000,0.0000000000,0.5061952251,0.0000000000,0.4938047749,0.7079407806,0.2626738448,0.0000000000
100000007647294100,terminal,0.5398156543,38,0.3744008482,in_deg=1; out_deg=0; in=385000; out=0 KZT; tx=1/0; out/in=0; prev_day=0.000; depth=3; truncated=0; is_seed=0,3,False,1,0,385000.0000000000,0.0000000000,1,0,0.0005747812,0.0000000000,False,True,1,1,0,0.0000000000,0.0000000000,0.0000000000,0.8721085409,0.0000000000,0.0000000000,0.0000000000,0.5398156543,0.0000000000,0.4601843457,0.8167339614,0.2626738448,0.0000000000
100000007648946100,peripheral,0.8213160423,12,0.2654535922,in_deg=1; out_deg=1; in=19550; out=25000 KZT; tx=1/1; role_score=0.821; depth=1; truncated=0; is_seed=0,1,False,1,1,19550.0000000000,25000.0000000000,1,1,0.0002876773,1.2787723785,False,True,2,4,0,0.0000000000,0.0000029131,0.1644407346,0.1376779359,0.0000000000,0.1786839577,0.0000000000,0.0000000000,0.1564118950,0.8213160423,0.3855989233,0.6056527591,0.0000000000
100000007653003100,peripheral,0.5390601390,28,0.2432984097,in_deg=1; out_deg=0; in=100000; out=0 KZT; tx=1/0; role_score=0.539; depth=3; truncated=0; is_seed=0,3,False,1,0,100000.0000000000,0.0000000000,1,0,0.0002996623,0.0000000000,False,True,1,1,0,0.0000000000,0.0000000000,0.0000000000,0.3992437722,0.0000000000,0.0000000000,0.0000000000,0.4609398610,0.0000000000,0.5390601390,0.5760430686,0.2626738448,0.0000000000
100000007653094100,peripheral,1.0000000000,12,0.2074566306,in_deg=1; out_deg=0; in=16000; out=0 KZT; tx=1/0; role_score=1.000; depth=4; truncated=1; is_seed=0,4,False,1,0,16000.0000000000,0.0000000000,1,0,0.0005716303,0.0000000000,True,True,1,1,0,0.0000000000,0.0000000000,0.0000000000,0.8698843416,0.0000000000,0.0000000000,0.0000000000,0.0000000000,0.0000000000,1.0000000000,0.1502916106,0.2626738448,0.0000000000
100000007689942100,coordinator,0.5676091974,43,0.4679903322,in_deg=1; out_deg=2; in=5000; out=25000 KZT; tx=1/2; bet_pct=0.407; pr_pct=0.944; depth=3; truncated=0; is_seed=0,3,False,1,2,5000.0000000000,25000.0000000000,1,2,0.0008850292,5.0000000000,False,True,3,23,0,0.0000000000,0.0000198147,0.4065108514,0.9435053381,0.0000000000,0.1734663040,0.3334133846,0.0000000000,0.5676091974,0.4323908026,0.3021534320,0.7243158367,0.0000000000
100000007731977100,peripheral,1.0000000000,0,0.2342678912,in_deg=1; out_deg=0; in=50000; out=0 KZT; tx=1/0; role_score=1.000; depth=4; truncated=1; is_seed=0,4,False,1,0,50000.0000000000,0.0000000000,1,0,0.0003349050,0.0000000000,True,True,1,1,0,0.0000000000,0.0000000000,0.0000000000,0.5936387900,0.0000000000,0.0000000000,0.0000000000,0.0000000000,0.0000000000,1.0000000000,0.4232839838,0.2626738448,0.0000000000
100000007737775100,peripheral,0.7429737081,11,0.1087528828,in_deg=1; out_deg=0; in=6000; out=0 KZT; tx=1/0; role_score=0.743; depth=3; truncated=0; is_seed=0,3,False,1,0,6000.0000000000,0.0000000000,1,0,0.0003014154,0.0000000000,False,True,1,1,0,0.0000000000,0.0000000000,0.0000000000,0.4174822064,0.0000000000,0.0000000000,0.0000000000,0.2570262919,0.0000000000,0.7429737081,0.0269179004,0.2626738448,0.0000000000
100000007745062100,peripheral,1.0000000000,7,0.3170973421,in_deg=1; out_deg=0; in=100000; out=0 KZT; tx=1/0; role_score=1.000; depth=4; truncated=1; is_seed=0,4,False,1,0,100000.0000000000,0.0000000000,1,0,0.0006212537,0.0000000000,True,True,1,1,0,0.0000000000,0.0000000000,0.0000000000,0.8912366548,0.0000000000,0.0000000000,0.0000000000,0.0000000000,0.0000000000,1.0000000000,0.5760430686,0.2626738448,0.0000000000
100000007747786100,distributor,0.9740634006,1,0.3964887287,in_deg=0; out_deg=31; in=0; out=4.23801e+06 KZT; tx=0/35; role_score=0.974; depth=0; truncated=0; is_seed=1,0,True,0,31,0.0000000000,4238009.4000000004,0,35,0.0002840373,-1.0000000000,False,False,18,22,0,0.0000000000,0.0000000000,0.0000000000,0.0093416370,0.0000000000,0.0000000000,0.9740634006,0.0000000000,0.0000000000,0.0259365994,0.9899057873,0.9840735756,0.0000000000
100000007749092100,peripheral,0.8218039088,16,0.4025942955,in_deg=1; out_deg=1; in=7650; out=70375 KZT; tx=1/5; role_score=0.822; depth=2; truncated=0; is_seed=0,2,False,1,1,7650.0000000000,70375.0000000000,1,5,0.0018961314,9.1993464052,False,True,5,11,0,0.0000000000,0.0000000000,0.0000000000,0.9797597865,0.0000000000,0.1781960912,0.0000000000,0.0000000000,0.0000000000,0.8218039088,0.5139075819,0.8476895469,0.0000000000
100000007749747100,peripheral,1.0000000000,42,0.2564876421,in_deg=1; out_deg=0; in=50000; out=0 KZT; tx=1/0; role_score=1.000; depth=4; truncated=1; is_seed=0,4,False,1,0,50000.0000000000,0.0000000000,1,0,0.0004410829,0.0000000000,True,True,1,1,0,0.0000000000,0.0000000000,0.0000000000,0.7417704626,0.0000000000,0.0000000000,0.0000000000,0.0000000000,0.0000000000,1.0000000000,0.4232839838,0.2626738448,0.0000000000
100000007754369100,peripheral,0.5547748565,0,0.2081670073,in_deg=1; out_deg=0; in=82424; out=0 KZT; tx=1/0; role_score=0.555; depth=3; truncated=0; is_seed=0,3,False,1,0,82424.0000000000,0.0000000000,1,0,0.0002912912,0.0000000000,False,True,1,1,0,0.0000000000,0.0000000000,0.0000000000,0.2528914591,0.0000000000,0.0000000000,0.0000000000,0.4452251435,0.0000000000,0.5547748565,0.5233288470,0.2626738448,0.0000000000
100000007777377100,coordinator,0.7490137403,16,0.7210524063,in_deg=1; out_deg=2; in=456290; out=10000 KZT; tx=7/2; bet_pct=0.792; pr_pct=0.648; depth=2; truncated=0; is_seed=0,2,False,1,2,456290.0000000000,10000.0000000000,7,2,0.0003590980,0.0219158868,False,True,7,17,0,0.0000000000,0.0001359287,0.7921535893,0.6483540925,0.0000000000,0.2321881564,0.2951889209,0.7372578723,0.7490137403,0.2509862597,0.8503813369,0.8930013459,0.0000000000
100000007793871100,terminal,0.5244031429,18,0.3111644377,in_deg=1; out_deg=0; in=26000; out=0 KZT; tx=3/0; out/in=0; prev_day=0.000; depth=3; truncated=0; is_seed=0,3,False,1,0,26000.0000000000,0.0000000000,3,0,0.0006827769,0.0000000000,False,True,3,15,0,0.0000000000,0.0000000000,0.0000000000,0.9085854093,0.0000000000,0.0000000000,0.0000000000,0.5244031429,0.0000000000,0.4755968571,0.2649170031,0.7243158367,0.0000000000
100000007797290100,peripheral,0.6312481112,0,0.4036383635,in_deg=1; out_deg=1; in=100000; out=20000 KZT; tx=1/1; role_score=0.631; depth=2; truncated=0; is_seed=0,2,False,1,1,100000.0000000000,20000.0000000000,1,1,0.0002994879,0.2000000000,False,True,2,10,0,0.0000000000,0.0000192202,0.2863105175,0.3965747331,0.0000000000,0.1388568684,0.0000000000,0.3687518888,0.3193897822,0.6312481112,0.6123822342,0.6056527591,0.0000000000
100000007811950100,peripheral,1.0000000000,13,0.2713008093,in_deg=1; out_deg=0; in=50000; out=0 KZT; tx=1/0; role_score=1.000; depth=4; truncated=1; is_seed=0,4,False,1,0,50000.0000000000,0.0000000000,1,0,0.0005429450,0.0000000000,True,True,1,1,0,0.0000000000,0.0000000000,0.0000000000,0.8405249110,0.0000000000,0.0000000000,0.0000000000,0.0000000000,0.0000000000,1.0000000000,0.4232839838,0.2626738448,0.0000000000
100000007841978100,peripheral,1.0000000000,10,0.3665329403,in_deg=1; out_deg=0; in=449000; out=0 KZT; tx=1/0; role_score=1.000; depth=4; truncated=1; is_seed=0,4,False,1,0,449000.0000000000,0.0000000000,1,0,0.0005032921,0.0000000000,True,True,1,1,0,0.0000000000,0.0000000000,0.0000000000,0.7800266904,0.0000000000,0.0000000000,0.0000000000,0.0000000000,0.0000000000,1.0000000000,0.8405114401,0.2626738448,0.0000000000
100000007861311100,peripheral,0.6044122091,1,0.2333187099,in_deg=1; out_deg=0; in=45000; out=0 KZT; tx=1/0; role_score=0.604; depth=2; truncated=0; is_seed=0,2,False,1,0,45000.0000000000,0.0000000000,1,0,0.0003564547,0.0000000000,False,True,1,1,0,0.0000000000,0.0000000000,0.0000000000,0.6430160142,0.0000000000,0.0000000000,0.0000000000,0.3955877909,0.0000000000,0.6044122091,0.3898609242,0.2626738448,0.0000000000
100000007863304100,peripheral,0.6523118767,10,0.1073530991,in_deg=1; out_deg=0; in=25000; out=0 KZT; tx=1/0; role_score=0.652; depth=3; truncated=0; is_seed=0,3,False,1,0,25000.0000000000,0.0000000000,1,0,0.0002848408,0.0000000000,False,True,1,1,0,0.0000000000,0.0000000000,0.0000000000,0.0298042705,0.0000000000,0.0000000000,0.0000000000,0.3476881233,0.0000000000,0.6523118767,0.2539255271,0.2626738448,0.0000000000
100000007864477100,distributor,0.6806256004,0,0.6563230064,in_deg=2; out_deg=6; in=76000; out=203500 KZT; tx=2/10; role_score=0.681; depth=3; truncated=0; is_seed=0,3,False,2,6,76000.0000000000,203500.0000000000,2,10,0.0003030861,2.6776315789,False,True,9,15,2,0.2000000000,0.0000754197,0.6969949917,0.4321619217,0.4550562859,0.5557992628,0.6806256004,0.0000000000,0.6175450707,0.3193743996,0.7626738448,0.9228353522,0.1845670704
100000007865484100,peripheral,1.0000000000,62,0.4095667561,in_deg=1; out_deg=0; in=584600; out=0 KZT; tx=2/0; role_score=1.000; depth=4; truncated=1; is_seed=0,4,False,1,0,584600.0000000000,0.0000000000,2,0,0.0003641280,0.0000000000,True,True,2,7,0,0.0000000000,0.0000000000,0.0000000000,0.6581405694,0.0000000000,0.0000000000,0.0000000000,0.0000000000,0.0000000000,1.0000000000,0.8799910274,0.6056527591,0.0000000000
100000007867364100,peripheral,1.0000000000,43,0.2447749428,in_deg=1; out_deg=0; in=41852; out=0 KZT; tx=1/0; role_score=1.000; depth=4; truncated=1; is_seed=0,4,False,1,0,41852.0000000000,0.0000000000,1,0,0.0004461238,0.0000000000,True,True,1,1,0,0.0000000000,0.0000000000,0.0000000000,0.7444395018,0.0000000000,0.0000000000,0.0000000000,0.0000000000,0.0000000000,1.0000000000,0.3748317631,0.2626738448,0.0000000000
100000007898453100,coordinator,0.5217833028,2,0.6047790449,in_deg=1; out_deg=2; in=24750; out=320000 KZT; tx=1/2; bet_pct=0.495; pr_pct=0.584; depth=2; truncated=0; is_seed=0,2,False,1,2,24750.0000000000,320000.0000000000,1,2,0.0003311590,12.9292929293,False,True,3,9,1,0.5000000000,0.0000239758,0.4949916528,0.5842971530,0.0000000000,0.2480937258,0.4662984310,0.0000000000,0.5217833028,0.4782166972,0.7960969044,0.7243158367,0.3621579183
100000007908818100,coordinator,0.8041800465,8,0.7844536220,in_deg=4; out_deg=6; in=727475; out=302000 KZT; tx=4/13; bet_pct=0.824; pr_pct=0.758; depth=1; truncated=0; is_seed=0,1,False,4,6,727475.0000000000,302000.0000000000,4,13,0.0004724267,0.4151345407,False,True,11,26,1,0.0769230769,0.0001775396,0.8238731219,0.7582295374,0.6584315503,0.6175562582,0.6487992315,0.5501341016,0.8041800465,0.1958199535,0.9302377748,0.9499775684,0.0730751976
100000007930878100,peripheral,0.7521909943,23,0.1557868247,in_deg=1; out_deg=0; in=5000; out=0 KZT; tx=1/0; role_score=0.752; depth=2; truncated=0; is_seed=0,2,False,1,0,5000.0000000000,0.0000000000,1,0,0.0004803331,0.0000000000,False,True,1,1,0,0.0000000000,0.0000000000,0.0000000000,0.7635676157,0.0000000000,0.0000000000,0.0000000000,0.2478090057,0.0000000000,0.7521909943,0.0074024226,0.2626738448,0.0000000000
100000007938486100,peripheral,0.6146872167,22,0.1715026736,in_deg=1; out_deg=0; in=39500; out=0 KZT; tx=1/0; role_score=0.615; depth=1; truncated=0; is_seed=0,1,False,1,0,39500.0000000000,0.0000000000,1,0,0.0002922655,0.0000000000,False,True,1,1,0,0.0000000000,0.0000000000,0.0000000000,0.2791370107,0.0000000000,0.0000000000,0.0000000000,0.3853127833,0.0000000000,0.6146872167,0.3609241812,0.2626738448,0.0000000000
100000007939160100,terminal,0.6879133144,23,0.4910018169,in_deg=1; out_deg=2; in=795000; out=14300 KZT; tx=2/2; out/in=0.018; prev_day=0.000; depth=1; truncated=0; is_seed=0,1,False,1,2,795000.0000000000,14300.0000000000,2,2,0.0006604776,0.0179874214,False,True,3,16,0,0.0000000000,0.0000003963,0.0300500835,0.9036921708,0.0000000000,0.2420569542,0.3081972462,0.6879133144,0.2921427097,0.3120866856,0.9082548228,0.7857783760,0.0000000000
100000007953156100,coordinator,0.5126937170,40,0.4180785768,in_deg=1; out_deg=1; in=18000; out=10000 KZT; tx=1/1; bet_pct=0.407; pr_pct=0.760; depth=2; truncated=0; is_seed=0,2,False,1,1,18000.0000000000,10000.0000000000,1,1,0.0004745841,0.5555555556,False,True,2,12,0,0.0000000000,0.0000198147,0.4065108514,0.7604537367,0.0000000000,0.1305342086,0.0000000000,0.1406937309,0.5126937170,0.4873062830,0.2835352176,0.6056527591,0.0000000000
100000007960337100,peripheral,1.0000000000,8,0.1872101905,in_deg=1; out_deg=0; in=35500; out=0 KZT; tx=1/0; role_score=1.000; depth=4; truncated=1; is_seed=0,4,False,1,0,35500.0000000000,0.0000000000,1,0,0.0003011219,0.0000000000,True,True,1,1,0,0.0000000000,0.0000000000,0.0000000000,0.4152580071,0.0000000000,0.0000000000,0.0000000000,0.0000000000,0.0000000000,1.0000000000,0.3420816510,0.2626738448,0.0000000000
100000007982728100,distributor,0.8931316042,1,0.3804613622,in_deg=0; out_deg=8; in=0; out=1.80438e+06 KZT; tx=0/12; role_score=0.893; depth=0; truncated=0; is_seed=1,0,True,0,8,0.0000000000,1804384.0000000000,0,12,0.0002840373,-1.0000000000,False,False,6,11,0,0.0000000000,0.0000000000,0.0000000000,0.0093416370,0.0000000000,0.0000000000,0.8931316042,0.0000000000,0.0000000000,0.1068683958,0.9625392553,0.9228353522,0.0000000000
100000007982908100,peripheral,0.6298730734,22,0.1664682599,in_deg=1; out_deg=0; in=31080; out=0 KZT; tx=1/0; role_score=0.630; depth=2; truncated=0; is_seed=0,2,False,1,0,31080.0000000000,0.0000000000,1,0,0.0002945135,0.0000000000,False,True,1,1,0,0.0000000000,0.0000000000,0.0000000000,0.3218416370,0.0000000000,0.0000000000,0.0000000000,0.3701269266,0.0000000000,0.6298730734,0.3151637506,0.2626738448,0.0000000000
100000007988344100,peripheral,1.0000000000,0,0.2609777606,in_deg=1; out_deg=0; in=20000; out=0 KZT; tx=3/0; role_score=1.000; depth=4; truncated=1; is_seed=0,4,False,1,0,20000.0000000000,0.0000000000,3,0,0.0003852566,0.0000000000,True,True,3,14,0,0.0000000000,0.0000000000,0.0000000000,0.6861654804,0.0000000000,0.0000000000,0.0000000000,0.0000000000,0.0000000000,1.0000000000,0.1976222521,0.7243158367,0.0000000000
100000007997939100,peripheral,1.0000000000,4,0.1623710234,in_deg=1; out_deg=0; in=13000; out=0 KZT; tx=1/0; role_score=1.000; depth=4; truncated=1; is_seed=0,4,False,1,0,13000.0000000000,0.0000000000,1,0,0.0003559348,0.0000000000,True,True,1,1,0,0.0000000000,0.0000000000,0.0000000000,0.6403469751,0.0000000000,0.0000000000,0.0000000000,0.0000000000,0.0000000000,1.0000000000,0.1076716016,0.2626738448,0.0000000000
100000007998965100,consolidator,0.8471340788,18,0.6168424814,in_deg=5; out_deg=1; in=278000; out=26000 KZT; tx=7/3; role_score=0.847; depth=2; truncated=0; is_seed=0,2,False,5,1,278000.0000000000,26000.0000000000,7,3,0.0004691054,0.0935251799,False,True,8,25,1,0.3333333333,0.0000198147,0.4065108514,0.7564501779,0.8471340788,0.2365898636,0.0000000000,0.8377153218,0.5114926494,0.1528659212,0.7812920592,0.9042171377,0.3014057126
100000007999728100,peripheral,0.6620580236,40,0.1328167932,in_deg=1; out_deg=0; in=23250; out=0 KZT; tx=1/0; role_score=0.662; depth=3; truncated=0; is_seed=0,3,False,1,0,23250.0000000000,0.0000000000,1,0,0.0002905864,0.0000000000,False,True,1,1,0,0.0000000000,0.0000000000,0.0000000000,0.2373220641,0.0000000000,0.0000000000,0.0000000000,0.3379419764,0.0000000000,0.6620580236,0.2312696276,0.2626738448,0.0000000000
100000008002020100,peripheral,0.6626011026,7,0.3258173536,in_deg=1; out_deg=1; in=73860; out=17000 KZT; tx=1/1; role_score=0.663; depth=1; truncated=0; is_seed=0,1,False,1,1,73860.0000000000,17000.0000000000,1,1,0.0002962148,0.2301651774,False,True,2,8,0,0.0000000000,0.0000015852,0.1285475793,0.3471975089,0.0000000000,0.1344056589,0.0000000000,0.3373988974,0.1941425582,0.6626011026,0.5515926424,0.6056527591,0.0000000000
100000008003034100,coordinator,0.6871180987,12,0.6276438407,in_deg=1; out_deg=4; in=12201; out=135000 KZT; tx=1/4; bet_pct=0.962; pr_pct=0.045; depth=1; truncated=0; is_seed=0,1,False,1,4,12201.0000000000,135000.0000000000,1,4,0.0002853405,11.0646668306,False,True,4,15,0,0.0000000000,0.0019931390,0.9624373957,0.0447064057,0.0000000000,0.1934547484,0.5909221902,0.0000000000,0.6871180987,0.3128819013,0.6426648721,0.8227904890,0.0000000000
100000008008463100,peripheral,0.5816711998,1,0.1997848494,in_deg=1; out_deg=0; in=54180; out=0 KZT; tx=1/0; role_score=0.582; depth=2; truncated=0; is_seed=0,2,False,1,0,54180.0000000000,0.0000000000,1,0,0.0002942370,0.0000000000,False,True,1,1,0,0.0000000000,0.0000000000,0.0000000000,0.3173932384,0.0000000000,0.0000000000,0.0000000000,0.4183288002,0.0000000000,0.5816711998,0.4510991476,0.2626738448,0.0000000000
100000008011159100,coordinator,0.7737275278,63,0.7774402556,in_deg=3; out_deg=5; in=363000; out=153037 KZT; tx=6/5; bet_pct=0.777; pr_pct=0.766; depth=2; truncated=0; is_seed=0,2,False,3,5,363000.0000000000,153037.0000000000,6,5,0.0004831814,0.4215895317,False,True,7,14,2,0.4000000000,0.0001221130,0.7771285476,0.7657918149,0.6306758084,0.5545241601,0.5664475264,0.5306028941,0.7737275278,0.2262724722,0.8674293405,0.9143113504,0.3657245402
100000008011573100,peripheral,0.7004381989,28,0.0927027903,in_deg=1; out_deg=0; in=15000; out=0 KZT; tx=1/0; role_score=0.700; depth=3; truncated=0; is_seed=0,3,False,1,0,15000.0000000000,0.0000000000,1,0,0.0002876352,0.0000000000,False,True,1,1,0,0.0000000000,0.0000000000,0.0000000000,0.1370106762,0.0000000000,0.0000000000,0.0000000000,0.2995618011,0.0000000000,0.7004381989,0.1310004486,0.2626738448,0.0000000000
100000008027922100,peripheral,1.0000000000,29,0.2799392242,in_deg=1; out_deg=0; in=70000; out=0 KZT; tx=1/0; role_score=1.000; depth=4; truncated=1; is_seed=0,4,False,1,0,70000.0000000000,0.0000000000,1,0,0.0004998699,0.0000000000,True,True,1,1,0,0.0000000000,0.0000000000,0.0000000000,0.7773576512,0.0000000000,0.0000000000,0.0000000000,0.0000000000,0.0000000000,1.0000000000,0.4957379991,0.2626738448,0.0000000000
100000008028628100,peripheral,0.5780447265,22,0.2060315665,in_deg=1; out_deg=0; in=57224; out=0 KZT; tx=1/0; role_score=0.578; depth=1; truncated=0; is_seed=0,1,False,1,0,57224.0000000000,0.0000000000,1,0,0.0002959575,0.0000000000,False,True,1,1,0,0.0000000000,0.0000000000,0.0000000000,0.3440836299,0.0000000000,0.0000000000,0.0000000000,0.4219552735,0.0000000000,0.5780447265,0.4600717811,0.2626738448,0.0000000000
100000008029279100,peripheral,0.6906165005,8,0.0986890545,in_deg=1; out_deg=0; in=17000; out=0 KZT; tx=1/0; role_score=0.691; depth=3; truncated=0; is_seed=0,3,False,1,0,17000.0000000000,0.0000000000,1,0,0.0002874688,0.0000000000,False,True,1,1,0,0.0000000000,0.0000000000,0.0000000000,0.1305604982,0.0000000000,0.0000000000,0.0000000000,0.3093834995,0.0000000000,0.6906165005,0.1588156124,0.2626738448,0.0000000000
100000008038077100,terminal,0.6875188879,10,0.3668223157,in_deg=1; out_deg=0; in=499850; out=0 KZT; tx=2/0; out/in=0; prev_day=0.000; depth=3; truncated=0; is_seed=0,3,False,1,0,499850.0000000000,0.0000000000,2,0,0.0003001028,0.0000000000,False,True,1,1,0,0.0000000000,0.0000000000,0.0000000000,0.4045818505,0.0000000000,0.0000000000,0.0000000000,0.6875188879,0.0000000000,0.3124811121,0.8611484971,0.6056527591,0.0000000000
100000008042075100,peripheral,0.7521909943,21,0.0754487464,in_deg=1; out_deg=0; in=5000; out=0 KZT; tx=1/0; role_score=0.752; depth=3; truncated=0; is_seed=0,3,False,1,0,5000.0000000000,0.0000000000,1,0,0.0002903764,0.0000000000,False,True,1,1,0,0.0000000000,0.0000000000,0.0000000000,0.2279804270,0.0000000000,0.0000000000,0.0000000000,0.2478090057,0.0000000000,0.7521909943,0.0074024226,0.2626738448,0.0000000000
100000008043184100,peripheral,0.5878664249,28,0.1878678111,in_deg=1; out_deg=0; in=50564; out=0 KZT; tx=1/0; role_score=0.588; depth=3; truncated=0; is_seed=0,3,False,1,0,50564.0000000000,0.0000000000,1,0,0.0002919379,0.0000000000,False,True,1,1,0,0.0000000000,0.0000000000,0.0000000000,0.2693505338,0.0000000000,0.0000000000,0.0000000000,0.4121335751,0.0000000000,0.5878664249,0.4322566173,0.2626738448,0.0000000000
100000008050986100,peripheral,1.0000000000,10,0.3043920751,in_deg=1; out_deg=0; in=95000; out=0 KZT; tx=2/0; role_score=1.000; depth=4; truncated=1; is_seed=0,4,False,1,0,95000.0000000000,0.0000000000,2,0,0.0003101007,0.0000000000,True,True,2,3,0,0.0000000000,0.0000000000,0.0000000000,0.4859875445,0.0000000000,0.0000000000,0.0000000000,0.0000000000,0.0000000000,1.0000000000,0.5625841184,0.6056527591,0.0000000000
100000008055972100,peripheral,0.6402236325,22,0.1362561996,in_deg=1; out_deg=0; in=28300; out=0 KZT; tx=1/0; role_score=0.640; depth=3; truncated=0; is_seed=0,3,False,1,0,28300.0000000000,0.0000000000,1,0,0.0002884219,0.0000000000,False,True,1,1,0,0.0000000000,0.0000000000,0.0000000000,0.1701512456,0.0000000000,0.0000000000,0.0000000000,0.3597763675,0.0000000000,0.6402236325,0.2853297443,0.2626738448,0.0000000000
100000008060273100,peripheral,0.5879419764,8,0.1625941917,in_deg=1; out_deg=0; in=10000; out=0 KZT; tx=2/0; role_score=0.588; depth=2; truncated=0; is_seed=0,2,False,1,0,10000.0000000000,0.0000000000,2,0,0.0002973341,0.0000000000,False,True,2,10,0,0.0000000000,0.0000000000,0.0000000000,0.3605427046,0.0000000000,0.0000000000,0.0000000000,0.4120580236,0.0000000000,0.5879419764,0.0706594886,0.6056527591,0.0000000000
100000008066326100,peripheral,0.6795859776,0,0.1062298884,in_deg=1; out_deg=0; in=19320; out=0 KZT; tx=1/0; role_score=0.680; depth=1; truncated=0; is_seed=0,1,False,1,0,19320.0000000000,0.0000000000,1,0,0.0002876344,0.0000000000,False,True,1,1,0,0.0000000000,0.0000000000,0.0000000000,0.1363434164,0.0000000000,0.0000000000,0.0000000000,0.3204140224,0.0000000000,0.6795859776,0.1855091969,0.2626738448,0.0000000000
100000008070101100,peripheral,0.5390601390,4,0.2205448510,in_deg=1; out_deg=0; in=100000; out=0 KZT; tx=1/0; role_score=0.539; depth=3; truncated=0; is_seed=0,3,False,1,0,100000.0000000000,0.0000000000,1,0,0.0002910474,0.0000000000,False,True,1,1,0,0.0000000000,0.0000000000,0.0000000000,0.2475533808,0.0000000000,0.0000000000,0.0000000000,0.4609398610,0.0000000000,0.5390601390,0.5760430686,0.2626738448,0.0000000000
100000008071620100,peripheral,0.6005590813,0,0.1825495002,in_deg=1; out_deg=0; in=46968; out=0 KZT; tx=1/0; role_score=0.601; depth=1; truncated=0; is_seed=0,1,False,1,0,46968.0000000000,0.0000000000,1,0,0.0002927822,0.0000000000,False,True,1,1,0,0.0000000000,0.0000000000,0.0000000000,0.2884786477,0.0000000000,0.0000000000,0.0000000000,0.3994409187,0.0000000000,0.6005590813,0.3995065052,0.2626738448,0.0000000000
100000008071749100,peripheral,1.0000000000,18,0.1465084512,in_deg=1; out_deg=0; in=24943; out=0 KZT; tx=1/0; role_score=1.000; depth=4; truncated=1; is_seed=0,4,False,1,0,24943.0000000000,0.0000000000,1,0,0.0002933033,0.0000000000,True,True,1,1,0,0.0000000000,0.0000000000,0.0000000000,0.3009341637,0.0000000000,0.0000000000,0.0000000000,0.0000000000,0.0000000000,1.0000000000,0.2478689996,0.2626738448,0.0000000000
100000008074304100,peripheral,1.0000000000,10,0.1323064248,in_deg=1; out_deg=0; in=5500; out=0 KZT; tx=1/0; role_score=1.000; depth=4; truncated=1; is_seed=0,4,False,1,0,5500.0000000000,0.0000000000,1,0,0.0003305780,0.0000000000,True,True,1,1,0,0.0000000000,0.0000000000,0.0000000000,0.5838523132,0.0000000000,0.0000000000,0.0000000000,0.0000000000,0.0000000000,1.0000000000,0.0213100045,0.2626738448,0.0000000000
100000008077552100,terminal,0.5099728015,8,0.3046406386,in_deg=1; out_deg=0; in=214000; out=0 KZT; tx=1/0; out/in=0; prev_day=0.000; depth=3; truncated=0; is_seed=0,3,False,1,0,214000.0000000000,0.0000000000,1,0,0.0003272344,0.0000000000,False,True,1,1,0,0.0000000000,0.0000000000,0.0000000000,0.5722864769,0.0000000000,0.0000000000,0.0000000000,0.5099728015,0.0000000000,0.4900271985,0.7175863616,0.2626738448,0.0000000000
100000008086440100,coordinator,0.7030158880,0,0.6835065981,in_deg=1; out_deg=5; in=199733; out=161300 KZT; tx=1/6; bet_pct=0.749; pr_pct=0.596; depth=3; truncated=0; is_seed=0,3,False,1,5,199733.0000000000,161300.0000000000,1,6,0.0003357148,0.8075781168,False,True,6,20,0,0.0000000000,0.0001051976,0.7487479132,0.5963078292,0.0000000000,0.4301307902,0.6580011207,0.0971558965,0.7030158880,0.2969841120,0.8068640646,0.8685509197,0.0000000000
100000008088082100,peripheral,0.6851475843,12,0.3842655977,in_deg=1; out_deg=1; in=39138; out=50000 KZT; tx=1/1; role_score=0.685; depth=3; truncated=0; is_seed=0,3,False,1,1,39138.0000000000,50000.0000000000,1,1,0.0002984174,1.2775307885,False,True,2,21,0,0.0000000000,0.0000192202,0.2863105175,0.3814501779,0.0000000000,0.2160936984,0.0000000000,0.0000000000,0.3148524157,0.6851475843,0.5439659040,0.6056527591,0.0000000000
100000008094734100,consolidator,0.8937745542,0,0.3938677209,in_deg=4; out_deg=0; in=236249; out=0 KZT; tx=4/0; role_score=0.894; depth=1; truncated=0; is_seed=0,1,False,4,0,236249.0000000000,0.0000000000,4,0,0.0003421748,0.0000000000,False,True,4,19,0,0.0000000000,0.0000000000,0.0000000000,0.6118772242,0.8937745542,0.0000000000,0.0000000000,0.8937745542,0.0000000000,0.1062254458,0.7368775236,0.7857783760,0.0000000000
100000008097580100,consolidator,0.7118464793,8,0.3340940664,in_deg=2; out_deg=0; in=32000; out=0 KZT; tx=4/0; role_score=0.712; depth=3; truncated=0; is_seed=0,3,False,2,0,32000.0000000000,0.0000000000,4,0,0.0006705156,0.0000000000,False,True,4,28,0,0.0000000000,0.0000000000,0.0000000000,0.9050266904,0.7118464793,0.0000000000,0.0000000000,0.7118464793,0.0000000000,0.2881535207,0.3218932257,0.7857783760,0.0000000000
100000008104567100,coordinator,0.9223614461,18,0.7305952587,in_deg=3; out_deg=3; in=53550; out=40000 KZT; tx=3/4; bet_pct=0.964; pr_pct=0.825; depth=2; truncated=0; is_seed=0,2,False,3,3,53550.0000000000,40000.0000000000,3,4,0.0005348806,0.7469654528,False,True,5,22,0,0.0000000000,0.0020260185,0.9641068447,0.8249555160,0.5758159565,0.4597656674,0.4121037464,0.1942684397,0.9223614461,0.0776385539,0.5565275908,0.8685509197,0.0000000000
100000008106997100,consolidator,0.5556814748,0,0.3892079601,in_deg=2; out_deg=1; in=35600; out=20600 KZT; tx=2/1; role_score=0.556; depth=2; truncated=0; is_seed=0,2,False,2,1,35600.0000000000,20600.0000000000,2,1,0.0003037078,0.5786516854,False,True,2,10,0,0.0000000000,0.0000192202,0.2863105175,0.4370551601,0.5556814748,0.1603066412,0.0000000000,0.2809625434,0.3315339103,0.4443185252,0.4591745177,0.7243158367,0.0000000000
100000008111003100,coordinator,0.8768685873,0,0.7622117724,in_deg=6; out_deg=1; in=222716; out=35000 KZT; tx=9/1; bet_pct=0.929; pr_pct=0.755; depth=2; truncated=0; is_seed=0,2,False,6,1,222716.0000000000,35000.0000000000,9,1,0.0004668415,0.1571508109,False,True,6,10,0,0.0000000000,0.0008819050,0.9290484140,0.7551156584,0.8542071407,0.1587480564,0.0000000000,0.7753499340,0.8768685873,0.1231314127,0.7525796321,0.9042171377,0.0000000000
100000008116374100,peripheral,0.6292686612,16,0.1378910909,in_deg=1; out_deg=0; in=31284; out=0 KZT; tx=1/0; role_score=0.629; depth=1; truncated=0; is_seed=0,1,False,1,0,31284.0000000000,0.0000000000,1,0,0.0002873788,0.0000000000,False,True,1,1,0,0.0000000000,0.0000000000,0.0000000000,0.1283362989,0.0000000000,0.0000000000,0.0000000000,0.3707313388,0.0000000000,0.6292686612,0.3169582773,0.2626738448,0.0000000000
100000008117324100,peripheral,1.0000000000,83,0.0000000000,in_deg=0; out_deg=0; in=0; out=0 KZT; tx=0/0; observed_edges=0; depth=0; truncated=0; is_seed=1,0,True,0,0,0.0000000000,0.0000000000,0,0,0.0002840373,-1.0000000000,False,False,0,0,0,0.0000000000,0.0000000000,0.0000000000,0.0093416370,0.0000000000,0.0000000000,0.0000000000,0.0000000000,0.0000000000,1.0000000000,0.0000000000,0.0000000000,0.0000000000
100000008121806100,coordinator,0.7612955534,8,0.7216265415,in_deg=1; out_deg=4; in=67000; out=248509 KZT; tx=1/6; bet_pct=0.922; pr_pct=0.385; depth=3; truncated=0; is_seed=0,3,False,1,4,67000.0000000000,248509.0000000000,1,6,0.0002987226,3.7090895522,False,True,5,10,1,0.1666666667,0.0007808641,0.9223706177,0.3854537367,0.0000000000,0.3168984798,0.6531700288,0.0000000000,0.7612955534,0.2387044466,0.7848811126,0.8685509197,0.1447584866
100000008129393100,peripheral,0.7238591720,81,0.1298973545,in_deg=1; out_deg=0; in=10000; out=0 KZT; tx=1/0; role_score=0.724; depth=1; truncated=0; is_seed=0,1,False,1,0,10000.0000000000,0.0000000000,1,0,0.0003099957,0.0000000000,False,True,1,1,0,0.0000000000,0.0000000000,0.0000000000,0.4855427046,0.0000000000,0.0000000000,0.0000000000,0.2761408280,0.0000000000,0.7238591720,0.0706594886,0.2626738448,0.0000000000
100000008130868100,peripheral,1.0000000000,24,0.2075598079,in_deg=1; out_deg=0; in=22782; out=0 KZT; tx=1/0; role_score=1.000; depth=4; truncated=1; is_seed=0,4,False,1,0,22782.0000000000,0.0000000000,1,0,0.0004489776,0.0000000000,True,True,1,1,0,0.0000000000,0.0000000000,0.0000000000,0.7453291815,0.0000000000,0.0000000000,0.0000000000,0.0000000000,0.0000000000,1.0000000000,0.2254374159,0.2626738448,0.0000000000
100000008136608100,peripheral,1.0000000000,18,0.3387779467,in_deg=1; out_deg=0; in=170000; out=0 KZT; tx=1/0; role_score=1.000; depth=4; truncated=1; is_seed=0,4,False,1,0,170000.0000000000,0.0000000000,1,0,0.0005609574,0.0000000000,True,True,1,1,0,0.0000000000,0.0000000000,0.0000000000,0.8645462633,0.0000000000,0.0000000000,0.0000000000,0.0000000000,0.0000000000,1.0000000000,0.6787797218,0.2626738448,0.0000000000
100000008137435100,coordinator,0.7581285015,29,0.7511817923,in_deg=2; out_deg=6; in=93906; out=1.4197e+06 KZT; tx=2/7; bet_pct=0.866; pr_pct=0.507; depth=1; truncated=0; is_seed=0,1,False,2,6,93906.0000000000,1419700.0000000000,2,7,0.0003125312,15.1183097992,False,True,5,30,0,0.0000000000,0.0002984092,0.8656093489,0.5073398577,0.4636030523,0.4944131766,0.7352605668,0.0000000000,0.7581285015,0.2418714985,0.9526693585,0.8930013459,0.0000000000
100000008141170100,peripheral,0.7162284678,16,0.1956196695,in_deg=1; out_deg=0; in=11000; out=0 KZT; tx=1/0; role_score=0.716; depth=2; truncated=0; is_seed=0,2,False,1,0,11000.0000000000,0.0000000000,1,0,0.0006179441,0.0000000000,False,True,1,1,0,0.0000000000,0.0000000000,0.0000000000,0.8907918149,0.0000000000,0.0000000000,0.0000000000,0.2837715322,0.0000000000,0.7162284678,0.0903992822,0.2626738448,0.0000000000
100000008144528100,consolidator,0.9798277425,16,0.5157834081,in_deg=5; out_deg=0; in=1.0682e+06; out=0 KZT; tx=13/0; role_score=0.980; depth=2; truncated=0; is_seed=0,2,False,5,0,1068202.6000000001,0.0000000000,13,0,0.0010494062,0.0000000000,False,True,4,5,0,0.0000000000,0.0000000000,0.0000000000,0.9539590747,0.9798277425,0.0000000000,0.0000000000,0.9798277425,0.0000000000,0.0201722575,0.9324809332,0.9304620906,0.0000000000
100000008151098100,peripheral,1.0000000000,14,0.1850350753,in_deg=1; out_deg=0; in=30000; out=0 KZT; tx=1/0; role_score=1.000; depth=4; truncated=1; is_seed=0,4,False,1,0,30000.0000000000,0.0000000000,1,0,0.0003076310,0.0000000000,True,True,1,1,0,0.0000000000,0.0000000000,0.0000000000,0.4673042705,0.0000000000,0.0000000000,0.0000000000,0.0000000000,0.0000000000,1.0000000000,0.3021534320,0.2626738448,0.0000000000
100000008165763100,coordinator,0.9050375700,2,0.8623220468,in_deg=15; out_deg=17; in=1.16582e+06; out=1.26786e+06 KZT; tx=26/17; bet_pct=0.887; pr_pct=0.946; depth=1; truncated=0; is_seed=0,1,False,15,17,1165815.0000000000,1267858.0000000000,26,17,0.0009045430,1.0875293250,False,True,13,21,3,0.1764705882,0.0003452940,0.8873121870,0.9463967972,0.7281054038,0.8220854585,0.7012713136,0.0000000000,0.9050375700,0.0949624300,0.9764468371,0.9883355765,0.1744121606
100000008168850100,peripheral,1.0000000000,10,0.3859053868,in_deg=1; out_deg=0; in=187910; out=0 KZT; tx=2/0; role_score=1.000; depth=4; truncated=1; is_seed=0,4,False,1,0,187910.0000000000,0.0000000000,2,0,0.0005299169,0.0000000000,True,True,2,19,0,0.0000000000,0.0000000000,0.0000000000,0.8129448399,0.0000000000,0.0000000000,0.0000000000,0.0000000000,0.0000000000,1.0000000000,0.6924629879,0.6056527591,0.0000000000
100000008169544100,coordinator,0.6524809662,16,0.6569140715,in_deg=1; out_deg=4; in=137104; out=42800 KZT; tx=2/7; bet_pct=0.767; pr_pct=0.385; depth=1; truncated=0; is_seed=0,1,False,1,4,137104.0000000000,42800.0000000000,2,7,0.0002986815,0.3121717820,False,True,7,18,2,0.2857142857,0.0001183066,0.7671118531,0.3850088968,0.0000000000,0.4658814709,0.5628242075,0.4235267435,0.6524809662,0.3475190338,0.6848362494,0.8930013459,0.2551432417
100000008172352100,coordinator,0.7816627579,41,0.7316007823,in_deg=3; out_deg=7; in=90265; out=289510 KZT; tx=3/8; bet_pct=0.829; pr_pct=0.671; depth=1; truncated=0; is_seed=0,1,False,3,7,90265.0000000000,289510.0000000000,3,8,0.0003731111,3.2073339611,False,True,6,20,0,0.0000000000,0.0001867336,0.8288814691,0.6714857651,0.5215812934,0.5718329817,0.6677113353,0.0000000000,0.7816627579,0.2183372421,0.8144908031,0.9143113504,0.0000000000
100000008172721100,peripheral,1.0000000000,8,0.3133603081,in_deg=1; out_deg=0; in=168335; out=0 KZT; tx=1/0; role_score=1.000; depth=4; truncated=1; is_seed=0,4,False,1,0,168335.0000000000,0.0000000000,1,0,0.0003929566,0.0000000000,True,True,1,1,0,0.0000000000,0.0000000000,0.0000000000,0.6999555160,0.0000000000,0.0000000000,0.0000000000,0.0000000000,0.0000000000,1.0000000000,0.6758636160,0.2626738448,0.0000000000
100000008173359100,peripheral,0.7416893321,16,0.0507417540,in_deg=1; out_deg=0; in=6110; out=0 KZT; tx=1/0; role_score=0.742; depth=1; truncated=0; is_seed=0,1,False,1,0,6110.0000000000,0.0000000000,1,0,0.0002846899,0.0000000000,False,True,1,1,0,0.0000000000,0.0000000000,0.0000000000,0.0251334520,0.0000000000,0.0000000000,0.0000000000,0.2583106679,0.0000000000,0.7416893321,0.0302826380,0.2626738448,0.0000000000
100000008174521100,peripheral,0.5550770626,16,0.2811865220,in_deg=1; out_deg=0; in=82110; out=0 KZT; tx=1/0; role_score=0.555; depth=2; truncated=0; is_seed=0,2,False,1,0,82110.0000000000,0.0000000000,1,0,0.0004379777,0.0000000000,False,True,1,1,0,0.0000000000,0.0000000000,0.0000000000,0.7404359431,0.0000000000,0.0000000000,0.0000000000,0.4449229374,0.0000000000,0.5550770626,0.5228802153,0.2626738448,0.0000000000
100000008175078100,peripheral,1.0000000000,20,0.4951992769,in_deg=1; out_deg=0; in=1.84671e+06; out=0 KZT; tx=15/0; role_score=1.000; depth=4; truncated=1; is_seed=0,4,False,1,0,1846711.0000000000,0.0000000000,15,0,0.0004663355,0.0000000000,True,True,8,14,0,0.0000000000,0.0000000000,0.0000000000,0.7546708185,0.0000000000,0.0000000000,0.0000000000,0.0000000000,0.0000000000,1.0000000000,0.9643337820,0.9394347241,0.0000000000
100000008183752100,peripheral,1.0000000000,35,0.3170485474,in_deg=1; out_deg=0; in=140000; out=0 KZT; tx=1/0; role_score=1.000; depth=4; truncated=1; is_seed=0,4,False,1,0,140000.0000000000,0.0000000000,1,0,0.0005270590,0.0000000000,True,True,1,1,0,0.0000000000,0.0000000000,0.0000000000,0.7978202847,0.0000000000,0.0000000000,0.0000000000,0.0000000000,0.0000000000,1.0000000000,0.6318977120,0.2626738448,0.0000000000
100000008188026100,coordinator,0.6144216859,3,0.6490457465,in_deg=2; out_deg=4; in=86468; out=337983 KZT; tx=5/4; bet_pct=0.720; pr_pct=0.367; depth=1; truncated=0; is_seed=0,1,False,2,4,86468.0000000000,337983.1700000000,5,4,0.0002976809,3.9087659018,False,True,6,28,0,0.0000000000,0.0000820328,0.7203672788,0.3672153025,0.5307242873,0.5061494705,0.5907780980,0.0000000000,0.6144216859,0.3855783141,0.8315388066,0.8930013459,0.0000000000
100000008190411100,peripheral,1.0000000000,48,0.4224048763,in_deg=1; out_deg=0; in=198450; out=0 KZT; tx=12/0; role_score=1.000; depth=4; truncated=1; is_seed=0,4,False,1,0,198450.0000000000,0.0000000000,12,0,0.0004216973,0.0000000000,True,True,9,25,0,0.0000000000,0.0000000000,0.0000000000,0.7226423488,0.0000000000,0.0000000000,0.0000000000,0.0000000000,0.0000000000,1.0000000000,0.7023328847,0.9228353522,0.0000000000
100000008190442100,peripheral,0.7092021759,22,0.0765614148,in_deg=1; out_deg=0; in=13000; out=0 KZT; tx=1/0; role_score=0.709; depth=3; truncated=0; is_seed=0,3,False,1,0,13000.0000000000,0.0000000000,1,0,0.0002860514,0.0000000000,False,True,1,1,0,0.0000000000,0.0000000000,0.0000000000,0.0682829181,0.0000000000,0.0000000000,0.0000000000,0.2907978241,0.0000000000,0.7092021759,0.1076716016,0.2626738448,0.0000000000
100000008192264100,peripheral,0.6355841196,10,0.4383946555,in_deg=1; out_deg=1; in=162810; out=187910 KZT; tx=1/2; role_score=0.636; depth=3; truncated=0; is_seed=0,3,False,1,1,162810.0000000000,187910.0000000000,1,2,0.0002892701,1.1541674344,False,True,2,19,0,0.0000000000,0.0000192202,0.2863105175,0.1959519573,0.0000000000,0.3644158804,0.0000000000,0.0000000000,0.2592029495,0.6355841196,0.8005832212,0.7243158367,0.0000000000
100000008193258100,peripheral,0.6551223935,28,0.4071179232,in_deg=1; out_deg=1; in=75000; out=30000 KZT; tx=2/1; role_score=0.655; depth=3; truncated=0; is_seed=0,3,False,1,1,75000.0000000000,30000.0000000000,2,1,0.0002957561,0.4000000000,False,True,3,14,0,0.0000000000,0.0000192202,0.2863105175,0.3418594306,0.0000000000,0.1676873199,0.0000000000,0.3448776065,0.3029751915,0.6551223935,0.5879318080,0.7243158367,0.0000000000
100000008193577100,distributor,0.7179909428,9,0.5468290141,in_deg=2; out_deg=5; in=154300; out=480180 KZT; tx=6/16; role_score=0.718; depth=1; truncated=0; is_seed=0,1,False,2,5,154300.0000000000,480180.0000000000,6,16,0.0012966188,3.1119896306,False,True,14,26,1,0.0625000000,0.0000009907,0.0809682805,0.9664145907,0.5412997021,0.6170044643,0.7179909428,0.0000000000,0.3466021736,0.2820090572,0.8898609242,0.9668012562,0.0604250785
100000008200810100,terminal,0.5488818374,24,0.3214837146,in_deg=1; out_deg=0; in=475000; out=0 KZT; tx=1/0; out/in=0; prev_day=0.000; depth=3; truncated=0; is_seed=0,3,False,1,0,475000.0000000000,0.0000000000,1,0,0.0003065004,0.0000000000,False,True,1,1,0,0.0000000000,0.0000000000,0.0000000000,0.4606316726,0.0000000000,0.0000000000,0.0000000000,0.5488818374,0.0000000000,0.4511181626,0.8519515478,0.2626738448,0.0000000000
100000008205000100,peripheral,1.0000000000,84,0.0000000000,in_deg=0; out_deg=0; in=0; out=0 KZT; tx=0/0; observed_edges=0; depth=0; truncated=0; is_seed=1,0,True,0,0,0.0000000000,0.0000000000,0,0,0.0002840373,-1.0000000000,False,False,0,0,0,0.0000000000,0.0000000000,0.0000000000,0.0093416370,0.0000000000,0.0000000000,0.0000000000,0.0000000000,0.0000000000,1.0000000000,0.0000000000,0.0000000000,0.0000000000
100000008205937100,terminal,0.5498640073,12,0.2801463272,in_deg=1; out_deg=0; in=35000; out=0 KZT; tx=3/0; out/in=0; prev_day=0.000; depth=2; truncated=0; is_seed=0,2,False,1,0,35000.0000000000,0.0000000000,3,0,0.0003297225,0.0000000000,False,True,3,21,0,0.0000000000,0.0000000000,0.0000000000,0.5802935943,0.0000000000,0.0000000000,0.0000000000,0.5498640073,0.0000000000,0.4501359927,0.3378196501,0.7243158367,0.0000000000
100000008213966100,consolidator,0.7738553944,15,0.7367052280,in_deg=3; out_deg=1; in=187004; out=436900 KZT; tx=7/8; role_score=0.774; depth=2; truncated=0; is_seed=0,2,False,3,1,187004.0000000000,436900.0000000000,7,8,0.0019339062,2.3363136617,False,True,7,28,1,0.1250000000,0.0000431960,0.6135225376,0.9819839858,0.7738553944,0.4581185927,0.0000000000,0.0000000000,0.7240609720,0.2261446056,0.8880663975,0.9394347241,0.1174293405
100000008219168100,terminal,0.5527349652,1,0.2186367395,in_deg=1; out_deg=0; in=53200; out=0 KZT; tx=2/0; out/in=0; prev_day=0.000; depth=1; truncated=0; is_seed=0,1,False,1,0,53200.0000000000,0.0000000000,2,0,0.0002870680,0.0000000000,False,True,2,11,0,0.0000000000,0.0000000000,0.0000000000,0.1083185053,0.0000000000,0.0000000000,0.0000000000,0.5527349652,0.0000000000,0.4472650348,0.4461641992,0.6056527591,0.0000000000
100000008221543100,consolidator,0.8430039287,28,0.4090187290,in_deg=2; out_deg=0; in=542000; out=0 KZT; tx=2/0; role_score=0.843; depth=1; truncated=0; is_seed=0,1,False,2,0,542000.0000000000,0.0000000000,2,0,0.0003693239,0.0000000000,False,True,2,2,0,0.0000000000,0.0000000000,0.0000000000,0.6657028470,0.8430039287,0.0000000000,0.0000000000,0.8430039287,0.0000000000,0.1569960713,0.8732615523,0.6056527591,0.0000000000
100000008221765100,peripheral,1.0000000000,10,0.3296101644,in_deg=1; out_deg=0; in=156354; out=0 KZT; tx=1/0; role_score=1.000; depth=4; truncated=1; is_seed=0,4,False,1,0,156354.0000000000,0.0000000000,1,0,0.0005372046,0.0000000000,True,True,1,1,0,0.0000000000,0.0000000000,0.0000000000,0.8329626335,0.0000000000,0.0000000000,0.0000000000,0.0000000000,0.0000000000,1.0000000000,0.6610587707,0.2626738448,0.0000000000
100000008223661100,coordinator,0.7710157127,42,0.7281615127,in_deg=2; out_deg=5; in=202000; out=262580 KZT; tx=2/5; bet_pct=0.882; pr_pct=0.511; depth=3; truncated=0; is_seed=0,3,False,2,5,202000.0000000000,262580.0000000000,2,5,0.0003130579,1.2999009901,False,True,5,12,0,0.0000000000,0.0003254232,0.8823038397,0.5113434164,0.5113812978,0.6119176460,0.6226842322,0.0000000000,0.7710157127,0.2289842873,0.8494840736,0.8685509197,0.0000000000
100000008223756100,consolidator,0.8206406769,8,0.3840444834,in_deg=2; out_deg=0; in=331682; out=0 KZT; tx=2/0; role_score=0.821; depth=3; truncated=0; is_seed=0,3,False,2,0,331682.0000000000,0.0000000000,2,0,0.0003542039,0.0000000000,False,True,2,4,0,0.0000000000,0.0000000000,0.0000000000,0.6367882562,0.8206406769,0.0000000000,0.0000000000,0.8206406769,0.0000000000,0.1793593231,0.7907133244,0.6056527591,0.0000000000
100000008229700100,peripheral,0.7649164432,7,0.1943752065,in_deg=1; out_deg=1; in=23500; out=7200 KZT; tx=1/1; role_score=0.765; depth=1; truncated=0; is_seed=0,1,False,1,1,23500.0000000000,7200.0000000000,1,1,0.0002879118,0.3063829787,False,True,2,12,0,0.0000000000,0.0000001981,0.0091819699,0.1494661922,0.0000000000,0.1113275901,0.0000000000,0.2350835568,0.0512672366,0.7649164432,0.3115746972,0.6056527591,0.0000000000
100000008232832100,peripheral,0.6046350525,42,0.4374381984,in_deg=1; out_deg=1; in=337000; out=138000 KZT; tx=2/1; role_score=0.605; depth=1; truncated=0; is_seed=0,1,False,1,1,337000.0000000000,138000.0000000000,2,1,0.0004905494,0.4094955490,False,True,2,8,0,0.0000000000,0.0000000000,0.0000000000,0.7720195730,0.0000000000,0.2422990833,0.0000000000,0.3953649475,0.0000000000,0.6046350525,0.8519515478,0.7243158367,0.0000000000
100000008237827100,peripheral,0.6115896041,2,0.1719839748,in_deg=1; out_deg=0; in=40001; out=0 KZT; tx=1/0; role_score=0.612; depth=1; truncated=0; is_seed=0,1,False,1,0,40001.0000000000,0.0000000000,1,0,0.0002919821,0.0000000000,False,True,1,1,0,0.0000000000,0.0000000000,0.0000000000,0.2711298932,0.0000000000,0.0000000000,0.0000000000,0.3884103959,0.0000000000,0.6115896041,0.3676536563,0.2626738448,0.0000000000
100000008238112100,terminal,0.5014354790,10,0.2467969485,in_deg=1; out_deg=0; in=190000; out=0 KZT; tx=1/0; out/in=0; prev_day=0.000; depth=3; truncated=0; is_seed=0,3,False,1,0,190000.0000000000,0.0000000000,1,0,0.0002901440,0.0000000000,False,True,1,1,0,0.0000000000,0.0000000000,0.0000000000,0.2244217082,0.0000000000,0.0000000000,0.0000000000,0.5014354790,0.0000000000,0.4985645210,0.6949304621,0.2626738448,0.0000000000
100000008238989100,terminal,0.6421124207,29,0.3511071304,in_deg=1; out_deg=0; in=200000; out=0 KZT; tx=2/0; out/in=0; prev_day=0.000; depth=2; truncated=0; is_seed=0,2,False,1,0,200000.0000000000,0.0000000000,2,0,0.0003214609,0.0000000000,False,True,2,2,0,0.0000000000,0.0000000000,0.0000000000,0.5551601423,0.0000000000,0.0000000000,0.0000000000,0.6421124207,0.0000000000,0.3578875793,0.7079407806,0.6056527591,0.0000000000
100000008244300100,consolidator,0.8257781807,10,0.3627871851,in_deg=5; out_deg=0; in=65430; out=0 KZT; tx=6/0; role_score=0.826; depth=1; truncated=0; is_seed=0,1,False,5,0,65430.0000000000,0.0000000000,6,0,0.0004764707,0.0000000000,False,True,6,17,0,0.0000000000,0.0000000000,0.0000000000,0.7622330961,0.8257781807,0.0000000000,0.0000000000,0.8257781807,0.0000000000,0.1742218193,0.4851951548,0.8476895469,0.0000000000
100000008251939100,peripheral,1.0000000000,18,0.1962367875,in_deg=1; out_deg=0; in=44360; out=0 KZT; tx=1/0; role_score=1.000; depth=4; truncated=1; is_seed=0,4,False,1,0,44360.0000000000,0.0000000000,1,0,0.0003005164,0.0000000000,True,True,1,1,0,0.0000000000,0.0000000000,0.0000000000,0.4081405694,0.0000000000,0.0000000000,0.0000000000,0.0000000000,0.0000000000,1.0000000000,0.3824585016,0.2626738448,0.0000000000
100000008254069100,coordinator,0.6920943640,47,0.6305133103,in_deg=1; out_deg=5; in=10200; out=107500 KZT; tx=2/6; bet_pct=0.727; pr_pct=0.611; depth=2; truncated=0; is_seed=0,2,False,1,5,10200.0000000000,107500.0000000000,2,6,0.0003405686,10.5392156863,False,True,4,11,0,0.0000000000,0.0000935121,0.7270450751,0.6105427046,0.0000000000,0.2814296633,0.6381884406,0.0000000000,0.6920943640,0.3079056360,0.6081202333,0.8829071332,0.0000000000
100000008254576100,peripheral,0.6657280595,38,0.3808528837,in_deg=1; out_deg=1; in=8000; out=60000 KZT; tx=1/1; role_score=0.666; depth=3; truncated=0; is_seed=0,3,False,1,1,8000.0000000000,60000.0000000000,1,1,0.0002900787,7.5000000000,False,True,2,29,0,0.0000000000,0.0000196165,0.3823038397,0.2221975089,0.0000000000,0.1809522011,0.0000000000,0.0000000000,0.3342719405,0.6657280595,0.4914759982,0.6056527591,0.0000000000
100000008255655100,peripheral,1.0000000000,28,0.1649084466,in_deg=1; out_deg=0; in=5400; out=0 KZT; tx=1/0; role_score=1.000; depth=4; truncated=1; is_seed=0,4,False,1,0,5400.0000000000,0.0000000000,1,0,0.0005280526,0.0000000000,True,True,1,1,0,0.0000000000,0.0000000000,0.0000000000,0.8049377224,0.0000000000,0.0000000000,0.0000000000,0.0000000000,0.0000000000,1.0000000000,0.0190668461,0.2626738448,0.0000000000
100000008258083100,coordinator,0.7831662275,33,0.8480658414,in_deg=2; out_deg=2; in=3.1495e+06; out=2.04565e+06 KZT; tx=13/6; bet_pct=0.710; pr_pct=0.953; depth=2; truncated=0; is_seed=0,2,False,2,2,3149500.0000000000,2045650.0000000000,13,6,0.0010411089,0.6495157962,False,True,12,30,4,0.6666666667,0.0000776736,0.7103505843,0.9530693950,0.7088621940,0.6533732422,0.5574567723,0.3312600023,0.7831662275,0.2168337725,0.9948407358,0.9589502019,0.6393001346
100000008258458100,distributor,0.5817723343,67,0.5847835394,in_deg=1; out_deg=2; in=19000; out=1.55799e+06 KZT; tx=1/4; role_score=0.582; depth=3; truncated=0; is_seed=0,3,False,1,2,19000.0000000000,1557988.0000000000,1,4,0.0002896907,81.9993684211,False,True,3,16,0,0.0000000000,0.0000384405,0.5442404007,0.2128558719,0.0000000000,0.2087032669,0.5817723343,0.0000000000,0.4448250420,0.4182276657,0.9558097802,0.8227904890,0.0000000000
100000008259451100,peripheral,0.5803112723,40,0.2126927889,in_deg=1; out_deg=0; in=55000; out=0 KZT; tx=1/0; role_score=0.580; depth=3; truncated=0; is_seed=0,3,False,1,0,55000.0000000000,0.0000000000,1,0,0.0002995299,0.0000000000,False,True,1,1,0,0.0000000000,0.0000000000,0.0000000000,0.3974644128,0.0000000000,0.0000000000,0.0000000000,0.4196887277,0.0000000000,0.5803112723,0.4546882010,0.2626738448,0.0000000000
100000008279405100,terminal,0.6511030523,8,0.3624179820,in_deg=1; out_deg=0; in=234738; out=0 KZT; tx=2/0; out/in=0; prev_day=0.000; depth=3; truncated=0; is_seed=0,3,False,1,0,234738.0000000000,0.0000000000,2,0,0.0003314205,0.0000000000,False,True,2,11,0,0.0000000000,0.0000000000,0.0000000000,0.5860765125,0.0000000000,0.0000000000,0.0000000000,0.6511030523,0.0000000000,0.3488969477,0.7346343652,0.6056527591,0.0000000000
100000008283183100,peripheral,0.6387126020,22,0.1582765010,in_deg=1; out_deg=0; in=29000; out=0 KZT; tx=1/0; role_score=0.639; depth=2; truncated=0; is_seed=0,2,False,1,0,29000.0000000000,0.0000000000,1,0,0.0002938124,0.0000000000,False,True,1,1,0,0.0000000000,0.0000000000,0.0000000000,0.3076067616,0.0000000000,0.0000000000,0.0000000000,0.3612873980,0.0000000000,0.6387126020,0.2909376402,0.2626738448,0.0000000000
100000008289539100,peripheral,0.7030069507,3,0.0974942634,in_deg=1; out_deg=0; in=14912; out=0 KZT; tx=1/0; role_score=0.703; depth=2; truncated=0; is_seed=0,2,False,1,0,14912.0000000000,0.0000000000,1,0,0.0002887448,0.0000000000,False,True,1,1,0,0.0000000000,0.0000000000,0.0000000000,0.1790480427,0.0000000000,0.0000000000,0.0000000000,0.2969930493,0.0000000000,0.7030069507,0.1249439210,0.2626738448,0.0000000000
100000008293431100,distributor,0.6991674672,0,0.5590358449,in_deg=1; out_deg=5; in=15000; out=297000 KZT; tx=1/7; role_score=0.699; depth=3; truncated=0; is_seed=0,3,False,1,5,15000.0000000000,297000.0000000000,1,7,0.0002853574,19.8000000000,False,True,7,15,0,0.0000000000,0.0000568706,0.6385642738,0.0473754448,0.0000000000,0.1984975167,0.6991674672,0.0000000000,0.4612076251,0.3008325328,0.7839838493,0.8829071332,0.0000000000
100000008295429100,terminal,0.5361891810,10,0.2902068126,in_deg=1; out_deg=0; in=352000; out=0 KZT; tx=1/0; out/in=0; prev_day=0.000; depth=3; truncated=0; is_seed=0,3,False,1,0,352000.0000000000,0.0000000000,1,0,0.0002953508,0.0000000000,False,True,1,1,0,0.0000000000,0.0000000000,0.0000000000,0.3347419929,0.0000000000,0.0000000000,0.0000000000,0.5361891810,0.0000000000,0.4638108190,0.8023777479,0.2626738448,0.0000000000
100000008297199100,peripheral,0.6085675431,0,0.1828560784,in_deg=1; out_deg=0; in=42268; out=0 KZT; tx=1/0; role_score=0.609; depth=3; truncated=0; is_seed=0,3,False,1,0,42268.0000000000,0.0000000000,1,0,0.0002949734,0.0000000000,False,True,1,1,0,0.0000000000,0.0000000000,0.0000000000,0.3294039146,0.0000000000,0.0000000000,0.0000000000,0.3914324569,0.0000000000,0.6085675431,0.3761776581,0.2626738448,0.0000000000
100000008304115100,peripheral,0.5869598066,7,0.1901286912,in_deg=1; out_deg=0; in=51000; out=0 KZT; tx=1/0; role_score=0.587; depth=1; truncated=0; is_seed=0,1,False,1,0,51000.0000000000,0.0000000000,1,0,0.0002924458,0.0000000000,False,True,1,1,0,0.0000000000,0.0000000000,0.0000000000,0.2818060498,0.0000000000,0.0000000000,0.0000000000,0.4130401934,0.0000000000,0.5869598066,0.4338268282,0.2626738448,0.0000000000
100000008304139100,distributor,0.8877624537,2,0.8065596820,in_deg=4; out_deg=24; in=189330; out=1.693e+06 KZT; tx=4/43; role_score=0.888; depth=1; truncated=0; is_seed=0,1,False,4,24,189329.7500000000,1692997.0000000000,4,43,0.0003118822,8.9420548012,False,True,24,30,4,0.0930232558,0.0013103045,0.9474123539,0.5020017794,0.5021802012,0.6039747316,0.8877624537,0.0000000000,0.8137891816,0.1122375463,0.9670255720,0.9912516824,0.0922094588
100000008306857100,peripheral,0.5249320036,24,0.2267263688,in_deg=1; out_deg=0; in=125000; out=0 KZT; tx=1/0; role_score=0.525; depth=3; truncated=0; is_seed=0,3,False,1,0,125000.0000000000,0.0000000000,1,0,0.0002899486,0.0000000000,False,True,1,1,0,0.0000000000,0.0000000000,0.0000000000,0.2199733096,0.0000000000,0.0000000000,0.0000000000,0.4750679964,0.0000000000,0.5249320036,0.6173171826,0.2626738448,0.0000000000
100000008308418100,peripheral,1.0000000000,0,0.2550196705,in_deg=1; out_deg=0; in=50000; out=0 KZT; tx=1/0; role_score=1.000; depth=4; truncated=1; is_seed=0,4,False,1,0,50000.0000000000,0.0000000000,1,0,0.0004291053,0.0000000000,True,True,1,1,0,0.0000000000,0.0000000000,0.0000000000,0.7319839858,0.0000000000,0.0000000000,0.0000000000,0.0000000000,0.0000000000,1.0000000000,0.4232839838,0.2626738448,0.0000000000
100000008309514100,peripheral,0.6886521608,22,0.0940296115,in_deg=1; out_deg=0; in=17200; out=0 KZT; tx=1/0; role_score=0.689; depth=3; truncated=0; is_seed=0,3,False,1,0,17200.0000000000,0.0000000000,1,0,0.0002867022,0.0000000000,False,True,1,1,0,0.0000000000,0.0000000000,0.0000000000,0.0905249110,0.0000000000,0.0000000000,0.0000000000,0.3113478392,0.0000000000,0.6886521608,0.1641991925,0.2626738448,0.0000000000
100000008314203100,consolidator,0.6786038078,42,0.5231999648,in_deg=2; out_deg=2; in=382076; out=327000 KZT; tx=10/13; role_score=0.679; depth=0; truncated=0; is_seed=1,0,True,2,2,382076.0000000000,327000.0000000000,10,13,0.0004992321,0.8558506685,False,True,13,21,5,0.3846153846,0.0000000000,0.0000000000,0.7769128114,0.6786038078,0.6709414025,0.5362031700,0.0000000000,0.0000000000,0.3213961922,0.8961417676,0.9690444145,0.3727093902
100000008314863100,peripheral,0.7137352675,2,0.1815092754,in_deg=1; out_deg=0; in=12000; out=0 KZT; tx=1/0; role_score=0.714; depth=3; truncated=0; is_seed=0,3,False,1,0,12000.0000000000,0.0000000000,1,0,0.0005138944,0.0000000000,False,True,1,1,0,0.0000000000,0.0000000000,0.0000000000,0.7862544484,0.0000000000,0.0000000000,0.0000000000,0.2862647325,0.0000000000,0.7137352675,0.0966801256,0.2626738448,0.0000000000
100000008321975100,peripheral,1.0000000000,32,0.1088487060,in_deg=1; out_deg=0; in=5900; out=0 KZT; tx=1/0; role_score=1.000; depth=4; truncated=1; is_seed=0,4,False,1,0,5900.0000000000,0.0000000000,1,0,0.0003015699,0.0000000000,True,True,1,1,0,0.0000000000,0.0000000000,0.0000000000,0.4214857651,0.0000000000,0.0000000000,0.0000000000,0.0000000000,0.0000000000,1.0000000000,0.0248990579,0.2626738448,0.0000000000
100000008324800100,consolidator,0.8339471895,82,0.7028375443,in_deg=3; out_deg=1; in=526500; out=511000 KZT; tx=17/13; role_score=0.834; depth=2; truncated=0; is_seed=0,2,False,3,1,526500.0000000000,511000.0000000000,17,13,0.0019458215,0.9705603039,False,True,8,15,10,0.7692307692,0.0000192202,0.2863105175,0.9837633452,0.8339471895,0.6100517437,0.0000000000,0.0280584592,0.4955463658,0.1660528105,0.9306864065,0.9800358905,0.7538737619
100000008327791100,peripheral,1.0000000000,28,0.1854105948,in_deg=1; out_deg=0; in=11000; out=0 KZT; tx=1/0; role_score=1.000; depth=4; truncated=1; is_seed=0,4,False,1,0,11000.0000000000,0.0000000000,1,0,0.0005335792,0.0000000000,True,True,1,1,0,0.0000000000,0.0000000000,0.0000000000,0.8227313167,0.0000000000,0.0000000000,0.0000000000,0.0000000000,0.0000000000,1.0000000000,0.0903992822,0.2626738448,0.0000000000
100000008331280100,peripheral,1.0000000000,14,0.2630397899,in_deg=1; out_deg=0; in=41000; out=0 KZT; tx=2/0; role_score=1.000; depth=4; truncated=1; is_seed=0,4,False,1,0,41000.0000000000,0.0000000000,2,0,0.0003162820,0.0000000000,True,True,2,23,0,0.0000000000,0.0000000000,0.0000000000,0.5295818505,0.0000000000,0.0000000000,0.0000000000,0.0000000000,0.0000000000,1.0000000000,0.3710183939,0.6056527591,0.0000000000
100000008332511100,peripheral,0.5390601390,1,0.3269727869,in_deg=1; out_deg=0; in=100000; out=0 KZT; tx=1/0; role_score=0.539; depth=3; truncated=0; is_seed=0,3,False,1,0,100000.0000000000,0.0000000000,1,0,0.0011043230,0.0000000000,False,True,1,1,0,0.0000000000,0.0000000000,0.0000000000,0.9570729537,0.0000000000,0.0000000000,0.0000000000,0.4609398610,0.0000000000,0.5390601390,0.5760430686,0.2626738448,0.0000000000
100000008333492100,peripheral,1.0000000000,57,0.3302691022,in_deg=1; out_deg=0; in=216400; out=0 KZT; tx=1/0; role_score=1.000; depth=4; truncated=1; is_seed=0,4,False,1,0,216400.0000000000,0.0000000000,1,0,0.0004354838,0.0000000000,True,True,1,1,0,0.0000000000,0.0000000000,0.0000000000,0.7386565836,0.0000000000,0.0000000000,0.0000000000,0.0000000000,0.0000000000,1.0000000000,0.7202781516,0.2626738448,0.0000000000
100000008335401100,terminal,0.6585071018,18,0.3977149770,in_deg=1; out_deg=0; in=150000; out=0 KZT; tx=3/0; out/in=0; prev_day=0.000; depth=2; truncated=0; is_seed=0,2,False,1,0,150000.0000000000,0.0000000000,3,0,0.0005478807,0.0000000000,False,True,1,1,0,0.0000000000,0.0000000000,0.0000000000,0.8485320285,0.0000000000,0.0000000000,0.0000000000,0.6585071018,0.0000000000,0.3414928982,0.6471511889,0.7243158367,0.0000000000
100000008336318100,peripheral,1.0000000000,4,0.2938713630,in_deg=1; out_deg=0; in=170000; out=0 KZT; tx=1/0; role_score=1.000; depth=4; truncated=1; is_seed=0,4,False,1,0,170000.0000000000,0.0000000000,1,0,0.0003249187,0.0000000000,True,True,1,1,0,0.0000000000,0.0000000000,0.0000000000,0.5651690391,0.0000000000,0.0000000000,0.0000000000,0.0000000000,0.0000000000,1.0000000000,0.6787797218,0.2626738448,0.0000000000
100000008337304100,peripheral,1.0000000000,8,0.3330396123,in_deg=1; out_deg=0; in=105465; out=0 KZT; tx=2/0; role_score=1.000; depth=4; truncated=1; is_seed=0,4,False,1,0,105465.0000000000,0.0000000000,2,0,0.0003522772,0.0000000000,True,True,1,1,0,0.0000000000,0.0000000000,0.0000000000,0.6332295374,0.0000000000,0.0000000000,0.0000000000,0.0000000000,0.0000000000,1.0000000000,0.5888290713,0.6056527591,0.0000000000
100000008343415100,peripheral,1.0000000000,8,0.3628560964,in_deg=1; out_deg=0; in=100000; out=0 KZT; tx=3/0; role_score=1.000; depth=4; truncated=1; is_seed=0,4,False,1,0,100000.0000000000,0.0000000000,3,0,0.0004314669,0.0000000000,True,True,1,1,0,0.0000000000,0.0000000000,0.0000000000,0.7346530249,0.0000000000,0.0000000000,0.0000000000,0.0000000000,0.0000000000,1.0000000000,0.5760430686,0.7243158367,0.0000000000
100000008343874100,consolidator,0.6102674524,8,0.6614767377,in_deg=2; out_deg=2; in=283535; out=176400 KZT; tx=2/5; role_score=0.610; depth=3; truncated=0; is_seed=0,3,False,2,2,283535.0000000000,176400.0000000000,2,5,0.0003059599,0.6221454141,False,True,5,20,3,0.6000000000,0.0000388368,0.5676126878,0.4566281139,0.6102674524,0.5339968521,0.4627161383,0.3074564740,0.5343173156,0.3897325476,0.8476895469,0.8685509197,0.5211305518
100000008346837100,coordinator,0.9521069740,12,0.9075344892,in_deg=9; out_deg=25; in=254359; out=1.25864e+06 KZT; tx=12/26; bet_pct=0.999; pr_pct=0.842; depth=2; truncated=0; is_seed=0,2,False,9,25,254359.0000000000,1258643.0000000000,12,26,0.0005440590,4.9482935536,False,True,15,21,12,0.4615384615,0.0089811563,0.9991652755,0.8423042705,0.5915528950,0.6971848000,0.8101373114,0.0000000000,0.9521069740,0.0478930260,0.9522207268,0.9860924181,0.4551195776
100000008349675100,peripheral,0.7345627814,1,0.2569478048,in_deg=1; out_deg=1; in=46520; out=36650 KZT; tx=1/2; role_score=0.735; depth=1; truncated=0; is_seed=0,1,False,1,1,46520.0000000000,36650.0000000000,1,2,0.0002866874,0.7878331900,False,True,2,9,0,0.0000000000,0.0000001981,0.0091819699,0.0883007117,0.0000000000,0.2654372186,0.0000000000,0.0846519283,0.0329175925,0.7345627814,0.5273665321,0.7243158367,0.0000000000
100000008349740100,peripheral,1.0000000000,20,0.2517152428,in_deg=1; out_deg=0; in=70000; out=0 KZT; tx=2/0; role_score=1.000; depth=4; truncated=1; is_seed=0,4,False,1,0,70000.0000000000,0.0000000000,2,0,0.0002909473,0.0000000000,True,True,2,4,0,0.0000000000,0.0000000000,0.0000000000,0.2462188612,0.0000000000,0.0000000000,0.0000000000,0.0000000000,0.0000000000,1.0000000000,0.4957379991,0.6056527591,0.0000000000
100000008352542100,peripheral,0.5881686310,2,0.2341060705,in_deg=1; out_deg=0; in=50220; out=0 KZT; tx=1/0; role_score=0.588; depth=2; truncated=0; is_seed=0,2,False,1,0,50220.0000000000,0.0000000000,1,0,0.0003296315,0.0000000000,False,True,1,1,0,0.0000000000,0.0000000000,0.0000000000,0.5798487544,0.0000000000,0.0000000000,0.0000000000,0.4118313690,0.0000000000,0.5881686310,0.4309107223,0.2626738448,0.0000000000
100000008356606100,consolidator,0.7819582956,12,0.3937449260,in_deg=2; out_deg=0; in=168500; out=0 KZT; tx=2/0; role_score=0.782; depth=2; truncated=0; is_seed=0,2,False,2,0,168500.0000000000,0.0000000000,2,0,0.0006230027,0.0000000000,False,True,2,15,0,0.0000000000,0.0000000000,0.0000000000,0.8921263345,0.7819582956,0.0000000000,0.0000000000,0.7819582956,0.0000000000,0.2180417044,0.6763122476,0.6056527591,0.0000000000
100000008376089100,peripheral,0.5210033243,33,0.2576404040,in_deg=1; out_deg=0; in=135000; out=0 KZT; tx=1/0; role_score=0.521; depth=2; truncated=0; is_seed=0,2,False,1,0,135000.0000000000,0.0000000000,1,0,0.0003007490,0.0000000000,False,True,1,1,0,0.0000000000,0.0000000000,0.0000000000,0.4103647687,0.0000000000,0.0000000000,0.0000000000,0.4789966757,0.0000000000,0.5210033243,0.6267384477,0.2626738448,0.0000000000
100000008376785100,peripheral,1.0000000000,10,0.3952897516,in_deg=1; out_deg=0; in=234250; out=0 KZT; tx=2/0; role_score=1.000; depth=4; truncated=1; is_seed=0,4,False,1,0,234250.0000000000,0.0000000000,2,0,0.0005286572,0.0000000000,True,True,2,8,0,0.0000000000,0.0000000000,0.0000000000,0.8067170819,0.0000000000,0.0000000000,0.0000000000,0.0000000000,0.0000000000,1.0000000000,0.7337371018,0.6056527591,0.0000000000
100000008379273100,coordinator,0.7761593685,18,0.6415229324,in_deg=2; out_deg=4; in=36000; out=38000 KZT; tx=2/4; bet_pct=0.954; pr_pct=0.361; depth=3; truncated=0; is_seed=0,3,False,2,4,36000.0000000000,38000.0000000000,2,4,0.0002973869,1.0555555556,False,True,5,19,0,0.0000000000,0.0017005149,0.9540901503,0.3609875445,0.4451999597,0.5071015977,0.4765049632,0.0000000000,0.7761593685,0.2238406315,0.5051592642,0.8476895469,0.0000000000
100000008383405100,peripheral,0.5163946812,21,0.2206882814,in_deg=1; out_deg=0; in=25000; out=0 KZT; tx=2/0; role_score=0.516; depth=1; truncated=0; is_seed=0,1,False,1,0,25000.0000000000,0.0000000000,2,0,0.0003043598,0.0000000000,False,True,2,8,0,0.0000000000,0.0000000000,0.0000000000,0.4423932384,0.0000000000,0.0000000000,0.0000000000,0.4836053188,0.0000000000,0.5163946812,0.2539255271,0.6056527591,0.0000000000
100000008388049100,terminal,0.5514505893,24,0.3241804639,in_deg=1; out_deg=0; in=496400; out=0 KZT; tx=1/0; out/in=0; prev_day=0.000; depth=3; truncated=0; is_seed=0,3,False,1,0,496400.0000000000,0.0000000000,1,0,0.0003075125,0.0000000000,False,True,1,1,0,0.0000000000,0.0000000000,0.0000000000,0.4655249110,0.0000000000,0.0000000000,0.0000000000,0.5514505893,0.0000000000,0.4485494107,0.8598026021,0.2626738448,0.0000000000
100000008389800100,coordinator,0.8056443791,16,0.7945897984,in_deg=3; out_deg=7; in=189000; out=401620 KZT; tx=3/8; bet_pct=0.817; pr_pct=0.779; depth=2; truncated=0; is_seed=0,2,False,3,7,189000.0000000000,401620.0000000000,3,8,0.0005020113,2.1249735450,False,True,7,10,3,0.3750000000,0.0001593101,0.8171953255,0.7786921708,0.5534035963,0.6491074912,0.6852665706,0.0000000000,0.8056443791,0.1943556209,0.8813369224,0.9143113504,0.3428667564
100000008405209100,peripheral,0.5813689937,28,0.1950714428,in_deg=1; out_deg=0; in=54400; out=0 KZT; tx=1/0; role_score=0.581; depth=3; truncated=0; is_seed=0,3,False,1,0,54400.0000000000,0.0000000000,1,0,0.0002925373,0.0000000000,False,True,1,1,0,0.0000000000,0.0000000000,0.0000000000,0.2844750890,0.0000000000,0.0000000000,0.0000000000,0.4186310063,0.0000000000,0.5813689937,0.4519964109,0.2626738448,0.0000000000
100000008406609100,peripheral,0.6247355697,47,0.2318831983,in_deg=1; out_deg=0; in=34000; out=0 KZT; tx=1/0; role_score=0.625; depth=2; truncated=0; is_seed=0,2,False,1,0,34000.0000000000,0.0000000000,1,0,0.0004279127,0.0000000000,False,True,1,1,0,0.0000000000,0.0000000000,0.0000000000,0.7306494662,0.0000000000,0.0000000000,0.0000000000,0.3752644303,0.0000000000,0.6247355697,0.3315388066,0.2626738448,0.0000000000
100000008413748100,distributor,0.8817843420,28,0.8685738403,in_deg=2; out_deg=18; in=26480; out=1.37732e+06 KZT; tx=2/21; role_score=0.882; depth=2; truncated=0; is_seed=0,2,False,2,18,26480.0000000000,1377320.2200000000,2,21,0.0003886635,52.0136034743,False,True,5,9,14,0.6666666667,0.0006247168,0.9090150250,0.6901690391,0.3540344515,0.4644115160,0.8817843420,0.0000000000,0.8433612293,0.1182156580,0.9477344100,0.9690444145,0.6460296097
100000008416433100,peripheral,0.6745240254,40,0.1203346647,in_deg=1; out_deg=0; in=20000; out=0 KZT; tx=1/0; role_score=0.675; depth=3; truncated=0; is_seed=0,3,False,1,0,20000.0000000000,0.0000000000,1,0,0.0002896710,0.0000000000,False,True,1,1,0,0.0000000000,0.0000000000,0.0000000000,0.2101868327,0.0000000000,0.0000000000,0.0000000000,0.3254759746,0.0000000000,0.6745240254,0.1976222521,0.2626738448,0.0000000000
100000008417029100,peripheral,0.5390601390,4,0.2506382674,in_deg=1; out_deg=0; in=100000; out=0 KZT; tx=1/0; role_score=0.539; depth=3; truncated=0; is_seed=0,3,False,1,0,100000.0000000000,0.0000000000,1,0,0.0003049577,0.0000000000,False,True,1,1,0,0.0000000000,0.0000000000,0.0000000000,0.4481761566,0.0000000000,0.0000000000,0.0000000000,0.4609398610,0.0000000000,0.5390601390,0.5760430686,0.2626738448,0.0000000000
100000008417359100,peripheral,0.5491114313,28,0.3486001731,in_deg=1; out_deg=2; in=40810; out=110760 KZT; tx=2/3; role_score=0.549; depth=3; truncated=0; is_seed=0,3,False,1,2,40810.0000000000,110760.0000000000,2,3,0.0002904139,2.7140406763,False,True,5,26,1,0.3333333333,0.0000000000,0.0000000000,0.2293149466,0.0000000000,0.4074084185,0.4508885687,0.0000000000,0.0000000000,0.5491114313,0.6534320323,0.8227904890,0.2742634963
100000008418835100,coordinator,0.8514511508,70,0.8634891465,in_deg=1; out_deg=4; in=1.372e+06; out=186179 KZT; tx=67/6; bet_pct=0.877; pr_pct=0.791; depth=0; truncated=0; is_seed=1,0,True,1,4,1372000.0000000000,186179.0000000000,67,6,0.0005254690,0.1356989796,False,True,18,31,3,0.5000000000,0.0003166387,0.8772954925,0.7911476868,0.0000000000,0.6775936599,0.6419308357,0.0000000000,0.8514511508,0.1485488492,0.9544638852,0.9957379991,0.4978689996
100000008418934100,terminal,0.5370957993,4,0.3216539272,in_deg=1; out_deg=0; in=360000; out=0 KZT; tx=1/0; out/in=0; prev_day=0.000; depth=2; truncated=0; is_seed=0,2,False,1,0,360000.0000000000,0.0000000000,1,0,0.0003176868,0.0000000000,False,True,1,1,0,0.0000000000,0.0000000000,0.0000000000,0.5380338078,0.0000000000,0.0000000000,0.0000000000,0.5370957993,0.0000000000,0.4629042007,0.8061911171,0.2626738448,0.0000000000
100000008422226100,peripheral,0.5511483832,0,0.2023079535,in_deg=1; out_deg=0; in=87450; out=0 KZT; tx=1/0; role_score=0.551; depth=3; truncated=0; is_seed=0,3,False,1,0,87450.0000000000,0.0000000000,1,0,0.0002889281,0.0000000000,False,True,1,1,0,0.0000000000,0.0000000000,0.0000000000,0.1861654804,0.0000000000,0.0000000000,0.0000000000,0.4488516168,0.0000000000,0.5511483832,0.5399282189,0.2626738448,0.0000000000
100000008427027100,terminal,0.5290873376,2,0.3608368847,in_deg=1; out_deg=0; in=300000; out=0 KZT; tx=1/0; out/in=0; prev_day=0.000; depth=3; truncated=0; is_seed=0,3,False,1,0,300000.0000000000,0.0000000000,1,0,0.0005479296,0.0000000000,False,True,1,1,0,0.0000000000,0.0000000000,0.0000000000,0.8489768683,0.0000000000,0.0000000000,0.0000000000,0.5290873376,0.0000000000,0.4709126624,0.7763571108,0.2626738448,0.0000000000
100000008430691100,peripheral,0.5064841499,51,0.5320090781,in_deg=1; out_deg=2; in=20000; out=604900 KZT; tx=1/2; role_score=0.506; depth=3; truncated=0; is_seed=0,3,False,1,2,20000.0000000000,604900.0000000000,1,2,0.0003052867,30.2450000000,False,True,2,8,0,0.0000000000,0.0000196165,0.3823038397,0.4495106762,0.0000000000,0.2142497123,0.4935158501,0.0000000000,0.4024658907,0.5064841499,0.8885150292,0.7243158367,0.0000000000
100000008432942100,terminal,0.5302206105,0,0.1994464298,in_deg=1; out_deg=0; in=44542; out=0 KZT; tx=2/0; out/in=0; prev_day=0.000; depth=3; truncated=0; is_seed=0,3,False,1,0,44542.0000000000,0.0000000000,2,0,0.0002865284,0.0000000000,False,True,2,12,0,0.0000000000,0.0000000000,0.0000000000,0.0820729537,0.0000000000,0.0000000000,0.0000000000,0.5302206105,0.0000000000,0.4697793895,0.3851502916,0.6056527591,0.0000000000
100000008436257100,consolidator,0.6653067392,28,0.2193086093,in_deg=2; out_deg=0; in=35000; out=0 KZT; tx=2/0; role_score=0.665; depth=3; truncated=0; is_seed=0,3,False,2,0,35000.0000000000,0.0000000000,2,0,0.0002929826,0.0000000000,False,True,1,1,0,0.0000000000,0.0000000000,0.0000000000,0.2933718861,0.6653067392,0.0000000000,0.0000000000,0.6653067392,0.0000000000,0.3346932608,0.3378196501,0.6056527591,0.0000000000
100000008438656100,terminal,0.6849218042,2,0.4651350915,in_deg=2; out_deg=1; in=80000; out=5000 KZT; tx=2/1; out/in=0.0625; prev_day=0.000; depth=1; truncated=0; is_seed=0,1,False,2,1,80000.0000000000,5000.0000000000,2,1,0.0002957647,0.0625000000,False,True,2,15,0,0.0000000000,0.0000237776,0.4908180301,0.3423042705,0.6088193815,0.0923946326,0.0000000000,0.6849218042,0.4462639022,0.3150781958,0.5334230597,0.7243158367,0.0000000000
100000008443341100,coordinator,0.8946968628,7,0.7072407598,in_deg=2; out_deg=3; in=34500; out=50000 KZT; tx=2/4; bet_pct=0.891; pr_pct=0.904; depth=1; truncated=0; is_seed=0,1,False,2,3,34500.0000000000,50000.0000000000,2,4,0.0006644485,1.4492753623,False,True,4,18,0,0.0000000000,0.0003600990,0.8906510851,0.9041370107,0.4644454518,0.4653722382,0.4526416907,0.0000000000,0.8946968628,0.1053031372,0.5309555855,0.8476895469,0.0000000000
100000008454065100,peripheral,0.6562405561,40,0.1368594376,in_deg=1; out_deg=0; in=24050; out=0 KZT; tx=1/0; role_score=0.656; depth=3; truncated=0; is_seed=0,3,False,1,0,24050.0000000000,0.0000000000,1,0,0.0002908118,0.0000000000,False,True,1,1,0,0.0000000000,0.0000000000,0.0000000000,0.2422153025,0.0000000000,0.0000000000,0.0000000000,0.3437594439,0.0000000000,0.6562405561,0.2445042620,0.2626738448,0.0000000000
100000008459449100,peripheral,0.5824267150,0,0.2072737653,in_deg=1; out_deg=0; in=53700; out=0 KZT; tx=1/0; role_score=0.582; depth=3; truncated=0; is_seed=0,3,False,1,0,53700.0000000000,0.0000000000,1,0,0.0002979313,0.0000000000,False,True,1,1,0,0.0000000000,0.0000000000,0.0000000000,0.3725533808,0.0000000000,0.0000000000,0.0000000000,0.4175732850,0.0000000000,0.5824267150,0.4479587259,0.2626738448,0.0000000000
100000008460102100,distributor,0.8924148955,18,0.7571512996,in_deg=1; out_deg=31; in=17500; out=476570 KZT; tx=1/34; role_score=0.892; depth=3; truncated=0; is_seed=0,3,False,1,31,17500.0000000000,476570.0000000000,1,34,0.0002980641,27.2325714286,False,True,9,25,4,0.1176470588,0.0009777226,0.9340567613,0.3754448399,0.0000000000,0.2097589870,0.8924148955,0.0000000000,0.7664731848,0.1075851045,0.8589053387,0.9840735756,0.1157733618
100000008461217100,peripheral,1.0000000000,45,0.2093576973,in_deg=1; out_deg=0; in=18000; out=0 KZT; tx=1/0; role_score=1.000; depth=4; truncated=1; is_seed=0,4,False,1,0,18000.0000000000,0.0000000000,1,0,0.0005423216,0.0000000000,True,True,1,1,0,0.0000000000,0.0000000000,0.0000000000,0.8391903915,0.0000000000,0.0000000000,0.0000000000,0.0000000000,0.0000000000,1.0000000000,0.1763122476,0.2626738448,0.0000000000
100000008461532100,coordinator,0.8774309124,14,0.8217683948,in_deg=2; out_deg=8; in=565300; out=2.53009e+06 KZT; tx=2/9; bet_pct=0.859; pr_pct=0.921; depth=2; truncated=0; is_seed=0,2,False,2,8,565300.0000000000,2530090.0000000000,2,9,0.0007397967,4.4756589422,False,True,3,15,0,0.0000000000,0.0002712630,0.8589315526,0.9205960854,0.5066183137,0.5960007267,0.7988472622,0.0000000000,0.8774309124,0.1225690876,0.9836249439,0.9143113504,0.0000000000
100000008463968100,peripheral,0.7238591720,22,0.0647727994,in_deg=1; out_deg=0; in=10000; out=0 KZT; tx=1/0; role_score=0.724; depth=3; truncated=0; is_seed=0,3,False,1,0,10000.0000000000,0.0000000000,1,0,0.0002855866,0.0000000000,False,True,1,1,0,0.0000000000,0.0000000000,0.0000000000,0.0513790036,0.0000000000,0.0000000000,0.0000000000,0.2761408280,0.0000000000,0.7238591720,0.0706594886,0.2626738448,0.0000000000
100000008465789100,distributor,0.9022927615,42,0.7454449076,in_deg=1; out_deg=16; in=30099; out=1.8581e+06 KZT; tx=1/17; role_score=0.902; depth=3; truncated=0; is_seed=0,3,False,1,16,30099.0000000000,1858100.0000000000,1,17,0.0002883275,61.7329479385,False,True,7,8,2,0.1176470588,0.0008450964,0.9257095159,0.1661476868,0.0000000000,0.2452285611,0.9022927615,0.0000000000,0.6978409672,0.0977072385,0.9679228354,0.9553611485,0.1123954292
100000008466579100,distributor,0.8888973153,42,0.8037796171,in_deg=2; out_deg=17; in=36952; out=1.933e+06 KZT; tx=2/20; role_score=0.889; depth=2; truncated=0; is_seed=0,2,False,2,17,36952.0000000000,1933000.0000000000,2,20,0.0003540141,52.3111063001,False,True,9,9,1,0.0500000000,0.0005056322,0.9040066778,0.6354537367,0.3695901131,0.4412484581,0.8888973153,0.0000000000,0.8234407955,0.1111026847,0.9688200987,0.9668012562,0.0483400628
100000008468762100,consolidator,0.7824871562,35,0.3318395525,in_deg=2; out_deg=0; in=170000; out=0 KZT; tx=2/0; role_score=0.782; depth=3; truncated=0; is_seed=0,3,False,2,0,170000.0000000000,0.0000000000,2,0,0.0003087102,0.0000000000,False,True,1,1,0,0.0000000000,0.0000000000,0.0000000000,0.4753113879,0.7824871562,0.0000000000,0.0000000000,0.7824871562,0.0000000000,0.2175128438,0.6787797218,0.6056527591,0.0000000000
100000008469048100,peripheral,1.0000000000,0,0.4502078164,in_deg=1; out_deg=0; in=265200; out=0 KZT; tx=7/0; role_score=1.000; depth=4; truncated=1; is_seed=0,4,False,1,0,265200.0000000000,0.0000000000,7,0,0.0005751933,0.0000000000,True,True,6,24,0,0.0000000000,0.0000000000,0.0000000000,0.8725533808,0.0000000000,0.0000000000,0.0000000000,0.0000000000,0.0000000000,1.0000000000,0.7561686855,0.8685509197,0.0000000000
100000008470470100,peripheral,0.6259443941,22,0.1585108751,in_deg=1; out_deg=0; in=33547; out=0 KZT; tx=1/0; role_score=0.626; depth=1; truncated=0; is_seed=0,1,False,1,0,33547.0000000000,0.0000000000,1,0,0.0002910254,0.0000000000,False,True,1,1,0,0.0000000000,0.0000000000,0.0000000000,0.2471085409,0.0000000000,0.0000000000,0.0000000000,0.3740556059,0.0000000000,0.6259443941,0.3281740691,0.2626738448,0.0000000000
100000008471634100,peripheral,1.0000000000,13,0.2324343088,in_deg=1; out_deg=0; in=20000; out=0 KZT; tx=1/0; role_score=1.000; depth=4; truncated=1; is_seed=0,4,False,1,0,20000.0000000000,0.0000000000,1,0,0.0011160645,0.0000000000,True,True,1,1,0,0.0000000000,0.0000000000,0.0000000000,0.9575177936,0.0000000000,0.0000000000,0.0000000000,0.0000000000,0.0000000000,1.0000000000,0.1976222521,0.2626738448,0.0000000000
100000008472324100,terminal,0.5086884255,10,0.2537443233,in_deg=1; out_deg=0; in=205200; out=0 KZT; tx=1/0; out/in=0; prev_day=0.000; depth=3; truncated=0; is_seed=0,3,False,1,0,205200.0000000000,0.0000000000,1,0,0.0002906326,0.0000000000,False,True,1,1,0,0.0000000000,0.0000000000,0.0000000000,0.2382117438,0.0000000000,0.0000000000,0.0000000000,0.5086884255,0.0000000000,0.4913115745,0.7144459399,0.2626738448,0.0000000000
100000008473207100,terminal,0.6960562103,8,0.4245104816,in_deg=1; out_deg=0; in=202000; out=0 KZT; tx=4/0; out/in=0; prev_day=0.000; depth=2; truncated=0; is_seed=0,2,False,1,0,202000.0000000000,0.0000000000,4,0,0.0005526322,0.0000000000,False,True,4,11,0,0.0000000000,0.0000000000,0.0000000000,0.8565391459,0.0000000000,0.0000000000,0.0000000000,0.6960562103,0.0000000000,0.3039437897,0.7126514132,0.7857783760,0.0000000000
100000008473765100,peripheral,0.6345572681,8,0.1483357870,in_deg=1; out_deg=0; in=30000; out=0 KZT; tx=1/0; role_score=0.635; depth=3; truncated=0; is_seed=0,3,False,1,0,30000.0000000000,0.0000000000,1,0,0.0002900930,0.0000000000,False,True,1,1,0,0.0000000000,0.0000000000,0.0000000000,0.2226423488,0.0000000000,0.0000000000,0.0000000000,0.3654427319,0.0000000000,0.6345572681,0.3021534320,0.2626738448,0.0000000000
100000008474308100,peripheral,0.8628996844,7,0.2804434359,in_deg=1; out_deg=1; in=14000; out=10000 KZT; tx=2/1; role_score=0.863; depth=2; truncated=0; is_seed=0,2,False,1,1,14000.0000000000,10000.0000000000,2,1,0.0004421760,0.7142857143,False,True,3,8,0,0.0000000000,0.0000000000,0.0000000000,0.7426601423,0.0000000000,0.1371003156,0.0000000000,0.1228899538,0.0000000000,0.8628996844,0.2415881561,0.7243158367,0.0000000000
100000008474391100,peripheral,0.6745240254,29,0.1955348426,in_deg=1; out_deg=0; in=20000; out=0 KZT; tx=1/0; role_score=0.675; depth=3; truncated=0; is_seed=0,3,False,1,0,20000.0000000000,0.0000000000,1,0,0.0004050373,0.0000000000,False,True,1,1,0,0.0000000000,0.0000000000,0.0000000000,0.7115213523,0.0000000000,0.0000000000,0.0000000000,0.3254759746,0.0000000000,0.6745240254,0.1976222521,0.2626738448,0.0000000000
100000008477350100,coordinator,0.9700110727,0,0.8947153532,in_deg=11; out_deg=39; in=610100; out=3.37487e+06 KZT; tx=14/44; bet_pct=0.977; pr_pct=0.953; depth=2; truncated=0; is_seed=0,2,False,11,39,610100.0000000000,3374866.0000000000,14,44,0.0010272822,5.5316603835,False,True,17,30,6,0.1363636364,0.0025171941,0.9774624374,0.9526245552,0.5963584164,0.6929789901,0.8709774256,0.0000000000,0.9700110727,0.0299889273,0.9881112607,0.9941677882,0.1355683348
100000008478414100,peripheral,0.7238591720,22,0.0765499346,in_deg=1; out_deg=0; in=10000; out=0 KZT; tx=1/0; role_score=0.724; depth=2; truncated=0; is_seed=0,2,False,1,0,10000.0000000000,0.0000000000,1,0,0.0002874080,0.0000000000,False,True,1,1,0,0.0000000000,0.0000000000,0.0000000000,0.1298932384,0.0000000000,0.0000000000,0.0000000000,0.2761408280,0.0000000000,0.7238591720,0.0706594886,0.2626738448,0.0000000000
100000008486520100,peripheral,0.6864131113,16,0.3349567559,in_deg=1; out_deg=1; in=35720; out=14000 KZT; tx=2/1; role_score=0.686; depth=1; truncated=0; is_seed=0,1,False,1,1,35720.0000000000,14000.0000000000,2,1,0.0002878526,0.3919372900,False,True,2,3,0,0.0000000000,0.0000192202,0.2863105175,0.1479092527,0.0000000000,0.1350826634,0.0000000000,0.3135868887,0.2447901381,0.6864131113,0.4156572454,0.7243158367,0.0000000000
100000008488166100,peripheral,0.7447113932,22,0.0500148430,in_deg=1; out_deg=0; in=5600; out=0 KZT; tx=1/0; role_score=0.745; depth=3; truncated=0; is_seed=0,3,False,1,0,5600.0000000000,0.0000000000,1,0,0.0002849049,0.0000000000,False,True,1,1,0,0.0000000000,0.0000000000,0.0000000000,0.0322508897,0.0000000000,0.0000000000,0.0000000000,0.2552886068,0.0000000000,0.7447113932,0.0231045312,0.2626738448,0.0000000000
100000008489604100,peripheral,0.7162284678,22,0.0706419115,in_deg=1; out_deg=0; in=11000; out=0 KZT; tx=1/0; role_score=0.716; depth=3; truncated=0; is_seed=0,3,False,1,0,11000.0000000000,0.0000000000,1,0,0.0002857416,0.0000000000,False,True,1,1,0,0.0000000000,0.0000000000,0.0000000000,0.0576067616,0.0000000000,0.0000000000,0.0000000000,0.2837715322,0.0000000000,0.7162284678,0.0903992822,0.2626738448,0.0000000000
100000008489922100,distributor,0.9393704278,4,0.8613641791,in_deg=3; out_deg=36; in=262010; out=3.7899e+06 KZT; tx=5/41; role_score=0.939; depth=3; truncated=0; is_seed=0,3,False,3,36,262010.0000000000,3789900.0000000000,5,41,0.0005825208,14.4647150872,False,True,15,19,4,0.0975609756,0.0008721883,0.9273789649,0.8756672598,0.4825650324,0.6067575526,0.9393704278,0.0000000000,0.9118654534,0.0606295722,0.9890085240,0.9901301032,0.0965980588
100000008490127100,distributor,0.7829525182,10,0.6954888283,in_deg=1; out_deg=6; in=431755; out=923000 KZT; tx=2/9; role_score=0.783; depth=3; truncated=0; is_seed=0,3,False,1,6,431755.0000000000,923000.0000000000,2,9,0.0002979142,2.1377864761,False,True,7,20,0,0.0000000000,0.0001153215,0.7612687813,0.3716637011,0.0000000000,0.5224207929,0.7829525182,0.0000000000,0.6443872572,0.2170474818,0.9445939883,0.9143113504,0.0000000000
100000008491390100,peripheral,0.6196736174,0,0.1357140698,in_deg=1; out_deg=0; in=36000; out=0 KZT; tx=1/0; role_score=0.620; depth=3; truncated=0; is_seed=0,3,False,1,0,36000.0000000000,0.0000000000,1,0,0.0002860507,0.0000000000,False,True,1,1,0,0.0000000000,0.0000000000,0.0000000000,0.0678380783,0.0000000000,0.0000000000,0.0000000000,0.3803263826,0.0000000000,0.6196736174,0.3445491252,0.2626738448,0.0000000000
100000008493007100,peripheral,0.7843419789,22,0.3250875678,in_deg=1; out_deg=1; in=26150; out=26150 KZT; tx=1/1; role_score=0.784; depth=3; truncated=0; is_seed=0,3,False,1,1,26150.0000000000,26150.0000000000,1,1,0.0002880888,1.0000000000,False,True,2,2,1,1.0000000000,0.0000013870,0.1143572621,0.1563612100,0.0000000000,0.2156580211,0.0000000000,0.0000000000,0.1269584465,0.7843419789,0.4407806191,0.6056527591,0.6056527591
100000008497298100,terminal,0.5589301904,4,0.3517334036,in_deg=1; out_deg=0; in=600000; out=0 KZT; tx=1/0; out/in=0; prev_day=0.000; depth=2; truncated=0; is_seed=0,2,False,1,0,600000.0000000000,0.0000000000,1,0,0.0003401199,0.0000000000,False,True,1,1,0,0.0000000000,0.0000000000,0.0000000000,0.6092081851,0.0000000000,0.0000000000,0.0000000000,0.5589301904,0.0000000000,0.4410698096,0.8838043966,0.2626738448,0.0000000000
100000008501413100,coordinator,0.5105803192,11,0.3673919990,in_deg=1; out_deg=1; in=5000; out=5100 KZT; tx=1/1; bet_pct=0.447; pr_pct=0.660; depth=3; truncated=0; is_seed=0,3,False,1,1,5000.0000000000,5100.0000000000,1,1,0.0003645541,1.0200000000,False,True,2,3,0,0.0000000000,0.0000212017,0.4465776294,0.6599199288,0.0000000000,0.1294065849,0.0000000000,0.0000000000,0.5105803192,0.4894196808,0.0850157021,0.6056527591,0.0000000000
100000008502995100,peripheral,0.5163946812,0,0.2918849006,in_deg=1; out_deg=0; in=25000; out=0 KZT; tx=2/0; role_score=0.516; depth=3; truncated=0; is_seed=0,3,False,1,0,25000.0000000000,0.0000000000,2,0,0.0007212404,0.0000000000,False,True,2,8,0,0.0000000000,0.0000000000,0.0000000000,0.9170373665,0.0000000000,0.0000000000,0.0000000000,0.4836053188,0.0000000000,0.5163946812,0.2539255271,0.6056527591,0.0000000000
100000008503177100,peripheral,0.6253399819,8,0.1586258769,in_deg=1; out_deg=0; in=33951; out=0 KZT; tx=1/0; role_score=0.625; depth=3; truncated=0; is_seed=0,3,False,1,0,33951.0000000000,0.0000000000,1,0,0.0002908905,0.0000000000,False,True,1,1,0,0.0000000000,0.0000000000,0.0000000000,0.2448843416,0.0000000000,0.0000000000,0.0000000000,0.3746600181,0.0000000000,0.6253399819,0.3299685958,0.2626738448,0.0000000000
100000008507703100,peripheral,0.6397703234,22,0.1369610882,in_deg=1; out_deg=0; in=28500; out=0 KZT; tx=1/0; role_score=0.640; depth=3; truncated=0; is_seed=0,3,False,1,0,28500.0000000000,0.0000000000,1,0,0.0002884529,0.0000000000,False,True,1,1,0,0.0000000000,0.0000000000,0.0000000000,0.1714857651,0.0000000000,0.0000000000,0.0000000000,0.3602296766,0.0000000000,0.6397703234,0.2873485868,0.2626738448,0.0000000000
100000008512552100,coordinator,0.8431195008,28,0.8581548399,in_deg=4; out_deg=6; in=394360; out=1.30228e+06 KZT; tx=9/11; bet_pct=0.894; pr_pct=0.724; depth=2; truncated=0; is_seed=0,2,False,4,6,394360.0000000000,1302275.0000000000,9,11,0.0004233504,3.3022492139,False,True,11,18,6,0.5454545455,0.0004307296,0.8939899833,0.7244217082,0.6598065881,0.6751311010,0.6922190202,0.0000000000,0.8431195008,0.1568804992,0.9593988336,0.9618663078,0.5246543497
100000008512827100,distributor,0.7913526195,24,0.7867790346,in_deg=3; out_deg=10; in=107949; out=1.9445e+06 KZT; tx=3/10; role_score=0.791; depth=2; truncated=0; is_seed=0,2,False,3,10,107949.0000000000,1944500.0000000000,3,10,0.0003333929,18.0131358327,False,True,8,14,4,0.4000000000,0.0001372654,0.7954924875,0.5905249110,0.5031964107,0.5755575571,0.7913526195,0.0000000000,0.7340022145,0.2086473805,0.9719605204,0.9304620906,0.3721848362
100000008513251100,peripheral,1.0000000000,85,0.0000000000,in_deg=0; out_deg=0; in=0; out=0 KZT; tx=0/0; observed_edges=0; depth=0; truncated=0; is_seed=1,0,True,0,0,0.0000000000,0.0000000000,0,0,0.0002840373,-1.0000000000,False,False,0,0,0,0.0000000000,0.0000000000,0.0000000000,0.0093416370,0.0000000000,0.0000000000,0.0000000000,0.0000000000,0.0000000000,1.0000000000,0.0000000000,0.0000000000,0.0000000000
100000008514970100,peripheral,0.5047809796,8,0.3953544941,in_deg=1; out_deg=1; in=379966; out=31000 KZT; tx=1/1; role_score=0.505; depth=3; truncated=0; is_seed=0,3,False,1,1,379966.0000000000,31000.0000000000,1,1,0.0003109101,0.0815862472,False,True,1,1,0,0.0000000000,0.0000007926,0.0684474124,0.4926601423,0.0000000000,0.1516603173,0.0000000000,0.4952190204,0.1957112314,0.5047809796,0.8266038582,0.6056527591,0.0000000000
100000008516839100,consolidator,0.8559987912,47,0.4257979727,in_deg=3; out_deg=0; in=155000; out=0 KZT; tx=4/0; role_score=0.856; depth=0; truncated=0; is_seed=1,0,True,3,0,155000.0000000000,0.0000000000,4,0,0.0010626714,0.0000000000,False,True,2,7,0,0.0000000000,0.0000000000,0.0000000000,0.9548487544,0.8559987912,0.0000000000,0.0000000000,0.8559987912,0.0000000000,0.1440012088,0.6588156124,0.7857783760,0.0000000000
100000008517061100,peripheral,1.0000000000,40,0.4664336845,in_deg=1; out_deg=0; in=1.844e+06; out=0 KZT; tx=4/0; role_score=1.000; depth=4; truncated=1; is_seed=0,4,False,1,0,1844000.0000000000,0.0000000000,4,0,0.0004107935,0.0000000000,True,True,1,1,0,0.0000000000,0.0000000000,0.0000000000,0.7173042705,0.0000000000,0.0000000000,0.0000000000,0.0000000000,0.0000000000,1.0000000000,0.9638851503,0.7857783760,0.0000000000
100000008517538100,distributor,0.8545809318,4,0.7663519239,in_deg=3; out_deg=17; in=155500; out=1.439e+06 KZT; tx=6/18; role_score=0.855; depth=3; truncated=0; is_seed=0,3,False,3,17,155500.0000000000,1439000.0000000000,6,18,0.0003053962,9.2540192926,False,True,13,18,3,0.1666666667,0.0002458054,0.8505843072,0.4508451957,0.5000188879,0.6032244865,0.8545809318,0.0000000000,0.7306625737,0.1454190682,0.9562584118,0.9717362046,0.1619560341
100000008522127100,peripheral,1.0000000000,56,0.2698736547,in_deg=0; out_deg=1; in=0; out=145000 KZT; tx=0/3; role_score=1.000; depth=0; truncated=0; is_seed=1,0,True,0,1,0.0000000000,145000.0000000000,0,3,0.0002840373,-1.0000000000,False,False,3,13,0,0.0000000000,0.0000000000,0.0000000000,0.0093416370,0.0000000000,0.0000000000,0.0000000000,0.0000000000,0.0000000000,1.0000000000,0.6393001346,0.7243158367,0.0000000000
100000008524903100,peripheral,1.0000000000,0,0.1593954060,in_deg=1; out_deg=0; in=15000; out=0 KZT; tx=1/0; role_score=1.000; depth=4; truncated=1; is_seed=0,4,False,1,0,15000.0000000000,0.0000000000,1,0,0.0003299386,0.0000000000,True,True,1,1,0,0.0000000000,0.0000000000,0.0000000000,0.5816281139,0.0000000000,0.0000000000,0.0000000000,0.0000000000,0.0000000000,1.0000000000,0.1310004486,0.2626738448,0.0000000000
100000008525136100,peripheral,1.0000000000,0,0.0849596980,in_deg=1; out_deg=0; in=14100; out=0 KZT; tx=1/0; role_score=1.000; depth=4; truncated=1; is_seed=0,4,False,1,0,14100.0000000000,0.0000000000,1,0,0.0002869685,0.0000000000,True,True,1,1,0,0.0000000000,0.0000000000,0.0000000000,0.1052046263,0.0000000000,0.0000000000,0.0000000000,0.0000000000,0.0000000000,1.0000000000,0.1191117093,0.2626738448,0.0000000000
100000008531133100,coordinator,0.5840007293,16,0.5819734467,in_deg=1; out_deg=3; in=25000; out=158272 KZT; tx=1/3; bet_pct=0.487; pr_pct=0.811; depth=2; truncated=0; is_seed=0,2,False,1,3,25000.0000000000,158271.6800000000,1,3,0.0005296003,6.3308672000,False,True,3,5,0,0.0000000000,0.0000233483,0.4866444073,0.8111654804,0.0000000000,0.2397271576,0.5337415946,0.0000000000,0.5840007293,0.4159992707,0.6884253028,0.7857783760,0.0000000000
100000008531186100,peripheral,0.5249320036,2,0.2913171161,in_deg=1; out_deg=0; in=125000; out=0 KZT; tx=1/0; role_score=0.525; depth=2; truncated=0; is_seed=0,2,False,1,0,125000.0000000000,0.0000000000,1,0,0.0003598405,0.0000000000,False,True,1,1,0,0.0000000000,0.0000000000,0.0000000000,0.6505782918,0.0000000000,0.0000000000,0.0000000000,0.4750679964,0.0000000000,0.5249320036,0.6173171826,0.2626738448,0.0000000000
100000008532050100,terminal,0.5476730130,10,0.3083351245,in_deg=1; out_deg=0; in=455156; out=0 KZT; tx=1/0; out/in=0; prev_day=0.000; depth=3; truncated=0; is_seed=0,3,False,1,0,455156.0000000000,0.0000000000,1,0,0.0002986663,0.0000000000,False,True,1,1,0,0.0000000000,0.0000000000,0.0000000000,0.3845640569,0.0000000000,0.0000000000,0.0000000000,0.5476730130,0.0000000000,0.4523269870,0.8449977568,0.2626738448,0.0000000000
100000008536546100,consolidator,0.8069658507,35,0.3564410826,in_deg=2; out_deg=0; in=250000; out=0 KZT; tx=2/0; role_score=0.807; depth=3; truncated=0; is_seed=0,3,False,2,0,250000.0000000000,0.0000000000,2,0,0.0003155105,0.0000000000,False,True,1,1,0,0.0000000000,0.0000000000,0.0000000000,0.5237989324,0.8069658507,0.0000000000,0.0000000000,0.8069658507,0.0000000000,0.1930341493,0.7480933154,0.6056527591,0.0000000000
100000008537380100,peripheral,0.7351919009,22,0.0569437676,in_deg=1; out_deg=0; in=8000; out=0 KZT; tx=1/0; role_score=0.735; depth=3; truncated=0; is_seed=0,3,False,1,0,8000.0000000000,0.0000000000,1,0,0.0002852768,0.0000000000,False,True,1,1,0,0.0000000000,0.0000000000,0.0000000000,0.0429270463,0.0000000000,0.0000000000,0.0000000000,0.2648080991,0.0000000000,0.7351919009,0.0444145357,0.2626738448,0.0000000000
100000008545727100,distributor,0.7905345135,18,0.7407275128,in_deg=1; out_deg=6; in=30000; out=1.8665e+06 KZT; tx=1/7; role_score=0.791; depth=2; truncated=0; is_seed=0,2,False,1,6,30000.0000000000,1866500.0000000000,1,7,0.0003368060,62.2166666667,False,True,5,14,0,0.0000000000,0.0001342020,0.7888146912,0.6007562278,0.0000000000,0.2390062036,0.7905345135,0.0000000000,0.7323971521,0.2094654865,0.9683714670,0.8829071332,0.0000000000
100000008546855100,coordinator,0.7541636342,43,0.7336318395,in_deg=6; out_deg=2; in=71790; out=10000 KZT; tx=8/2; bet_pct=0.661; pr_pct=0.971; depth=2; truncated=0; is_seed=0,2,False,6,2,71790.0000000000,10000.0000000000,8,2,0.0014140985,0.1392951665,False,True,3,3,2,1.0000000000,0.0000588496,0.6611018364,0.9713078292,0.7367690390,0.2780055458,0.2213916907,0.7247321978,0.7541636342,0.2458363658,0.5219829520,0.9042171377,0.9042171377
100000008547295100,peripheral,0.7004381989,1,0.2016329504,in_deg=1; out_deg=0; in=15000; out=0 KZT; tx=1/0; role_score=0.700; depth=3; truncated=0; is_seed=0,3,False,1,0,15000.0000000000,0.0000000000,1,0,0.0005588021,0.0000000000,False,True,1,1,0,0.0000000000,0.0000000000,0.0000000000,0.8632117438,0.0000000000,0.0000000000,0.0000000000,0.2995618011,0.0000000000,0.7004381989,0.1310004486,0.2626738448,0.0000000000
100000008547844100,distributor,0.8792299799,42,0.8295333276,in_deg=3; out_deg=19; in=177600; out=2.0422e+06 KZT; tx=3/21; role_score=0.879; depth=2; truncated=0; is_seed=0,2,False,3,19,177600.0000000000,2042199.0000000000,3,21,0.0003424596,11.4988682432,False,True,11,17,3,0.1428571429,0.0017876099,0.9557595993,0.6136565836,0.4813404901,0.5811741142,0.8792299799,0.0000000000,0.8531286946,0.1207700201,0.9733064154,0.9717362046,0.1388194578
100000008547948100,distributor,0.8812214817,4,0.8577905967,in_deg=6; out_deg=26; in=212665; out=5.1856e+06 KZT; tx=7/31; role_score=0.881; depth=2; truncated=0; is_seed=0,2,False,6,26,212665.0000000000,5185600.0000000000,7,31,0.0004276678,24.3838901559,False,True,13,16,7,0.2258064516,0.0011322141,0.9407345576,0.7302046263,0.5411307230,0.6223193027,0.8812214817,0.0000000000,0.8775755782,0.1187785183,0.9952893674,0.9860924181,0.2226660299
100000008548853100,peripheral,0.7058023572,22,0.0793717440,in_deg=1; out_deg=0; in=14000; out=0 KZT; tx=1/0; role_score=0.706; depth=3; truncated=0; is_seed=0,3,False,1,0,14000.0000000000,0.0000000000,1,0,0.0002862064,0.0000000000,False,True,1,1,0,0.0000000000,0.0000000000,0.0000000000,0.0720640569,0.0000000000,0.0000000000,0.0000000000,0.2941976428,0.0000000000,0.7058023572,0.1166442351,0.2626738448,0.0000000000
100000008551752100,peripheral,1.0000000000,62,0.3885223384,in_deg=1; out_deg=0; in=406000; out=0 KZT; tx=2/0; role_score=1.000; depth=4; truncated=1; is_seed=0,4,False,1,0,406000.0000000000,0.0000000000,2,0,0.0003396596,0.0000000000,True,True,2,3,0,0.0000000000,0.0000000000,0.0000000000,0.6083185053,0.0000000000,0.0000000000,0.0000000000,0.0000000000,0.0000000000,1.0000000000,0.8257065949,0.6056527591,0.0000000000
100000008554390100,peripheral,1.0000000000,18,0.1072965661,in_deg=1; out_deg=0; in=14000; out=0 KZT; tx=1/0; role_score=1.000; depth=4; truncated=1; is_seed=0,4,False,1,0,14000.0000000000,0.0000000000,1,0,0.0002914800,0.0000000000,True,True,1,1,0,0.0000000000,0.0000000000,0.0000000000,0.2582295374,0.0000000000,0.0000000000,0.0000000000,0.0000000000,0.0000000000,1.0000000000,0.1166442351,0.2626738448,0.0000000000
100000008555233100,terminal,0.5458597764,35,0.3463064372,in_deg=1; out_deg=0; in=440600; out=0 KZT; tx=1/0; out/in=0; prev_day=0.000; depth=3; truncated=0; is_seed=0,3,False,1,0,440600.0000000000,0.0000000000,1,0,0.0003613560,0.0000000000,False,True,1,1,0,0.0000000000,0.0000000000,0.0000000000,0.6519128114,0.0000000000,0.0000000000,0.0000000000,0.5458597764,0.0000000000,0.4541402236,0.8364737550,0.2626738448,0.0000000000
100000008555918100,coordinator,0.5839400558,2,0.5724994133,in_deg=1; out_deg=2; in=139211; out=43300 KZT; tx=1/2; bet_pct=0.620; pr_pct=0.499; depth=1; truncated=0; is_seed=0,1,False,1,2,139211.0000000000,43300.0000000000,1,2,0.0003116868,0.3110386392,False,True,3,14,0,0.0000000000,0.0000475552,0.6202003339,0.4993327402,0.0000000000,0.3138944162,0.3594300352,0.3313115036,0.5839400558,0.4160599442,0.6875280395,0.7243158367,0.0000000000
100000008556318100,consolidator,0.7854336658,2,0.3918539175,in_deg=2; out_deg=0; in=180132; out=0 KZT; tx=2/0; role_score=0.785; depth=1; truncated=0; is_seed=0,1,False,2,0,180132.0000000000,0.0000000000,2,0,0.0005571253,0.0000000000,False,True,2,6,0,0.0000000000,0.0000000000,0.0000000000,0.8623220641,0.7854336658,0.0000000000,0.0000000000,0.7854336658,0.0000000000,0.2145663342,0.6866307761,0.6056527591,0.0000000000
100000008557672100,peripheral,0.5954215775,22,0.2042880197,in_deg=1; out_deg=0; in=49125; out=0 KZT; tx=1/0; role_score=0.595; depth=2; truncated=0; is_seed=0,2,False,1,0,49125.0000000000,0.0000000000,1,0,0.0003005960,0.0000000000,False,True,1,1,0,0.0000000000,0.0000000000,0.0000000000,0.4094750890,0.0000000000,0.0000000000,0.0000000000,0.4045784225,0.0000000000,0.5954215775,0.4138627187,0.2626738448,0.0000000000
100000008560263100,peripheral,1.0000000000,10,0.2581115770,in_deg=1; out_deg=0; in=100000; out=0 KZT; tx=1/0; role_score=1.000; depth=4; truncated=1; is_seed=0,4,False,1,0,100000.0000000000,0.0000000000,1,0,0.0003114725,0.0000000000,True,True,1,1,0,0.0000000000,0.0000000000,0.0000000000,0.4979982206,0.0000000000,0.0000000000,0.0000000000,0.0000000000,0.0000000000,1.0000000000,0.5760430686,0.2626738448,0.0000000000
100000008560717100,terminal,0.9182621035,10,0.5412035229,in_deg=7; out_deg=1; in=529000; out=25000 KZT; tx=9/1; out/in=0.0473; prev_day=0.000; depth=1; truncated=0; is_seed=0,1,False,7,1,529000.0000000000,25000.0000000000,9,1,0.0003289466,0.0472589792,False,True,8,26,0,0.0000000000,0.0000192202,0.2863105175,0.5780693950,0.9035726428,0.1398647876,0.0000000000,0.9182621035,0.3738381808,0.0817378965,0.8746074473,0.9042171377,0.0000000000
100000008561016100,peripheral,0.5374393125,4,0.5829922776,in_deg=1; out_deg=1; in=180000; out=185000 KZT; tx=2/4; role_score=0.537; depth=3; truncated=0; is_seed=0,3,False,1,1,180000.0000000000,185000.0000000000,2,4,0.0002932483,1.0277777778,False,True,2,2,2,0.5000000000,0.0000223906,0.4766277129,0.2987099644,0.0000000000,0.4625606875,0.0000000000,0.0000000000,0.4232523883,0.5374393125,0.8073126963,0.8476895469,0.4238447734
100000008566737100,consolidator,0.8011483832,0,0.3669333261,in_deg=2; out_deg=0; in=230000; out=0 KZT; tx=2/0; role_score=0.801; depth=1; truncated=0; is_seed=0,1,False,2,0,230000.0000000000,0.0000000000,2,0,0.0003474682,0.0000000000,False,True,1,1,0,0.0000000000,0.0000000000,0.0000000000,0.6247775801,0.8011483832,0.0000000000,0.0000000000,0.8011483832,0.0000000000,0.1988516168,0.7294751009,0.6056527591,0.0000000000
100000008568512100,terminal,0.5047597461,10,0.2503426853,in_deg=1; out_deg=0; in=199640; out=0 KZT; tx=1/0; out/in=0; prev_day=0.000; depth=3; truncated=0; is_seed=0,3,False,1,0,199640.0000000000,0.0000000000,1,0,0.0002904539,0.0000000000,False,True,1,1,0,0.0000000000,0.0000000000,0.0000000000,0.2319839858,0.0000000000,0.0000000000,0.0000000000,0.5047597461,0.0000000000,0.4952402539,0.7045760431,0.2626738448,0.0000000000
100000008571243100,peripheral,0.5212299788,18,0.2625433415,in_deg=1; out_deg=0; in=134000; out=0 KZT; tx=1/0; role_score=0.521; depth=3; truncated=0; is_seed=0,3,False,1,0,134000.0000000000,0.0000000000,1,0,0.0003045903,0.0000000000,False,True,1,1,0,0.0000000000,0.0000000000,0.0000000000,0.4441725979,0.0000000000,0.0000000000,0.0000000000,0.4787700212,0.0000000000,0.5212299788,0.6260655002,0.2626738448,0.0000000000
100000008571433100,transit,0.6409622158,55,0.5932719450,in_deg=2; out_deg=2; in=350000; out=1.434e+06 KZT; tx=2/3; out/in=unavailable; prev_day=0.667; depth=0; truncated=0; is_seed=1,0,True,2,2,350000.0000000000,1434000.0000000000,2,3,0.0016276728,4.0971428571,False,True,4,6,2,0.6666666667,0.0000009907,0.0809682805,0.9757562278,0.6173504080,0.6409622158,0.4972982709,0.0000000000,0.3494046647,0.3590377842,0.9611933603,0.8227904890,0.5485269927
100000008571443100,consolidator,0.7172106377,12,0.2881539735,in_deg=2; out_deg=0; in=65000; out=0 KZT; tx=2/0; role_score=0.717; depth=2; truncated=0; is_seed=0,2,False,2,0,65000.0000000000,0.0000000000,2,0,0.0003130122,0.0000000000,False,True,2,13,0,0.0000000000,0.0000000000,0.0000000000,0.5104537367,0.7172106377,0.0000000000,0.0000000000,0.7172106377,0.0000000000,0.2827893623,0.4829519964,0.6056527591,0.0000000000
100000008575624100,distributor,0.6277617675,68,0.2609234528,in_deg=0; out_deg=3; in=0; out=89500 KZT; tx=0/5; role_score=0.628; depth=0; truncated=0; is_seed=1,0,True,0,3,0.0000000000,89500.0000000000,0,5,0.0002840373,-1.0000000000,False,False,4,14,0,0.0000000000,0.0000000000,0.0000000000,0.0093416370,0.0000000000,0.0000000000,0.6277617675,0.0000000000,0.0000000000,0.3722382325,0.5444145357,0.8227904890,0.0000000000
100000008576243100,consolidator,0.7851314597,0,0.3956899179,in_deg=2; out_deg=0; in=82920; out=0 KZT; tx=4/0; role_score=0.785; depth=3; truncated=0; is_seed=0,3,False,2,0,82920.0000000000,0.0000000000,4,0,0.0016387813,0.0000000000,False,True,3,3,0,0.0000000000,0.0000000000,0.0000000000,0.9762010676,0.7851314597,0.0000000000,0.0000000000,0.7851314597,0.0000000000,0.2148685403,0.5255720054,0.7857783760,0.0000000000
100000008576528100,peripheral,0.6409035963,10,0.1153226925,in_deg=1; out_deg=0; in=28000; out=0 KZT; tx=1/0; role_score=0.641; depth=3; truncated=0; is_seed=0,3,False,1,0,28000.0000000000,0.0000000000,1,0,0.0002849372,0.0000000000,False,True,1,1,0,0.0000000000,0.0000000000,0.0000000000,0.0335854093,0.0000000000,0.0000000000,0.0000000000,0.3590964037,0.0000000000,0.6409035963,0.2835352176,0.2626738448,0.0000000000
100000008579978100,peripheral,0.7083984188,10,0.4003015490,in_deg=1; out_deg=1; in=34000; out=77000 KZT; tx=1/6; role_score=0.708; depth=3; truncated=0; is_seed=0,3,False,1,1,34000.0000000000,77000.0000000000,1,6,0.0002851301,2.2647058824,False,True,3,3,1,0.1666666667,0.0000192202,0.2863105175,0.0384786477,0.0000000000,0.2916015812,0.0000000000,0.0000000000,0.2119609566,0.7083984188,0.5982503365,0.8685509197,0.1447584866
100000008582730100,peripheral,0.8750720461,43,0.2500385867,in_deg=1; out_deg=1; in=5000; out=5000 KZT; tx=1/1; role_score=0.875; depth=3; truncated=0; is_seed=0,3,False,1,1,5000.0000000000,5000.0000000000,1,1,0.0008850292,1.0000000000,False,True,1,1,0,0.0000000000,0.0000000000,0.0000000000,0.9435053381,0.0000000000,0.1249279539,0.0000000000,0.0000000000,0.0000000000,0.8750720461,0.0706594886,0.6056527591,0.0000000000
100000008583360100,peripheral,0.6289643103,18,0.4678754043,in_deg=1; out_deg=1; in=112843; out=170000 KZT; tx=1/1; role_score=0.629; depth=3; truncated=0; is_seed=0,3,False,1,1,112843.0000000000,170000.0000000000,1,1,0.0003257884,1.5065179054,False,True,2,6,0,0.0000000000,0.0000192202,0.2863105175,0.5687277580,0.0000000000,0.2739413863,0.0000000000,0.0000000000,0.3710356897,0.6289643103,0.7660385823,0.6056527591,0.0000000000
100000008583971100,consolidator,0.7005137504,0,0.2853477704,in_deg=2; out_deg=0; in=51000; out=0 KZT; tx=2/0; role_score=0.701; depth=4; truncated=1; is_seed=0,4,False,2,0,51000.0000000000,0.0000000000,2,0,0.0003278954,0.0000000000,True,True,2,6,0,0.0000000000,0.0000000000,0.0000000000,0.5736209964,0.7005137504,0.0000000000,0.0000000000,0.0000000000,0.0000000000,0.2994862496,0.4338268282,0.6056527591,0.0000000000
100000008586731100,peripheral,0.7137352675,7,0.0735466419,in_deg=1; out_deg=0; in=12000; out=0 KZT; tx=1/0; role_score=0.714; depth=1; truncated=0; is_seed=0,1,False,1,0,12000.0000000000,0.0000000000,1,0,0.0002860158,0.0000000000,False,True,1,1,0,0.0000000000,0.0000000000,0.0000000000,0.0665035587,0.0000000000,0.0000000000,0.0000000000,0.2862647325,0.0000000000,0.7137352675,0.0966801256,0.2626738448,0.0000000000
100000008587459100,consolidator,0.5893019039,0,0.4900951945,in_deg=2; out_deg=2; in=181507; out=686500 KZT; tx=2/4; role_score=0.589; depth=2; truncated=0; is_seed=0,2,False,2,2,181507.0000000000,686500.0000000000,2,4,0.0002991207,3.7822232751,False,True,5,15,0,0.0000000000,0.0000177246,0.2161936561,0.3916814947,0.5893019039,0.4789468897,0.5016210375,0.0000000000,0.2688400077,0.4106980961,0.9140870345,0.8476895469,0.0000000000
100000008588665100,peripheral,1.0000000000,0,0.1975332592,in_deg=1; out_deg=0; in=25000; out=0 KZT; tx=1/0; role_score=1.000; depth=4; truncated=1; is_seed=0,4,False,1,0,25000.0000000000,0.0000000000,1,0,0.0003504670,0.0000000000,True,True,1,1,0,0.0000000000,0.0000000000,0.0000000000,0.6310053381,0.0000000000,0.0000000000,0.0000000000,0.0000000000,0.0000000000,1.0000000000,0.2539255271,0.2626738448,0.0000000000
100000008595687100,coordinator,0.7383127053,16,0.6470275954,in_deg=1; out_deg=1; in=64395; out=10400 KZT; tx=1/1; bet_pct=0.869; pr_pct=0.433; depth=3; truncated=0; is_seed=0,3,False,1,1,64395.0000000000,10400.0000000000,1,1,0.0003031978,0.1615032223,False,True,2,2,1,1.0000000000,0.0003010841,0.8689482471,0.4334964413,0.0000000000,0.1362847811,0.0000000000,0.3593829117,0.7383127053,0.2616872947,0.5058322118,0.6056527591,0.6056527591
100000008596924100,peripheral,0.5390601390,1,0.2911409364,in_deg=1; out_deg=0; in=100000; out=0 KZT; tx=1/0; role_score=0.539; depth=3; truncated=0; is_seed=0,3,False,1,0,100000.0000000000,0.0000000000,1,0,0.0004136332,0.0000000000,False,True,1,1,0,0.0000000000,0.0000000000,0.0000000000,0.7181939502,0.0000000000,0.0000000000,0.0000000000,0.4609398610,0.0000000000,0.5390601390,0.5760430686,0.2626738448,0.0000000000
100000008598972100,peripheral,0.5262163796,8,0.2350344467,in_deg=1; out_deg=0; in=120000; out=0 KZT; tx=1/0; role_score=0.526; depth=3; truncated=0; is_seed=0,3,False,1,0,120000.0000000000,0.0000000000,1,0,0.0002925242,0.0000000000,False,True,1,1,0,0.0000000000,0.0000000000,0.0000000000,0.2835854093,0.0000000000,0.0000000000,0.0000000000,0.4737836204,0.0000000000,0.5262163796,0.6123822342,0.2626738448,0.0000000000
100000008599354100,peripheral,0.6106941691,0,0.4387752640,in_deg=1; out_deg=1; in=177000; out=38200 KZT; tx=1/2; role_score=0.611; depth=3; truncated=0; is_seed=0,3,False,1,1,177000.0000000000,38200.0000000000,1,2,0.0003298331,0.2158192090,False,True,3,12,0,0.0000000000,0.0000043592,0.1803005008,0.5811832740,0.0000000000,0.2223104143,0.0000000000,0.3893058309,0.3005653328,0.6106941691,0.7193808883,0.7243158367,0.0000000000
100000008601794100,consolidator,0.7598594742,39,0.5478260299,in_deg=2; out_deg=1; in=494400; out=871400 KZT; tx=8/13; role_score=0.760; depth=0; truncated=0; is_seed=1,0,True,2,1,494400.0000000000,871400.0000000000,8,13,0.0024403128,1.7625404531,False,True,17,31,1,0.0769230769,0.0000003963,0.0300500835,0.9922153025,0.7598594742,0.5903051799,0.0000000000,0.0000000000,0.3186996492,0.2401405258,0.9454912517,0.9645580978,0.0741967768
100000008603331100,coordinator,0.7687215570,42,0.7444774227,in_deg=2; out_deg=6; in=39500; out=741774 KZT; tx=3/6; bet_pct=0.836; pr_pct=0.613; depth=2; truncated=0; is_seed=0,2,False,2,6,39500.0000000000,741774.0000000000,3,6,0.0003423190,18.7790886076,False,True,6,11,0,0.0000000000,0.0001957691,0.8355592654,0.6127669039,0.4430624811,0.4702223389,0.7071025456,0.0000000000,0.7687215570,0.2312784430,0.9046657694,0.8930013459,0.0000000000
100000008603629100,coordinator,0.9837314489,8,0.9514273386,in_deg=19; out_deg=61; in=1.8173e+06; out=4.98616e+06 KZT; tx=45/74; bet_pct=0.992; pr_pct=0.963; depth=2; truncated=0; is_seed=0,2,False,19,61,1817300.0000000000,4986156.0000000000,45,74,0.0011840997,2.7437165025,False,True,27,29,45,0.6081081081,0.0057605287,0.9924874791,0.9633007117,0.6162723821,0.7924913824,0.8708798631,0.0000000000,0.9837314489,0.0162685511,0.9970838941,0.9975325258,0.6066076170
100000008612257100,peripheral,0.7303566032,28,0.0644959070,in_deg=1; out_deg=0; in=9500; out=0 KZT; tx=1/0; role_score=0.730; depth=3; truncated=0; is_seed=0,3,False,1,0,9500.0000000000,0.0000000000,1,0,0.0002863160,0.0000000000,False,True,1,1,0,0.0000000000,0.0000000000,0.0000000000,0.0749555160,0.0000000000,0.0000000000,0.0000000000,0.2696433968,0.0000000000,0.7303566032,0.0554060117,0.2626738448,0.0000000000
100000008619159100,peripheral,1.0000000000,67,0.3961788326,in_deg=1; out_deg=0; in=446400; out=0 KZT; tx=2/0; role_score=1.000; depth=4; truncated=1; is_seed=0,4,False,1,0,446400.0000000000,0.0000000000,2,0,0.0003545900,0.0000000000,True,True,1,1,0,0.0000000000,0.0000000000,0.0000000000,0.6376779359,0.0000000000,0.0000000000,0.0000000000,0.0000000000,0.0000000000,1.0000000000,0.8387169134,0.6056527591,0.0000000000
100000008619857100,peripheral,0.6944044188,0,0.2580622637,in_deg=1; out_deg=2; in=29000; out=13000 KZT; tx=1/2; role_score=0.694; depth=3; truncated=0; is_seed=0,3,False,1,2,29000.0000000000,13000.0000000000,1,2,0.0002856592,0.4482758621,False,True,2,21,0,0.0000000000,0.0000017582,0.1360601002,0.0531583630,0.0000000000,0.2753259137,0.3055955812,0.1993309782,0.1111895790,0.6944044188,0.3752803948,0.7243158367,0.0000000000
100000008620570100,terminal,0.6027990538,8,0.5649185234,in_deg=2; out_deg=2; in=145000; out=31800 KZT; tx=2/2; out/in=0.219; prev_day=0.000; depth=3; truncated=0; is_seed=0,3,False,2,2,145000.0000000000,31800.0000000000,2,2,0.0003465640,0.2193103448,False,True,3,20,0,0.0000000000,0.0000330834,0.5217028381,0.6238879004,0.5791024479,0.2928318262,0.3115994236,0.6027990538,0.5523583568,0.3972009462,0.6834903544,0.7857783760,0.0000000000
100000008624978100,peripheral,0.5321849501,35,0.2774990810,in_deg=1; out_deg=0; in=109000; out=0 KZT; tx=1/0; role_score=0.532; depth=2; truncated=0; is_seed=0,2,False,1,0,109000.0000000000,0.0000000000,1,0,0.0003361501,0.0000000000,False,True,1,1,0,0.0000000000,0.0000000000,0.0000000000,0.5980871886,0.0000000000,0.0000000000,0.0000000000,0.4678150499,0.0000000000,0.5321849501,0.5935397039,0.2626738448,0.0000000000
100000008625905100,coordinator,0.6627090153,3,0.6679628522,in_deg=1; out_deg=2; in=197800; out=635000 KZT; tx=1/2; bet_pct=0.588; pr_pct=0.838; depth=3; truncated=0; is_seed=0,3,False,1,2,197800.0000000000,635000.0000000000,1,2,0.0005420445,3.2103134479,False,True,2,27,0,0.0000000000,0.0000396294,0.5876460768,0.8378558719,0.0000000000,0.3666316155,0.4951168748,0.0000000000,0.6627090153,0.3372909847,0.9118438762,0.7243158367,0.0000000000
100000008628231100,distributor,0.6380083253,72,0.6466414682,in_deg=1; out_deg=2; in=50000; out=627870 KZT; tx=1/19; role_score=0.638; depth=1; truncated=0; is_seed=0,1,False,1,2,50000.0000000000,627870.0000000000,1,19,0.0002939681,12.5574000000,False,True,7,8,3,0.1578947368,0.0000475552,0.6202003339,0.3116103203,0.0000000000,0.2802161356,0.6380083253,0.0000000000,0.5276233298,0.3619916747,0.8934499776,0.9618663078,0.1518736275
100000008628818100,peripheral,1.0000000000,18,0.2010269085,in_deg=1; out_deg=0; in=46310; out=0 KZT; tx=1/0; role_score=1.000; depth=4; truncated=1; is_seed=0,4,False,1,0,46310.0000000000,0.0000000000,1,0,0.0003012408,0.0000000000,True,True,1,1,0,0.0000000000,0.0000000000,0.0000000000,0.4161476868,0.0000000000,0.0000000000,0.0000000000,0.0000000000,0.0000000000,1.0000000000,0.3968147151,0.2626738448,0.0000000000
100000008629504100,peripheral,1.0000000000,0,0.1498275472,in_deg=1; out_deg=0; in=20000; out=0 KZT; tx=1/0; role_score=1.000; depth=4; truncated=1; is_seed=0,4,False,1,0,20000.0000000000,0.0000000000,1,0,0.0003003709,0.0000000000,True,True,1,1,0,0.0000000000,0.0000000000,0.0000000000,0.4068060498,0.0000000000,0.0000000000,0.0000000000,0.0000000000,0.0000000000,1.0000000000,0.1976222521,0.2626738448,0.0000000000
100000008629581100,peripheral,0.5815200967,2,0.2295900678,in_deg=1; out_deg=0; in=54184; out=0 KZT; tx=1/0; role_score=0.582; depth=2; truncated=0; is_seed=0,2,False,1,0,54184.0000000000,0.0000000000,1,0,0.0003135971,0.0000000000,False,True,1,1,0,0.0000000000,0.0000000000,0.0000000000,0.5153469751,0.0000000000,0.0000000000,0.0000000000,0.4184799033,0.0000000000,0.5815200967,0.4515477793,0.2626738448,0.0000000000
100000008631800100,peripheral,1.0000000000,18,0.1025256237,in_deg=1; out_deg=0; in=12850; out=0 KZT; tx=1/0; role_score=1.000; depth=4; truncated=1; is_seed=0,4,False,1,0,12850.0000000000,0.0000000000,1,0,0.0002908686,0.0000000000,True,True,1,1,0,0.0000000000,0.0000000000,0.0000000000,0.2439946619,0.0000000000,0.0000000000,0.0000000000,0.0000000000,0.0000000000,1.0000000000,0.1061013908,0.2626738448,0.0000000000
100000008632060100,distributor,0.7868756004,0,0.6677363812,in_deg=1; out_deg=9; in=6000; out=339200 KZT; tx=1/12; role_score=0.787; depth=3; truncated=0; is_seed=0,3,False,1,9,6000.0000000000,339200.0000000000,1,12,0.0002864756,56.5333333333,False,True,11,22,0,0.0000000000,0.0005365437,0.9056761269,0.0802935943,0.0000000000,0.1682037037,0.7868756004,0.0000000000,0.6580613671,0.2131243996,0.7965455361,0.9304620906,0.0000000000
100000008633099100,peripheral,0.7310550577,1,0.3068031127,in_deg=1; out_deg=1; in=19468; out=13500 KZT; tx=1/1; role_score=0.731; depth=3; truncated=0; is_seed=0,3,False,1,1,19468.0000000000,13500.0000000000,1,1,0.0002903833,0.6934456544,False,True,2,9,0,0.0000000000,0.0000192202,0.2863105175,0.2284252669,0.0000000000,0.1475090333,0.0000000000,0.0982706322,0.2689449423,0.7310550577,0.3259309107,0.6056527591,0.0000000000
100000008634520100,peripheral,0.5489573889,42,0.2292475271,in_deg=1; out_deg=0; in=90000; out=0 KZT; tx=1/0; role_score=0.549; depth=3; truncated=0; is_seed=0,3,False,1,0,90000.0000000000,0.0000000000,1,0,0.0002968657,0.0000000000,False,True,1,1,0,0.0000000000,0.0000000000,0.0000000000,0.3534252669,0.0000000000,0.0000000000,0.0000000000,0.4510426111,0.0000000000,0.5489573889,0.5473306415,0.2626738448,0.0000000000
100000008636603100,coordinator,0.8704270982,16,0.7695883488,in_deg=2; out_deg=6; in=35460; out=159375 KZT; tx=2/7; bet_pct=0.986; pr_pct=0.601; depth=2; truncated=0; is_seed=0,2,False,2,6,35460.0000000000,159375.0000000000,2,7,0.0003368074,4.4945008460,False,True,6,30,2,0.2857142857,0.0034745655,0.9858096828,0.6012010676,0.4165722273,0.4893523662,0.6453230067,0.0000000000,0.8704270982,0.1295729018,0.6996410947,0.8930013459,0.2551432417
100000008637537100,transit,0.8293107589,42,0.8310525279,in_deg=3; out_deg=3; in=619890; out=2.3515e+06 KZT; tx=22/30; out/in=unavailable; prev_day=0.500; depth=0; truncated=0; is_seed=1,0,True,3,3,619890.0000000000,2351495.0000000000,22,30,0.0008220106,3.7934068948,False,True,15,17,15,0.5000000000,0.0000775354,0.7053422371,0.9321619217,0.7196282865,0.8293107589,0.6547190202,0.0000000000,0.7733881425,0.1706892411,0.9831763122,0.9928218932,0.4964109466
100000008638859100,peripheral,1.0000000000,43,0.2468298175,in_deg=1; out_deg=0; in=34000; out=0 KZT; tx=1/0; role_score=1.000; depth=4; truncated=1; is_seed=0,4,False,1,0,34000.0000000000,0.0000000000,1,0,0.0005361261,0.0000000000,True,True,1,1,0,0.0000000000,0.0000000000,0.0000000000,0.8302935943,0.0000000000,0.0000000000,0.0000000000,0.0000000000,0.0000000000,1.0000000000,0.3315388066,0.2626738448,0.0000000000
100000008647905100,coordinator,0.5523873196,43,0.6260254229,in_deg=1; out_deg=2; in=50000; out=344222 KZT; tx=1/2; bet_pct=0.544; pr_pct=0.571; depth=2; truncated=0; is_seed=0,2,False,1,2,50000.0000000000,344222.0000000000,1,2,0.0003268949,6.8844400000,False,True,3,7,1,0.5000000000,0.0000384405,0.5442404007,0.5713967972,0.0000000000,0.3009006652,0.4699007365,0.0000000000,0.5523873196,0.4476126804,0.8198743831,0.7243158367,0.3621579183
100000008648783100,peripheral,1.0000000000,18,0.0582852920,in_deg=1; out_deg=0; in=5200; out=0 KZT; tx=1/0; role_score=1.000; depth=4; truncated=1; is_seed=0,4,False,1,0,5200.0000000000,0.0000000000,1,0,0.0002868017,0.0000000000,True,True,1,1,0,0.0000000000,0.0000000000,0.0000000000,0.0989768683,0.0000000000,0.0000000000,0.0000000000,0.0000000000,0.0000000000,1.0000000000,0.0161507402,0.2626738448,0.0000000000
100000008649416100,peripheral,1.0000000000,28,0.1635270382,in_deg=1; out_deg=0; in=5000; out=0 KZT; tx=1/0; role_score=1.000; depth=4; truncated=1; is_seed=0,4,False,1,0,5000.0000000000,0.0000000000,1,0,0.0005305660,0.0000000000,True,True,1,1,0,0.0000000000,0.0000000000,0.0000000000,0.8151690391,0.0000000000,0.0000000000,0.0000000000,0.0000000000,0.0000000000,1.0000000000,0.0074024226,0.2626738448,0.0000000000
100000008650785100,coordinator,0.6021465565,16,0.6374012280,in_deg=2; out_deg=2; in=92000; out=120120 KZT; tx=2/2; bet_pct=0.480; pr_pct=0.887; depth=0; truncated=0; is_seed=1,0,True,2,2,92000.0000000000,120120.0000000000,2,2,0.0006087275,1.3056521739,False,True,4,10,1,0.5000000000,0.0000224236,0.4799666110,0.8872330961,0.5554737081,0.4791066282,0.3782420749,0.0000000000,0.6021465565,0.3978534435,0.7166890983,0.7857783760,0.3928891880
100000008652094100,peripheral,0.6221668178,0,0.1336313451,in_deg=1; out_deg=0; in=35000; out=0 KZT; tx=1/0; role_score=0.622; depth=3; truncated=0; is_seed=0,3,False,1,0,35000.0000000000,0.0000000000,1,0,0.0002859947,0.0000000000,False,True,1,1,0,0.0000000000,0.0000000000,0.0000000000,0.0651690391,0.0000000000,0.0000000000,0.0000000000,0.3778331822,0.0000000000,0.6221668178,0.3378196501,0.2626738448,0.0000000000
100000008653041100,peripheral,0.6409035963,22,0.1353404861,in_deg=1; out_deg=0; in=28000; out=0 KZT; tx=1/0; role_score=0.641; depth=3; truncated=0; is_seed=0,3,False,1,0,28000.0000000000,0.0000000000,1,0,0.0002883754,0.0000000000,False,True,1,1,0,0.0000000000,0.0000000000,0.0000000000,0.1670373665,0.0000000000,0.0000000000,0.0000000000,0.3590964037,0.0000000000,0.6409035963,0.2835352176,0.2626738448,0.0000000000
100000008654653100,peripheral,1.0000000000,16,0.1533527933,in_deg=0; out_deg=1; in=0; out=54000 KZT; tx=0/1; role_score=1.000; depth=0; truncated=0; is_seed=1,0,True,0,1,0.0000000000,54000.0000000000,0,1,0.0002840373,-1.0000000000,False,False,1,1,0,0.0000000000,0.0000000000,0.0000000000,0.0093416370,0.0000000000,0.0000000000,0.0000000000,0.0000000000,0.0000000000,1.0000000000,0.4502018843,0.2626738448,0.0000000000
100000008655035100,peripheral,0.6345572681,1,0.2398171038,in_deg=1; out_deg=0; in=30000; out=0 KZT; tx=1/0; role_score=0.635; depth=2; truncated=0; is_seed=0,2,False,1,0,30000.0000000000,0.0000000000,1,0,0.0005369336,0.0000000000,False,True,1,1,0,0.0000000000,0.0000000000,0.0000000000,0.8325177936,0.0000000000,0.0000000000,0.0000000000,0.3654427319,0.0000000000,0.6345572681,0.3021534320,0.2626738448,0.0000000000
100000008655779100,coordinator,0.6762132840,15,0.5720904913,in_deg=1; out_deg=2; in=47000; out=24704 KZT; tx=1/2; bet_pct=0.665; pr_pct=0.702; depth=3; truncated=0; is_seed=0,3,False,1,2,47000.0000000000,24704.0000000000,1,2,0.0003944507,0.5256170213,False,True,3,25,0,0.0000000000,0.0000592098,0.6652754591,0.7017348754,0.0000000000,0.3100095653,0.3306115914,0.1897388553,0.6762132840,0.3237867160,0.5013458950,0.7243158367,0.0000000000
100000008656043100,peripheral,0.6450589302,22,0.1510409283,in_deg=1; out_deg=0; in=26200; out=0 KZT; tx=1/0; role_score=0.645; depth=2; truncated=0; is_seed=0,2,False,1,0,26200.0000000000,0.0000000000,1,0,0.0002928686,0.0000000000,False,True,1,1,0,0.0000000000,0.0000000000,0.0000000000,0.2911476868,0.0000000000,0.0000000000,0.0000000000,0.3549410698,0.0000000000,0.6450589302,0.2718707941,0.2626738448,0.0000000000
100000008659445100,transit,0.7860150496,9,0.5773602643,in_deg=3; out_deg=4; in=138490; out=875150 KZT; tx=7/18; out/in=unavailable; prev_day=0.222; depth=0; truncated=0; is_seed=1,0,True,3,4,138490.0000000000,875150.0000000000,7,18,0.0025466577,6.3192288252,False,True,15,27,4,0.2222222222,0.0000009907,0.0809682805,0.9944395018,0.6174718301,0.7860150496,0.6696685879,0.0000000000,0.3550096469,0.2139849504,0.9279946164,0.9746523105,0.2165894023
100000008659950100,terminal,0.5184345724,42,0.3078364807,in_deg=1; out_deg=0; in=246000; out=0 KZT; tx=1/0; out/in=0; prev_day=0.000; depth=3; truncated=0; is_seed=0,3,False,1,0,246000.0000000000,0.0000000000,1,0,0.0003191016,0.0000000000,False,True,1,1,0,0.0000000000,0.0000000000,0.0000000000,0.5464857651,0.0000000000,0.0000000000,0.0000000000,0.5184345724,0.0000000000,0.4815654276,0.7458501570,0.2626738448,0.0000000000
100000008661550100,peripheral,0.6635690541,22,0.1156568413,in_deg=1; out_deg=0; in=22800; out=0 KZT; tx=1/0; role_score=0.664; depth=3; truncated=0; is_seed=0,3,False,1,0,22800.0000000000,0.0000000000,1,0,0.0002875698,0.0000000000,False,True,1,1,0,0.0000000000,0.0000000000,0.0000000000,0.1318950178,0.0000000000,0.0000000000,0.0000000000,0.3364309459,0.0000000000,0.6635690541,0.2258860476,0.2626738448,0.0000000000
100000008661585100,peripheral,0.6078120278,22,0.1781909477,in_deg=1; out_deg=0; in=43141; out=0 KZT; tx=1/0; role_score=0.608; depth=1; truncated=0; is_seed=0,1,False,1,0,43141.0000000000,0.0000000000,1,0,0.0002930239,0.0000000000,False,True,1,1,0,0.0000000000,0.0000000000,0.0000000000,0.2938167260,0.0000000000,0.0000000000,0.0000000000,0.3921879722,0.0000000000,0.6078120278,0.3788694482,0.2626738448,0.0000000000
100000008662216100,peripheral,0.6450589302,22,0.1311899496,in_deg=1; out_deg=0; in=26200; out=0 KZT; tx=1/0; role_score=0.645; depth=3; truncated=0; is_seed=0,3,False,1,0,26200.0000000000,0.0000000000,1,0,0.0002880966,0.0000000000,False,True,1,1,0,0.0000000000,0.0000000000,0.0000000000,0.1588078292,0.0000000000,0.0000000000,0.0000000000,0.3549410698,0.0000000000,0.6450589302,0.2718707941,0.2626738448,0.0000000000
100000008662805100,peripheral,0.6919764279,22,0.0913435092,in_deg=1; out_deg=0; in=16500; out=0 KZT; tx=1/0; role_score=0.692; depth=3; truncated=0; is_seed=0,3,False,1,0,16500.0000000000,0.0000000000,1,0,0.0002865937,0.0000000000,False,True,1,1,0,0.0000000000,0.0000000000,0.0000000000,0.0860765125,0.0000000000,0.0000000000,0.0000000000,0.3080235721,0.0000000000,0.6919764279,0.1561238223,0.2626738448,0.0000000000
100000008663007100,peripheral,0.7058023572,22,0.0841760145,in_deg=1; out_deg=0; in=14000; out=0 KZT; tx=1/0; role_score=0.706; depth=1; truncated=0; is_seed=0,1,False,1,0,14000.0000000000,0.0000000000,1,0,0.0002869536,0.0000000000,False,True,1,1,0,0.0000000000,0.0000000000,0.0000000000,0.1040925267,0.0000000000,0.0000000000,0.0000000000,0.2941976428,0.0000000000,0.7058023572,0.1166442351,0.2626738448,0.0000000000
100000008663723100,peripheral,0.6957540042,22,0.0870914618,in_deg=1; out_deg=0; in=15600; out=0 KZT; tx=1/0; role_score=0.696; depth=3; truncated=0; is_seed=0,3,False,1,0,15600.0000000000,0.0000000000,1,0,0.0002864543,0.0000000000,False,True,1,1,0,0.0000000000,0.0000000000,0.0000000000,0.0782918149,0.0000000000,0.0000000000,0.0000000000,0.3042459958,0.0000000000,0.6957540042,0.1437864513,0.2626738448,0.0000000000
100000008664469100,peripheral,0.6523118767,2,0.1314078144,in_deg=1; out_deg=0; in=25000; out=0 KZT; tx=1/0; role_score=0.652; depth=1; truncated=0; is_seed=0,1,False,1,0,25000.0000000000,0.0000000000,1,0,0.0002890027,0.0000000000,False,True,1,1,0,0.0000000000,0.0000000000,0.0000000000,0.1901690391,0.0000000000,0.0000000000,0.0000000000,0.3476881233,0.0000000000,0.6523118767,0.2539255271,0.2626738448,0.0000000000
100000008664774100,peripheral,0.6928074947,22,0.0903702948,in_deg=1; out_deg=0; in=16300; out=0 KZT; tx=1/0; role_score=0.693; depth=3; truncated=0; is_seed=0,3,False,1,0,16300.0000000000,0.0000000000,1,0,0.0002865627,0.0000000000,False,True,1,1,0,0.0000000000,0.0000000000,0.0000000000,0.0840747331,0.0000000000,0.0000000000,0.0000000000,0.3071925053,0.0000000000,0.6928074947,0.1534320323,0.2626738448,0.0000000000
100000008665380100,consolidator,0.6000050368,0,0.4453501528,in_deg=2; out_deg=1; in=69100; out=18200 KZT; tx=2/1; role_score=0.600; depth=1; truncated=0; is_seed=0,1,False,2,1,69100.0000000000,18200.0000000000,2,1,0.0002892044,0.2633863965,False,True,3,4,1,1.0000000000,0.0000192202,0.2863105175,0.1946174377,0.6000050368,0.1575265768,0.0000000000,0.5303662467,0.2588025936,0.3999949632,0.5394795873,0.7243158367,0.7243158367
100000008666075100,peripheral,0.6442278634,22,0.1386462310,in_deg=1; out_deg=0; in=26217; out=0 KZT; tx=1/0; role_score=0.644; depth=1; truncated=0; is_seed=0,1,False,1,0,26217.0000000000,0.0000000000,1,0,0.0002894985,0.0000000000,False,True,1,1,0,0.0000000000,0.0000000000,0.0000000000,0.2044039146,0.0000000000,0.0000000000,0.0000000000,0.3557721366,0.0000000000,0.6442278634,0.2743382683,0.2626738448,0.0000000000
100000008667058100,peripheral,0.6864611665,22,0.1023909594,in_deg=1; out_deg=0; in=17534; out=0 KZT; tx=1/0; role_score=0.686; depth=1; truncated=0; is_seed=0,1,False,1,0,17534.0000000000,0.0000000000,1,0,0.0002876898,0.0000000000,False,True,1,1,0,0.0000000000,0.0000000000,0.0000000000,0.1387900356,0.0000000000,0.0000000000,0.0000000000,0.3135388335,0.0000000000,0.6864611665,0.1686855092,0.2626738448,0.0000000000
100000008667795100,peripheral,0.6247355697,22,0.1519121129,in_deg=1; out_deg=0; in=34000; out=0 KZT; tx=1/0; role_score=0.625; depth=3; truncated=0; is_seed=0,3,False,1,0,34000.0000000000,0.0000000000,1,0,0.0002893050,0.0000000000,False,True,1,1,0,0.0000000000,0.0000000000,0.0000000000,0.1975088968,0.0000000000,0.0000000000,0.0000000000,0.3752644303,0.0000000000,0.6247355697,0.3315388066,0.2626738448,0.0000000000
100000008667799100,peripheral,0.6247355697,22,0.1519121129,in_deg=1; out_deg=0; in=34000; out=0 KZT; tx=1/0; role_score=0.625; depth=3; truncated=0; is_seed=0,3,False,1,0,34000.0000000000,0.0000000000,1,0,0.0002893050,0.0000000000,False,True,1,1,0,0.0000000000,0.0000000000,0.0000000000,0.1975088968,0.0000000000,0.0000000000,0.0000000000,0.3752644303,0.0000000000,0.6247355697,0.3315388066,0.2626738448,0.0000000000
100000008668099100,peripheral,0.6949984890,22,0.0878524293,in_deg=1; out_deg=0; in=15700; out=0 KZT; tx=1/0; role_score=0.695; depth=3; truncated=0; is_seed=0,3,False,1,0,15700.0000000000,0.0000000000,1,0,0.0002864698,0.0000000000,False,True,1,1,0,0.0000000000,0.0000000000,0.0000000000,0.0796263345,0.0000000000,0.0000000000,0.0000000000,0.3050015110,0.0000000000,0.6949984890,0.1460296097,0.2626738448,0.0000000000
100000008669037100,peripheral,1.0000000000,86,0.0000000000,in_deg=0; out_deg=0; in=0; out=0 KZT; tx=0/0; observed_edges=0; depth=0; truncated=0; is_seed=1,0,True,0,0,0.0000000000,0.0000000000,0,0,0.0002840373,-1.0000000000,False,False,0,0,0,0.0000000000,0.0000000000,0.0000000000,0.0093416370,0.0000000000,0.0000000000,0.0000000000,0.0000000000,0.0000000000,1.0000000000,0.0000000000,0.0000000000,0.0000000000
100000008669310100,terminal,0.5595346026,0,0.2266197888,in_deg=1; out_deg=0; in=59567; out=0 KZT; tx=2/0; out/in=0; prev_day=0.000; depth=3; truncated=0; is_seed=0,3,False,1,0,59567.0000000000,0.0000000000,2,0,0.0002873687,0.0000000000,False,True,2,25,0,0.0000000000,0.0000000000,0.0000000000,0.1278914591,0.0000000000,0.0000000000,0.0000000000,0.5595346026,0.0000000000,0.4404653974,0.4663526245,0.6056527591,0.0000000000
100000008670667100,peripheral,0.6965850710,22,0.0929470132,in_deg=1; out_deg=0; in=15534; out=0 KZT; tx=1/0; role_score=0.697; depth=1; truncated=0; is_seed=0,1,False,1,0,15534.0000000000,0.0000000000,1,0,0.0002872731,0.0000000000,False,True,1,1,0,0.0000000000,0.0000000000,0.0000000000,0.1214412811,0.0000000000,0.0000000000,0.0000000000,0.3034149290,0.0000000000,0.6965850710,0.1413189771,0.2626738448,0.0000000000
100000008671026100,peripheral,0.6604714415,22,0.1257481053,in_deg=1; out_deg=0; in=23534; out=0 KZT; tx=1/0; role_score=0.660; depth=1; truncated=0; is_seed=0,1,False,1,0,23534.0000000000,0.0000000000,1,0,0.0002889396,0.0000000000,False,True,1,1,0,0.0000000000,0.0000000000,0.0000000000,0.1868327402,0.0000000000,0.0000000000,0.0000000000,0.3395285585,0.0000000000,0.6604714415,0.2332884702,0.2626738448,0.0000000000
100000008671081100,peripheral,0.6177848293,22,0.1593357946,in_deg=1; out_deg=0; in=37200; out=0 KZT; tx=1/0; role_score=0.618; depth=3; truncated=0; is_seed=0,3,False,1,0,37200.0000000000,0.0000000000,1,0,0.0002898008,0.0000000000,False,True,1,1,0,0.0000000000,0.0000000000,0.0000000000,0.2159697509,0.0000000000,0.0000000000,0.0000000000,0.3822151707,0.0000000000,0.6177848293,0.3501570211,0.2626738448,0.0000000000
100000008671129100,peripheral,0.6450589302,22,0.1311899496,in_deg=1; out_deg=0; in=26200; out=0 KZT; tx=1/0; role_score=0.645; depth=3; truncated=0; is_seed=0,3,False,1,0,26200.0000000000,0.0000000000,1,0,0.0002880966,0.0000000000,False,True,1,1,0,0.0000000000,0.0000000000,0.0000000000,0.1588078292,0.0000000000,0.0000000000,0.0000000000,0.3549410698,0.0000000000,0.6450589302,0.2718707941,0.2626738448,0.0000000000
100000008671929100,terminal,0.5747960109,2,0.2758608569,in_deg=1; out_deg=0; in=75000; out=0 KZT; tx=2/0; out/in=0; prev_day=0.000; depth=1; truncated=0; is_seed=0,1,False,1,0,75000.0000000000,0.0000000000,2,0,0.0002989335,0.0000000000,False,True,2,3,0,0.0000000000,0.0000000000,0.0000000000,0.3881227758,0.0000000000,0.0000000000,0.0000000000,0.5747960109,0.0000000000,0.4252039891,0.5071781068,0.6056527591,0.0000000000
100000008672162100,peripheral,0.6961317619,22,0.0934503019,in_deg=1; out_deg=0; in=15550; out=0 KZT; tx=1/0; role_score=0.696; depth=1; truncated=0; is_seed=0,1,False,1,0,15550.0000000000,0.0000000000,1,0,0.0002872765,0.0000000000,False,True,1,1,0,0.0000000000,0.0000000000,0.0000000000,0.1225533808,0.0000000000,0.0000000000,0.0000000000,0.3038682381,0.0000000000,0.6961317619,0.1426648721,0.2626738448,0.0000000000
100000008672200100,peripheral,0.7330764581,22,0.0605902869,in_deg=1; out_deg=0; in=8511; out=0 KZT; tx=1/0; role_score=0.733; depth=1; truncated=0; is_seed=0,1,False,1,0,8511.0000000000,0.0000000000,1,0,0.0002858102,0.0000000000,False,True,1,1,0,0.0000000000,0.0000000000,0.0000000000,0.0593861210,0.0000000000,0.0000000000,0.0000000000,0.2669235419,0.0000000000,0.7330764581,0.0491251682,0.2626738448,0.0000000000
100000008672480100,peripheral,0.7092021759,22,0.0917415750,in_deg=1; out_deg=0; in=13000; out=0 KZT; tx=1/0; role_score=0.709; depth=2; truncated=0; is_seed=0,2,False,1,0,13000.0000000000,0.0000000000,1,0,0.0002884192,0.0000000000,False,True,1,1,0,0.0000000000,0.0000000000,0.0000000000,0.1694839858,0.0000000000,0.0000000000,0.0000000000,0.2907978241,0.0000000000,0.7092021759,0.1076716016,0.2626738448,0.0000000000
100000008672493100,peripheral,0.7058023572,22,0.0793717440,in_deg=1; out_deg=0; in=14000; out=0 KZT; tx=1/0; role_score=0.706; depth=3; truncated=0; is_seed=0,3,False,1,0,14000.0000000000,0.0000000000,1,0,0.0002862064,0.0000000000,False,True,1,1,0,0.0000000000,0.0000000000,0.0000000000,0.0720640569,0.0000000000,0.0000000000,0.0000000000,0.2941976428,0.0000000000,0.7058023572,0.1166442351,0.2626738448,0.0000000000
100000008672603100,peripheral,0.6671199758,2,0.1448551097,in_deg=1; out_deg=0; in=21200; out=0 KZT; tx=1/0; role_score=0.667; depth=2; truncated=0; is_seed=0,2,False,1,0,21200.0000000000,0.0000000000,1,0,0.0002956028,0.0000000000,False,True,1,1,0,0.0000000000,0.0000000000,0.0000000000,0.3396352313,0.0000000000,0.0000000000,0.0000000000,0.3328800242,0.0000000000,0.6671199758,0.2180349933,0.2626738448,0.0000000000
100000008672762100,peripheral,0.7092021759,22,0.0917415750,in_deg=1; out_deg=0; in=13000; out=0 KZT; tx=1/0; role_score=0.709; depth=2; truncated=0; is_seed=0,2,False,1,0,13000.0000000000,0.0000000000,1,0,0.0002884192,0.0000000000,False,True,1,1,0,0.0000000000,0.0000000000,0.0000000000,0.1694839858,0.0000000000,0.0000000000,0.0000000000,0.2907978241,0.0000000000,0.7092021759,0.1076716016,0.2626738448,0.0000000000
100000008673001100,peripheral,0.5568902992,47,0.2816287375,in_deg=1; out_deg=0; in=80000; out=0 KZT; tx=1/0; role_score=0.557; depth=0; truncated=0; is_seed=1,0,True,1,0,80000.0000000000,0.0000000000,1,0,0.0004662499,0.0000000000,False,True,1,1,0,0.0000000000,0.0000000000,0.0000000000,0.7542259786,0.0000000000,0.0000000000,0.0000000000,0.4431097008,0.0000000000,0.5568902992,0.5163750561,0.2626738448,0.0000000000
100000008675322100,peripheral,1.0000000000,20,0.3969578911,in_deg=1; out_deg=0; in=340000; out=0 KZT; tx=4/0; role_score=1.000; depth=4; truncated=1; is_seed=0,4,False,1,0,340000.0000000000,0.0000000000,4,0,0.0003176004,0.0000000000,True,True,4,7,0,0.0000000000,0.0000000000,0.0000000000,0.5371441281,0.0000000000,0.0000000000,0.0000000000,0.0000000000,0.0000000000,1.0000000000,0.7940780619,0.7857783760,0.0000000000
100000008676812100,terminal,0.5139770323,43,0.3357633833,in_deg=1; out_deg=0; in=230800; out=0 KZT; tx=1/0; out/in=0; prev_day=0.000; depth=3; truncated=0; is_seed=0,3,False,1,0,230800.0000000000,0.0000000000,1,0,0.0004703422,0.0000000000,False,True,1,1,0,0.0000000000,0.0000000000,0.0000000000,0.7573398577,0.0000000000,0.0000000000,0.0000000000,0.5139770323,0.0000000000,0.4860229677,0.7310453118,0.2626738448,0.0000000000
100000008677215100,peripheral,0.7318676337,29,0.1169794266,in_deg=1; out_deg=0; in=9000; out=0 KZT; tx=1/0; role_score=0.732; depth=3; truncated=0; is_seed=0,3,False,1,0,9000.0000000000,0.0000000000,1,0,0.0003029374,0.0000000000,False,True,1,1,0,0.0000000000,0.0000000000,0.0000000000,0.4308274021,0.0000000000,0.0000000000,0.0000000000,0.2681323663,0.0000000000,0.7318676337,0.0518169583,0.2626738448,0.0000000000
100000008677368100,peripheral,1.0000000000,1,0.1900601891,in_deg=1; out_deg=0; in=13500; out=0 KZT; tx=1/0; role_score=1.000; depth=4; truncated=1; is_seed=0,4,False,1,0,13500.0000000000,0.0000000000,1,0,0.0005308631,0.0000000000,True,True,1,1,0,0.0000000000,0.0000000000,0.0000000000,0.8178380783,0.0000000000,0.0000000000,0.0000000000,0.0000000000,0.0000000000,1.0000000000,0.1119336025,0.2626738448,0.0000000000
100000008677518100,peripheral,0.5963281958,22,0.1812618694,in_deg=1; out_deg=0; in=48700; out=0 KZT; tx=1/0; role_score=0.596; depth=3; truncated=0; is_seed=0,3,False,1,0,48700.0000000000,0.0000000000,1,0,0.0002915826,0.0000000000,False,True,1,1,0,0.0000000000,0.0000000000,0.0000000000,0.2604537367,0.0000000000,0.0000000000,0.0000000000,0.4036718042,0.0000000000,0.5963281958,0.4111709287,0.2626738448,0.0000000000
100000008679986100,peripheral,0.6804170444,22,0.1080272240,in_deg=1; out_deg=0; in=19000; out=0 KZT; tx=1/0; role_score=0.680; depth=1; truncated=0; is_seed=0,1,False,1,0,19000.0000000000,0.0000000000,1,0,0.0002879951,0.0000000000,False,True,1,1,0,0.0000000000,0.0000000000,0.0000000000,0.1516903915,0.0000000000,0.0000000000,0.0000000000,0.3195829556,0.0000000000,0.6804170444,0.1834903544,0.2626738448,0.0000000000
100000008680061100,peripheral,1.0000000000,10,0.2555799712,in_deg=1; out_deg=0; in=41300; out=0 KZT; tx=2/0; role_score=1.000; depth=4; truncated=1; is_seed=0,4,False,1,0,41300.0000000000,0.0000000000,2,0,0.0003089566,0.0000000000,True,True,2,3,0,0.0000000000,0.0000000000,0.0000000000,0.4779804270,0.0000000000,0.0000000000,0.0000000000,0.0000000000,0.0000000000,1.0000000000,0.3721399731,0.6056527591,0.0000000000
100000008680451100,peripheral,0.6604714415,22,0.1257481053,in_deg=1; out_deg=0; in=23534; out=0 KZT; tx=1/0; role_score=0.660; depth=1; truncated=0; is_seed=0,1,False,1,0,23534.0000000000,0.0000000000,1,0,0.0002889396,0.0000000000,False,True,1,1,0,0.0000000000,0.0000000000,0.0000000000,0.1868327402,0.0000000000,0.0000000000,0.0000000000,0.3395285585,0.0000000000,0.6604714415,0.2332884702,0.2626738448,0.0000000000
100000008680731100,distributor,0.9435638809,7,0.3858898054,in_deg=0; out_deg=27; in=0; out=1.46435e+06 KZT; tx=0/28; role_score=0.944; depth=0; truncated=0; is_seed=1,0,True,0,27,0.0000000000,1464354.0000000000,0,28,0.0002840373,-1.0000000000,False,False,6,6,0,0.0000000000,0.0000000000,0.0000000000,0.0093416370,0.0000000000,0.0000000000,0.9435638809,0.0000000000,0.0000000000,0.0564361191,0.9508748318,0.9784656797,0.0000000000
100000008680912100,peripheral,0.5380958229,0,0.4153609898,in_deg=1; out_deg=1; in=45112; out=5990.85 KZT; tx=2/1; role_score=0.538; depth=3; truncated=0; is_seed=0,3,False,1,1,45112.0000000000,5990.8500000000,2,1,0.0005414865,0.1327994769,False,True,3,6,1,1.0000000000,0.0000000000,0.0000000000,0.8369661922,0.0000000000,0.1162385973,0.0000000000,0.4619041771,0.0000000000,0.5380958229,0.4349484074,0.7243158367,0.7243158367
100000008682426100,peripheral,0.6745240254,40,0.1203346647,in_deg=1; out_deg=0; in=20000; out=0 KZT; tx=1/0; role_score=0.675; depth=3; truncated=0; is_seed=0,3,False,1,0,20000.0000000000,0.0000000000,1,0,0.0002896710,0.0000000000,False,True,1,1,0,0.0000000000,0.0000000000,0.0000000000,0.2101868327,0.0000000000,0.0000000000,0.0000000000,0.3254759746,0.0000000000,0.6745240254,0.1976222521,0.2626738448,0.0000000000
100000008683818100,peripheral,0.6877455425,22,0.1139302879,in_deg=1; out_deg=0; in=17400; out=0 KZT; tx=1/0; role_score=0.688; depth=2; truncated=0; is_seed=0,2,False,1,0,17400.0000000000,0.0000000000,1,0,0.0002899024,0.0000000000,False,True,1,1,0,0.0000000000,0.0000000000,0.0000000000,0.2190836299,0.0000000000,0.0000000000,0.0000000000,0.3122544575,0.0000000000,0.6877455425,0.1666666667,0.2626738448,0.0000000000
100000008684452100,peripheral,0.5859020852,22,0.1898809659,in_deg=1; out_deg=0; in=51800; out=0 KZT; tx=1/0; role_score=0.586; depth=3; truncated=0; is_seed=0,3,False,1,0,51800.0000000000,0.0000000000,1,0,0.0002920629,0.0000000000,False,True,1,1,0,0.0000000000,0.0000000000,0.0000000000,0.2737989324,0.0000000000,0.0000000000,0.0000000000,0.4140979148,0.0000000000,0.5859020852,0.4376401974,0.2626738448,0.0000000000
100000008684767100,peripheral,0.6296464189,22,0.1457846285,in_deg=1; out_deg=0; in=31100; out=0 KZT; tx=1/0; role_score=0.630; depth=3; truncated=0; is_seed=0,3,False,1,0,31100.0000000000,0.0000000000,1,0,0.0002888557,0.0000000000,False,True,1,1,0,0.0000000000,0.0000000000,0.0000000000,0.1828291815,0.0000000000,0.0000000000,0.0000000000,0.3703535811,0.0000000000,0.6296464189,0.3158366981,0.2626738448,0.0000000000
100000008684951100,peripheral,0.6886521608,22,0.0940296115,in_deg=1; out_deg=0; in=17200; out=0 KZT; tx=1/0; role_score=0.689; depth=3; truncated=0; is_seed=0,3,False,1,0,17200.0000000000,0.0000000000,1,0,0.0002867022,0.0000000000,False,True,1,1,0,0.0000000000,0.0000000000,0.0000000000,0.0905249110,0.0000000000,0.0000000000,0.0000000000,0.3113478392,0.0000000000,0.6886521608,0.1641991925,0.2626738448,0.0000000000
100000008686214100,peripheral,0.6523118767,8,0.1548286329,in_deg=1; out_deg=0; in=25000; out=0 KZT; tx=1/0; role_score=0.652; depth=3; truncated=0; is_seed=0,3,False,1,0,25000.0000000000,0.0000000000,1,0,0.0002961137,0.0000000000,False,True,1,1,0,0.0000000000,0.0000000000,0.0000000000,0.3463078292,0.0000000000,0.0000000000,0.0000000000,0.3476881233,0.0000000000,0.6523118767,0.2539255271,0.2626738448,0.0000000000
100000008686234100,peripheral,0.6143094591,0,0.1682785326,in_deg=1; out_deg=0; in=39778; out=0 KZT; tx=1/0; role_score=0.614; depth=1; truncated=0; is_seed=0,1,False,1,0,39778.0000000000,0.0000000000,1,0,0.0002914435,0.0000000000,False,True,1,1,0,0.0000000000,0.0000000000,0.0000000000,0.2568950178,0.0000000000,0.0000000000,0.0000000000,0.3856905409,0.0000000000,0.6143094591,0.3613728129,0.2626738448,0.0000000000
100000008686247100,peripheral,0.6365216077,21,0.2538433196,in_deg=1; out_deg=1; in=22000; out=5000 KZT; tx=2/1; role_score=0.637; depth=3; truncated=0; is_seed=0,3,False,1,1,22000.0000000000,5000.0000000000,2,1,0.0003119292,0.2272727273,False,True,3,13,0,0.0000000000,0.0000000000,0.0000000000,0.5028914591,0.0000000000,0.0981126103,0.0000000000,0.3634783923,0.0000000000,0.6365216077,0.2790489009,0.7243158367,0.0000000000
100000008686313100,coordinator,0.8982715484,0,0.8923924950,in_deg=6; out_deg=7; in=1.91272e+06; out=333800 KZT; tx=16/13; bet_pct=0.961; pr_pct=0.752; depth=1; truncated=0; is_seed=0,1,False,6,7,1912716.0000000000,333800.0000000000,16,13,0.0004647063,0.1745162376,False,True,20,23,7,0.5384615385,0.0019848260,0.9607679466,0.7524466192,0.7232053607,0.6149976178,0.6328973620,0.8169395439,0.8982715484,0.1017284516,0.9746523105,0.9791386272,0.5272284916
100000008686494100,peripheral,0.6949984890,22,0.0878524293,in_deg=1; out_deg=0; in=15700; out=0 KZT; tx=1/0; role_score=0.695; depth=3; truncated=0; is_seed=0,3,False,1,0,15700.0000000000,0.0000000000,1,0,0.0002864698,0.0000000000,False,True,1,1,0,0.0000000000,0.0000000000,0.0000000000,0.0796263345,0.0000000000,0.0000000000,0.0000000000,0.3050015110,0.0000000000,0.6949984890,0.1460296097,0.2626738448,0.0000000000
100000008687492100,peripheral,0.7004381989,22,0.1008767227,in_deg=1; out_deg=0; in=15000; out=0 KZT; tx=1/0; role_score=0.700; depth=2; truncated=0; is_seed=0,2,False,1,0,15000.0000000000,0.0000000000,1,0,0.0002890934,0.0000000000,False,True,1,1,0,0.0000000000,0.0000000000,0.0000000000,0.1915035587,0.0000000000,0.0000000000,0.0000000000,0.2995618011,0.0000000000,0.7004381989,0.1310004486,0.2626738448,0.0000000000
100000008687617100,terminal,0.5282562708,22,0.2218762772,in_deg=1; out_deg=0; in=43350; out=0 KZT; tx=2/0; out/in=0; prev_day=0.000; depth=3; truncated=0; is_seed=0,3,False,1,0,43350.0000000000,0.0000000000,2,0,0.0002907537,0.0000000000,False,True,2,8,0,0.0000000000,0.0000000000,0.0000000000,0.2413256228,0.0000000000,0.0000000000,0.0000000000,0.5282562708,0.0000000000,0.4717437292,0.3793180799,0.6056527591,0.0000000000
100000008687671100,peripheral,0.6174070716,22,0.1675246398,in_deg=1; out_deg=0; in=37500; out=0 KZT; tx=1/0; role_score=0.617; depth=1; truncated=0; is_seed=0,1,False,1,0,37500.0000000000,0.0000000000,1,0,0.0002918488,0.0000000000,False,True,1,1,0,0.0000000000,0.0000000000,0.0000000000,0.2675711744,0.0000000000,0.0000000000,0.0000000000,0.3825929284,0.0000000000,0.6174070716,0.3519515478,0.2626738448,0.0000000000
100000008687733100,peripheral,0.7034602599,22,0.0814771846,in_deg=1; out_deg=0; in=14650; out=0 KZT; tx=1/0; role_score=0.703; depth=3; truncated=0; is_seed=0,3,False,1,0,14650.0000000000,0.0000000000,1,0,0.0002863071,0.0000000000,False,True,1,1,0,0.0000000000,0.0000000000,0.0000000000,0.0745106762,0.0000000000,0.0000000000,0.0000000000,0.2965397401,0.0000000000,0.7034602599,0.1235980260,0.2626738448,0.0000000000
100000008687990100,peripheral,0.6857812028,22,0.0963231611,in_deg=1; out_deg=0; in=17600; out=0 KZT; tx=1/0; role_score=0.686; depth=3; truncated=0; is_seed=0,3,False,1,0,17600.0000000000,0.0000000000,1,0,0.0002867641,0.0000000000,False,True,1,1,0,0.0000000000,0.0000000000,0.0000000000,0.0949733096,0.0000000000,0.0000000000,0.0000000000,0.3142187972,0.0000000000,0.6857812028,0.1707043517,0.2626738448,0.0000000000
100000008688109100,peripheral,0.7101087942,22,0.0758565263,in_deg=1; out_deg=0; in=12800; out=0 KZT; tx=1/0; role_score=0.710; depth=3; truncated=0; is_seed=0,3,False,1,0,12800.0000000000,0.0000000000,1,0,0.0002860204,0.0000000000,False,True,1,1,0,0.0000000000,0.0000000000,0.0000000000,0.0669483986,0.0000000000,0.0000000000,0.0000000000,0.2898912058,0.0000000000,0.7101087942,0.1056527591,0.2626738448,0.0000000000
100000008688155100,peripheral,0.6601692354,22,0.1189661934,in_deg=1; out_deg=0; in=23600; out=0 KZT; tx=1/0; role_score=0.660; depth=3; truncated=0; is_seed=0,3,False,1,0,23600.0000000000,0.0000000000,1,0,0.0002876937,0.0000000000,False,True,1,1,0,0.0000000000,0.0000000000,0.0000000000,0.1401245552,0.0000000000,0.0000000000,0.0000000000,0.3398307646,0.0000000000,0.6601692354,0.2341857335,0.2626738448,0.0000000000
100000008688476100,peripheral,0.6574493805,22,0.1411348595,in_deg=1; out_deg=0; in=24000; out=0 KZT; tx=1/0; role_score=0.657; depth=2; truncated=0; is_seed=0,2,False,1,0,24000.0000000000,0.0000000000,1,0,0.0002921270,0.0000000000,False,True,1,1,0,0.0000000000,0.0000000000,0.0000000000,0.2755782918,0.0000000000,0.0000000000,0.0000000000,0.3425506195,0.0000000000,0.6574493805,0.2415881561,0.2626738448,0.0000000000
100000008688881100,peripheral,0.6067543064,22,0.1932554125,in_deg=1; out_deg=0; in=44211; out=0 KZT; tx=1/0; role_score=0.607; depth=2; truncated=0; is_seed=0,2,False,1,0,44211.0000000000,0.0000000000,1,0,0.0002989396,0.0000000000,False,True,1,1,0,0.0000000000,0.0000000000,0.0000000000,0.3890124555,0.0000000000,0.0000000000,0.0000000000,0.3932456936,0.0000000000,0.6067543064,0.3820098699,0.2626738448,0.0000000000
100000008690762100,peripheral,0.6434723481,22,0.1325102848,in_deg=1; out_deg=0; in=26750; out=0 KZT; tx=1/0; role_score=0.643; depth=3; truncated=0; is_seed=0,3,False,1,0,26750.0000000000,0.0000000000,1,0,0.0002881818,0.0000000000,False,True,1,1,0,0.0000000000,0.0000000000,0.0000000000,0.1612544484,0.0000000000,0.0000000000,0.0000000000,0.3565276519,0.0000000000,0.6434723481,0.2756841633,0.2626738448,0.0000000000
100000008690932100,peripheral,0.6630401934,22,0.1236348615,in_deg=1; out_deg=0; in=23000; out=0 KZT; tx=1/0; role_score=0.663; depth=1; truncated=0; is_seed=0,1,False,1,0,23000.0000000000,0.0000000000,1,0,0.0002888284,0.0000000000,False,True,1,1,0,0.0000000000,0.0000000000,0.0000000000,0.1817170819,0.0000000000,0.0000000000,0.0000000000,0.3369598066,0.0000000000,0.6630401934,0.2279048901,0.2626738448,0.0000000000
100000008691027100,peripheral,0.6864611665,22,0.1023909594,in_deg=1; out_deg=0; in=17534; out=0 KZT; tx=1/0; role_score=0.686; depth=1; truncated=0; is_seed=0,1,False,1,0,17534.0000000000,0.0000000000,1,0,0.0002876898,0.0000000000,False,True,1,1,0,0.0000000000,0.0000000000,0.0000000000,0.1387900356,0.0000000000,0.0000000000,0.0000000000,0.3135388335,0.0000000000,0.6864611665,0.1686855092,0.2626738448,0.0000000000
100000008691168100,peripheral,0.6574493805,22,0.1411348595,in_deg=1; out_deg=0; in=24000; out=0 KZT; tx=1/0; role_score=0.657; depth=2; truncated=0; is_seed=0,2,False,1,0,24000.0000000000,0.0000000000,1,0,0.0002921270,0.0000000000,False,True,1,1,0,0.0000000000,0.0000000000,0.0000000000,0.2755782918,0.0000000000,0.0000000000,0.0000000000,0.3425506195,0.0000000000,0.6574493805,0.2415881561,0.2626738448,0.0000000000
100000008691330100,peripheral,0.6667422182,22,0.1200011046,in_deg=1; out_deg=0; in=21440; out=0 KZT; tx=1/0; role_score=0.667; depth=1; truncated=0; is_seed=0,1,False,1,0,21440.0000000000,0.0000000000,1,0,0.0002885034,0.0000000000,False,True,1,1,0,0.0000000000,0.0000000000,0.0000000000,0.1728202847,0.0000000000,0.0000000000,0.0000000000,0.3332577818,0.0000000000,0.6667422182,0.2187079408,0.2626738448,0.0000000000
100000008691495100,peripheral,0.6425657298,22,0.1405578749,in_deg=1; out_deg=0; in=27000; out=0 KZT; tx=1/0; role_score=0.643; depth=1; truncated=0; is_seed=0,1,False,1,0,27000.0000000000,0.0000000000,1,0,0.0002896616,0.0000000000,False,True,1,1,0,0.0000000000,0.0000000000,0.0000000000,0.2092971530,0.0000000000,0.0000000000,0.0000000000,0.3574342702,0.0000000000,0.6425657298,0.2790489009,0.2626738448,0.0000000000
100000008692291100,consolidator,0.6309496827,42,0.6587873665,in_deg=3; out_deg=3; in=160000; out=156000 KZT; tx=3/3; role_score=0.631; depth=3; truncated=0; is_seed=0,3,False,3,3,160000.0000000000,156000.0000000000,3,3,0.0003062864,0.9750000000,False,True,5,17,1,0.3333333333,0.0000641996,0.6803005008,0.4588523132,0.6309496827,0.5643987152,0.4565922190,0.0210316561,0.6138660445,0.3690503173,0.7857783760,0.8476895469,0.2825631823
100000008693069100,peripheral,0.6745240254,22,0.1131949849,in_deg=1; out_deg=0; in=20000; out=0 KZT; tx=1/0; role_score=0.675; depth=1; truncated=0; is_seed=0,1,False,1,0,20000.0000000000,0.0000000000,1,0,0.0002882034,0.0000000000,False,True,1,1,0,0.0000000000,0.0000000000,0.0000000000,0.1625889680,0.0000000000,0.0000000000,0.0000000000,0.3254759746,0.0000000000,0.6745240254,0.1976222521,0.2626738448,0.0000000000
100000008695133100,peripheral,0.6191447567,22,0.1581049014,in_deg=1; out_deg=0; in=36610; out=0 KZT; tx=1/0; role_score=0.619; depth=3; truncated=0; is_seed=0,3,False,1,0,36610.0000000000,0.0000000000,1,0,0.0002897094,0.0000000000,False,True,1,1,0,0.0000000000,0.0000000000,0.0000000000,0.2137455516,0.0000000000,0.0000000000,0.0000000000,0.3808552433,0.0000000000,0.6191447567,0.3465679677,0.2626738448,0.0000000000
100000008695157100,peripheral,1.0000000000,8,0.4328262329,in_deg=1; out_deg=0; in=425546; out=0 KZT; tx=3/0; role_score=1.000; depth=4; truncated=1; is_seed=0,4,False,1,0,425546.0000000000,0.0000000000,3,0,0.0004945670,0.0000000000,True,True,3,21,0,0.0000000000,0.0000000000,0.0000000000,0.7737989324,0.0000000000,0.0000000000,0.0000000000,0.0000000000,0.0000000000,1.0000000000,0.8324360700,0.7243158367,0.0000000000
100000008695495100,peripheral,0.6681021457,22,0.1184699445,in_deg=1; out_deg=0; in=21000; out=0 KZT; tx=1/0; role_score=0.668; depth=1; truncated=0; is_seed=0,1,False,1,0,21000.0000000000,0.0000000000,1,0,0.0002884118,0.0000000000,False,True,1,1,0,0.0000000000,0.0000000000,0.0000000000,0.1685943060,0.0000000000,0.0000000000,0.0000000000,0.3318978543,0.0000000000,0.6681021457,0.2151188874,0.2626738448,0.0000000000
100000008695566100,peripheral,0.6256421880,22,0.1511071354,in_deg=1; out_deg=0; in=33700; out=0 KZT; tx=1/0; role_score=0.626; depth=3; truncated=0; is_seed=0,3,False,1,0,33700.0000000000,0.0000000000,1,0,0.0002892586,0.0000000000,False,True,1,1,0,0.0000000000,0.0000000000,0.0000000000,0.1955071174,0.0000000000,0.0000000000,0.0000000000,0.3743578120,0.0000000000,0.6256421880,0.3295199641,0.2626738448,0.0000000000
100000008695689100,peripheral,0.6450589302,22,0.1311899496,in_deg=1; out_deg=0; in=26200; out=0 KZT; tx=1/0; role_score=0.645; depth=3; truncated=0; is_seed=0,3,False,1,0,26200.0000000000,0.0000000000,1,0,0.0002880966,0.0000000000,False,True,1,1,0,0.0000000000,0.0000000000,0.0000000000,0.1588078292,0.0000000000,0.0000000000,0.0000000000,0.3549410698,0.0000000000,0.6450589302,0.2718707941,0.2626738448,0.0000000000
100000008696692100,peripheral,0.6804170444,22,0.1199378112,in_deg=1; out_deg=0; in=19000; out=0 KZT; tx=1/0; role_score=0.680; depth=2; truncated=0; is_seed=0,2,False,1,0,19000.0000000000,0.0000000000,1,0,0.0002904417,0.0000000000,False,True,1,1,0,0.0000000000,0.0000000000,0.0000000000,0.2310943060,0.0000000000,0.0000000000,0.0000000000,0.3195829556,0.0000000000,0.6804170444,0.1834903544,0.2626738448,0.0000000000
100000008696919100,peripheral,0.6282109399,22,0.1553576910,in_deg=1; out_deg=0; in=31945; out=0 KZT; tx=1/0; role_score=0.628; depth=1; truncated=0; is_seed=0,1,False,1,0,31945.0000000000,0.0000000000,1,0,0.0002906917,0.0000000000,False,True,1,1,0,0.0000000000,0.0000000000,0.0000000000,0.2395462633,0.0000000000,0.0000000000,0.0000000000,0.3717890601,0.0000000000,0.6282109399,0.3200986990,0.2626738448,0.0000000000
100000008697670100,peripheral,0.6490631611,22,0.1276108497,in_deg=1; out_deg=0; in=25350; out=0 KZT; tx=1/0; role_score=0.649; depth=3; truncated=0; is_seed=0,3,False,1,0,25350.0000000000,0.0000000000,1,0,0.0002879649,0.0000000000,False,True,1,1,0,0.0000000000,0.0000000000,0.0000000000,0.1510231317,0.0000000000,0.0000000000,0.0000000000,0.3509368389,0.0000000000,0.6490631611,0.2622252131,0.2626738448,0.0000000000
100000008699083100,peripheral,1.0000000000,24,0.2909618829,in_deg=1; out_deg=0; in=238500; out=0 KZT; tx=1/0; role_score=1.000; depth=4; truncated=1; is_seed=0,4,False,1,0,238500.0000000000,0.0000000000,1,0,0.0003047342,0.0000000000,True,True,1,1,0,0.0000000000,0.0000000000,0.0000000000,0.4459519573,0.0000000000,0.0000000000,0.0000000000,0.0000000000,0.0000000000,1.0000000000,0.7386720502,0.2626738448,0.0000000000
100000008701222100,peripheral,1.0000000000,87,0.0000000000,in_deg=0; out_deg=0; in=0; out=0 KZT; tx=0/0; observed_edges=0; depth=0; truncated=0; is_seed=1,0,True,0,0,0.0000000000,0.0000000000,0,0,0.0002840373,-1.0000000000,False,False,0,0,0,0.0000000000,0.0000000000,0.0000000000,0.0093416370,0.0000000000,0.0000000000,0.0000000000,0.0000000000,0.0000000000,1.0000000000,0.0000000000,0.0000000000,0.0000000000
100000008701256100,peripheral,0.5769870051,0,0.2192944299,in_deg=1; out_deg=0; in=58250; out=0 KZT; tx=1/0; role_score=0.577; depth=2; truncated=0; is_seed=0,2,False,1,0,58250.0000000000,0.0000000000,1,0,0.0003020891,0.0000000000,False,True,1,1,0,0.0000000000,0.0000000000,0.0000000000,0.4272686833,0.0000000000,0.0000000000,0.0000000000,0.4230129949,0.0000000000,0.5769870051,0.4632122028,0.2626738448,0.0000000000
100000008701944100,peripheral,0.5854487761,70,0.2564763365,in_deg=1; out_deg=0; in=52124; out=0 KZT; tx=1/0; role_score=0.585; depth=1; truncated=0; is_seed=0,1,False,1,0,52124.0000000000,0.0000000000,1,0,0.0004090842,0.0000000000,False,True,1,1,0,0.0000000000,0.0000000000,0.0000000000,0.7155249110,0.0000000000,0.0000000000,0.0000000000,0.4145512239,0.0000000000,0.5854487761,0.4389860924,0.2626738448,0.0000000000
100000008703533100,peripheral,1.0000000000,42,0.2128036995,in_deg=1; out_deg=0; in=75000; out=0 KZT; tx=1/0; role_score=1.000; depth=4; truncated=1; is_seed=0,4,False,1,0,75000.0000000000,0.0000000000,1,0,0.0002939296,0.0000000000,True,True,1,1,0,0.0000000000,0.0000000000,0.0000000000,0.3107206406,0.0000000000,0.0000000000,0.0000000000,0.0000000000,0.0000000000,1.0000000000,0.5071781068,0.2626738448,0.0000000000
100000008706846100,peripheral,0.7044424297,22,0.0803690963,in_deg=1; out_deg=0; in=14200; out=0 KZT; tx=1/0; role_score=0.704; depth=3; truncated=0; is_seed=0,3,False,1,0,14200.0000000000,0.0000000000,1,0,0.0002862374,0.0000000000,False,True,1,1,0,0.0000000000,0.0000000000,0.0000000000,0.0727313167,0.0000000000,0.0000000000,0.0000000000,0.2955575703,0.0000000000,0.7044424297,0.1202332885,0.2626738448,0.0000000000
100000008706947100,peripheral,0.6886521608,22,0.0940296115,in_deg=1; out_deg=0; in=17200; out=0 KZT; tx=1/0; role_score=0.689; depth=3; truncated=0; is_seed=0,3,False,1,0,17200.0000000000,0.0000000000,1,0,0.0002867022,0.0000000000,False,True,1,1,0,0.0000000000,0.0000000000,0.0000000000,0.0905249110,0.0000000000,0.0000000000,0.0000000000,0.3113478392,0.0000000000,0.6886521608,0.1641991925,0.2626738448,0.0000000000
100000008707810100,peripheral,0.6450589302,22,0.1311899496,in_deg=1; out_deg=0; in=26200; out=0 KZT; tx=1/0; role_score=0.645; depth=3; truncated=0; is_seed=0,3,False,1,0,26200.0000000000,0.0000000000,1,0,0.0002880966,0.0000000000,False,True,1,1,0,0.0000000000,0.0000000000,0.0000000000,0.1588078292,0.0000000000,0.0000000000,0.0000000000,0.3549410698,0.0000000000,0.6450589302,0.2718707941,0.2626738448,0.0000000000
100000008708025100,peripheral,0.7238591720,15,0.1269947745,in_deg=1; out_deg=0; in=10000; out=0 KZT; tx=1/0; role_score=0.724; depth=3; truncated=0; is_seed=0,3,False,1,0,10000.0000000000,0.0000000000,1,0,0.0003075295,0.0000000000,False,True,1,1,0,0.0000000000,0.0000000000,0.0000000000,0.4661921708,0.0000000000,0.0000000000,0.0000000000,0.2761408280,0.0000000000,0.7238591720,0.0706594886,0.2626738448,0.0000000000
100000008708061100,peripheral,0.7329253551,22,0.0589675694,in_deg=1; out_deg=0; in=8650; out=0 KZT; tx=1/0; role_score=0.733; depth=3; truncated=0; is_seed=0,3,False,1,0,8650.0000000000,0.0000000000,1,0,0.0002853775,0.0000000000,False,True,1,1,0,0.0000000000,0.0000000000,0.0000000000,0.0478202847,0.0000000000,0.0000000000,0.0000000000,0.2670746449,0.0000000000,0.7329253551,0.0495737999,0.2626738448,0.0000000000
100000008708207100,consolidator,0.8360531883,4,0.4001838482,in_deg=2; out_deg=0; in=465000; out=0 KZT; tx=2/0; role_score=0.836; depth=3; truncated=0; is_seed=0,3,False,2,0,465000.0000000000,0.0000000000,2,0,0.0003577504,0.0000000000,False,True,1,1,0,0.0000000000,0.0000000000,0.0000000000,0.6456850534,0.8360531883,0.0000000000,0.0000000000,0.8360531883,0.0000000000,0.1639468117,0.8499327052,0.6056527591,0.0000000000
100000008708368100,peripheral,0.6593381686,22,0.1267894676,in_deg=1; out_deg=0; in=23677; out=0 KZT; tx=1/0; role_score=0.659; depth=1; truncated=0; is_seed=0,1,False,1,0,23677.0000000000,0.0000000000,1,0,0.0002889694,0.0000000000,False,True,1,1,0,0.0000000000,0.0000000000,0.0000000000,0.1881672598,0.0000000000,0.0000000000,0.0000000000,0.3406618314,0.0000000000,0.6593381686,0.2366532077,0.2626738448,0.0000000000
100000008708595100,peripheral,0.6886521608,22,0.0940296115,in_deg=1; out_deg=0; in=17200; out=0 KZT; tx=1/0; role_score=0.689; depth=3; truncated=0; is_seed=0,3,False,1,0,17200.0000000000,0.0000000000,1,0,0.0002867022,0.0000000000,False,True,1,1,0,0.0000000000,0.0000000000,0.0000000000,0.0905249110,0.0000000000,0.0000000000,0.0000000000,0.3113478392,0.0000000000,0.6886521608,0.1641991925,0.2626738448,0.0000000000
100000008708743100,peripheral,0.6961317619,22,0.0866442520,in_deg=1; out_deg=0; in=15550; out=0 KZT; tx=1/0; role_score=0.696; depth=3; truncated=0; is_seed=0,3,False,1,0,15550.0000000000,0.0000000000,1,0,0.0002864465,0.0000000000,False,True,1,1,0,0.0000000000,0.0000000000,0.0000000000,0.0771797153,0.0000000000,0.0000000000,0.0000000000,0.3038682381,0.0000000000,0.6961317619,0.1426648721,0.2626738448,0.0000000000
100000008710791100,distributor,0.9117573709,4,0.8178823387,in_deg=3; out_deg=23; in=181510; out=5.52151e+06 KZT; tx=3/25; role_score=0.912; depth=2; truncated=0; is_seed=0,2,False,3,23,181510.0000000000,5521511.0000000000,3,25,0.0003324115,30.4198721834,False,True,10,16,7,0.2800000000,0.0003146085,0.8756260434,0.5887455516,0.4734654323,0.5825804753,0.9117573709,0.0000000000,0.7895618959,0.0882426291,0.9957379991,0.9784656797,0.2739703903
100000008710843100,distributor,0.8573487032,35,0.7541607531,in_deg=2; out_deg=13; in=33944; out=1.9855e+06 KZT; tx=3/14; role_score=0.857; depth=2; truncated=0; is_seed=0,2,False,2,13,33944.0000000000,1985500.0000000000,3,14,0.0002912942,58.4934008956,False,True,12,18,0,0.0000000000,0.0012357501,0.9457429048,0.2533362989,0.3955877909,0.4567461192,0.8573487032,0.0000000000,0.7380209231,0.1426512968,0.9706146254,0.9499775684,0.0000000000
100000008710913100,peripheral,1.0000000000,4,0.0812734344,in_deg=1; out_deg=0; in=14000; out=0 KZT; tx=1/0; role_score=1.000; depth=4; truncated=1; is_seed=0,4,False,1,0,14000.0000000000,0.0000000000,1,0,0.0002865628,0.0000000000,True,True,1,1,0,0.0000000000,0.0000000000,0.0000000000,0.0847419929,0.0000000000,0.0000000000,0.0000000000,0.0000000000,0.0000000000,1.0000000000,0.1166442351,0.2626738448,0.0000000000
100000008712036100,peripheral,0.6681021457,22,0.1117639836,in_deg=1; out_deg=0; in=21000; out=0 KZT; tx=1/0; role_score=0.668; depth=3; truncated=0; is_seed=0,3,False,1,0,21000.0000000000,0.0000000000,1,0,0.0002872909,0.0000000000,False,True,1,1,0,0.0000000000,0.0000000000,0.0000000000,0.1238879004,0.0000000000,0.0000000000,0.0000000000,0.3318978543,0.0000000000,0.6681021457,0.2151188874,0.2626738448,0.0000000000
100000008712184100,peripheral,0.6834391055,22,0.0984591208,in_deg=1; out_deg=0; in=18000; out=0 KZT; tx=1/0; role_score=0.683; depth=3; truncated=0; is_seed=0,3,False,1,0,18000.0000000000,0.0000000000,1,0,0.0002868261,0.0000000000,False,True,1,1,0,0.0000000000,0.0000000000,0.0000000000,0.0998665480,0.0000000000,0.0000000000,0.0000000000,0.3165608945,0.0000000000,0.6834391055,0.1763122476,0.2626738448,0.0000000000
100000008712827100,peripheral,0.5593834995,22,0.2184598014,in_deg=1; out_deg=0; in=76000; out=0 KZT; tx=1/0; role_score=0.559; depth=3; truncated=0; is_seed=0,3,False,1,0,76000.0000000000,0.0000000000,1,0,0.0002958123,0.0000000000,False,True,1,1,0,0.0000000000,0.0000000000,0.0000000000,0.3431939502,0.0000000000,0.0000000000,0.0000000000,0.4406165005,0.0000000000,0.5593834995,0.5103185285,0.2626738448,0.0000000000
100000008712991100,peripheral,0.5691296464,22,0.2087120509,in_deg=1; out_deg=0; in=66100; out=0 KZT; tx=1/0; role_score=0.569; depth=3; truncated=0; is_seed=0,3,False,1,0,66100.0000000000,0.0000000000,1,0,0.0002942784,0.0000000000,False,True,1,1,0,0.0000000000,0.0000000000,0.0000000000,0.3178380783,0.0000000000,0.0000000000,0.0000000000,0.4308703536,0.0000000000,0.5691296464,0.4865410498,0.2626738448,0.0000000000
100000008713270100,distributor,0.5452989914,1,0.3647543775,in_deg=1; out_deg=3; in=30000; out=190000 KZT; tx=1/3; role_score=0.545; depth=2; truncated=0; is_seed=0,2,False,1,3,30000.0000000000,190000.0000000000,1,3,0.0002896849,6.3333333333,False,True,3,10,0,0.0000000000,0.0000011889,0.0976627713,0.2119661922,0.0000000000,0.2519631468,0.5452989914,0.0000000000,0.1319537976,0.4547010086,0.7236428892,0.7857783760,0.0000000000
100000008713685100,peripheral,0.5945149592,22,0.1829385504,in_deg=1; out_deg=0; in=49700; out=0 KZT; tx=1/0; role_score=0.595; depth=3; truncated=0; is_seed=0,3,False,1,0,49700.0000000000,0.0000000000,1,0,0.0002917375,0.0000000000,False,True,1,1,0,0.0000000000,0.0000000000,0.0000000000,0.2649021352,0.0000000000,0.0000000000,0.0000000000,0.4054850408,0.0000000000,0.5945149592,0.4152086137,0.2626738448,0.0000000000
100000008714412100,peripheral,0.5053641584,18,0.2813559763,in_deg=1; out_deg=0; in=169000; out=0 KZT; tx=1/0; role_score=0.505; depth=3; truncated=0; is_seed=0,3,False,1,0,169000.0000000000,0.0000000000,1,0,0.0003099586,0.0000000000,False,True,1,1,0,0.0000000000,0.0000000000,0.0000000000,0.4850978648,0.0000000000,0.0000000000,0.0000000000,0.4946358416,0.0000000000,0.5053641584,0.6767608793,0.2626738448,0.0000000000
100000008715513100,peripheral,1.0000000000,18,0.1831029356,in_deg=1; out_deg=0; in=32500; out=0 KZT; tx=1/0; role_score=1.000; depth=4; truncated=1; is_seed=0,4,False,1,0,32500.0000000000,0.0000000000,1,0,0.0003013150,0.0000000000,True,True,1,1,0,0.0000000000,0.0000000000,0.0000000000,0.4170373665,0.0000000000,0.0000000000,0.0000000000,0.0000000000,0.0000000000,1.0000000000,0.3245850157,0.2626738448,0.0000000000
100000008715887100,peripheral,0.6834391055,22,0.0984591208,in_deg=1; out_deg=0; in=18000; out=0 KZT; tx=1/0; role_score=0.683; depth=3; truncated=0; is_seed=0,3,False,1,0,18000.0000000000,0.0000000000,1,0,0.0002868261,0.0000000000,False,True,1,1,0,0.0000000000,0.0000000000,0.0000000000,0.0998665480,0.0000000000,0.0000000000,0.0000000000,0.3165608945,0.0000000000,0.6834391055,0.1763122476,0.2626738448,0.0000000000
100000008716072100,peripheral,0.7128286491,22,0.0735068977,in_deg=1; out_deg=0; in=12100; out=0 KZT; tx=1/0; role_score=0.713; depth=3; truncated=0; is_seed=0,3,False,1,0,12100.0000000000,0.0000000000,1,0,0.0002859120,0.0000000000,False,True,1,1,0,0.0000000000,0.0000000000,0.0000000000,0.0625000000,0.0000000000,0.0000000000,0.0000000000,0.2871713509,0.0000000000,0.7128286491,0.0989232840,0.2626738448,0.0000000000
100000008716222100,peripheral,0.6834391055,22,0.1052651707,in_deg=1; out_deg=0; in=18000; out=0 KZT; tx=1/0; role_score=0.683; depth=1; truncated=0; is_seed=0,1,False,1,0,18000.0000000000,0.0000000000,1,0,0.0002877868,0.0000000000,False,True,1,1,0,0.0000000000,0.0000000000,0.0000000000,0.1452402135,0.0000000000,0.0000000000,0.0000000000,0.3165608945,0.0000000000,0.6834391055,0.1763122476,0.2626738448,0.0000000000
100000008716439100,peripheral,0.7120731339,22,0.0772009644,in_deg=1; out_deg=0; in=12267; out=0 KZT; tx=1/0; role_score=0.712; depth=1; truncated=0; is_seed=0,1,False,1,0,12267.0000000000,0.0000000000,1,0,0.0002865926,0.0000000000,False,True,1,1,0,0.0000000000,0.0000000000,0.0000000000,0.0856316726,0.0000000000,0.0000000000,0.0000000000,0.2879268661,0.0000000000,0.7120731339,0.0998205473,0.2626738448,0.0000000000
100000008716773100,peripheral,0.6953762466,22,0.0944448103,in_deg=1; out_deg=0; in=15677; out=0 KZT; tx=1/0; role_score=0.695; depth=1; truncated=0; is_seed=0,1,False,1,0,15677.0000000000,0.0000000000,1,0,0.0002873029,0.0000000000,False,True,1,1,0,0.0000000000,0.0000000000,0.0000000000,0.1254448399,0.0000000000,0.0000000000,0.0000000000,0.3046237534,0.0000000000,0.6953762466,0.1449080305,0.2626738448,0.0000000000
100000008717340100,peripheral,0.6094741614,22,0.1755424741,in_deg=1; out_deg=0; in=41500; out=0 KZT; tx=1/0; role_score=0.609; depth=1; truncated=0; is_seed=0,1,False,1,0,41500.0000000000,0.0000000000,1,0,0.0002926821,0.0000000000,False,True,1,1,0,0.0000000000,0.0000000000,0.0000000000,0.2862544484,0.0000000000,0.0000000000,0.0000000000,0.3905258386,0.0000000000,0.6094741614,0.3728129206,0.2626738448,0.0000000000
100000008717341100,peripheral,0.7037624660,22,0.0865242211,in_deg=1; out_deg=0; in=14627; out=0 KZT; tx=1/0; role_score=0.704; depth=1; truncated=0; is_seed=0,1,False,1,0,14627.0000000000,0.0000000000,1,0,0.0002870842,0.0000000000,False,True,1,1,0,0.0000000000,0.0000000000,0.0000000000,0.1096530249,0.0000000000,0.0000000000,0.0000000000,0.2962375340,0.0000000000,0.7037624660,0.1227007627,0.2626738448,0.0000000000
100000008717375100,peripheral,0.6377304322,2,0.1738534796,in_deg=1; out_deg=0; in=29506; out=0 KZT; tx=1/0; role_score=0.638; depth=2; truncated=0; is_seed=0,2,False,1,0,29506.0000000000,0.0000000000,1,0,0.0003001341,0.0000000000,False,True,1,1,0,0.0000000000,0.0000000000,0.0000000000,0.4054715302,0.0000000000,0.0000000000,0.0000000000,0.3622695678,0.0000000000,0.6377304322,0.2945266936,0.2626738448,0.0000000000
100000008717802100,peripheral,0.6462677546,22,0.1299817723,in_deg=1; out_deg=0; in=26150; out=0 KZT; tx=1/0; role_score=0.646; depth=3; truncated=0; is_seed=0,3,False,1,0,26150.0000000000,0.0000000000,1,0,0.0002880888,0.0000000000,False,True,1,1,0,0.0000000000,0.0000000000,0.0000000000,0.1563612100,0.0000000000,0.0000000000,0.0000000000,0.3537322454,0.0000000000,0.6462677546,0.2685060565,0.2626738448,0.0000000000
100000008718089100,peripheral,0.6965850710,22,0.0929470132,in_deg=1; out_deg=0; in=15534; out=0 KZT; tx=1/0; role_score=0.697; depth=1; truncated=0; is_seed=0,1,False,1,0,15534.0000000000,0.0000000000,1,0,0.0002872731,0.0000000000,False,True,1,1,0,0.0000000000,0.0000000000,0.0000000000,0.1214412811,0.0000000000,0.0000000000,0.0000000000,0.3034149290,0.0000000000,0.6965850710,0.1413189771,0.2626738448,0.0000000000
100000008718811100,peripheral,0.5621789060,22,0.2157552489,in_deg=1; out_deg=0; in=73300; out=0 KZT; tx=1/0; role_score=0.562; depth=3; truncated=0; is_seed=0,3,False,1,0,73300.0000000000,0.0000000000,1,0,0.0002953940,0.0000000000,False,True,1,1,0,0.0000000000,0.0000000000,0.0000000000,0.3356316726,0.0000000000,0.0000000000,0.0000000000,0.4378210940,0.0000000000,0.5621789060,0.5040376851,0.2626738448,0.0000000000
100000008720668100,peripheral,0.6937141130,22,0.0891848335,in_deg=1; out_deg=0; in=16000; out=0 KZT; tx=1/0; role_score=0.694; depth=3; truncated=0; is_seed=0,3,False,1,0,16000.0000000000,0.0000000000,1,0,0.0002865162,0.0000000000,False,True,1,1,0,0.0000000000,0.0000000000,0.0000000000,0.0814056940,0.0000000000,0.0000000000,0.0000000000,0.3062858870,0.0000000000,0.6937141130,0.1502916106,0.2626738448,0.0000000000
100000008720798100,peripheral,0.6965850710,22,0.0929470132,in_deg=1; out_deg=0; in=15534; out=0 KZT; tx=1/0; role_score=0.697; depth=1; truncated=0; is_seed=0,1,False,1,0,15534.0000000000,0.0000000000,1,0,0.0002872731,0.0000000000,False,True,1,1,0,0.0000000000,0.0000000000,0.0000000000,0.1214412811,0.0000000000,0.0000000000,0.0000000000,0.3034149290,0.0000000000,0.6965850710,0.1413189771,0.2626738448,0.0000000000
100000008720856100,peripheral,0.5713775257,10,0.4431358222,in_deg=1; out_deg=1; in=18105; out=46000 KZT; tx=1/2; role_score=0.571; depth=3; truncated=0; is_seed=0,3,False,1,1,18105.0000000000,46000.0000000000,1,2,0.0003175588,2.5407346037,False,True,3,12,0,0.0000000000,0.0000196165,0.3823038397,0.5366992883,0.0000000000,0.2379874490,0.0000000000,0.0000000000,0.4286224743,0.5713775257,0.4807088380,0.7243158367,0.0000000000
100000008721637100,coordinator,0.5423106200,1,0.5429363777,in_deg=1; out_deg=2; in=24041; out=127000 KZT; tx=1/2; bet_pct=0.695; pr_pct=0.185; depth=3; truncated=0; is_seed=0,3,False,1,2,24041.0000000000,127000.0000000000,1,2,0.0002888901,5.2826421530,False,True,2,5,0,0.0000000000,0.0000733145,0.6953255426,0.1852758007,0.0000000000,0.2395539347,0.4230707653,0.0000000000,0.5423106200,0.4576893800,0.6525347690,0.7243158367,0.0000000000
100000008722328100,peripheral,0.6593381686,22,0.1267894676,in_deg=1; out_deg=0; in=23677; out=0 KZT; tx=1/0; role_score=0.659; depth=1; truncated=0; is_seed=0,1,False,1,0,23677.0000000000,0.0000000000,1,0,0.0002889694,0.0000000000,False,True,1,1,0,0.0000000000,0.0000000000,0.0000000000,0.1881672598,0.0000000000,0.0000000000,0.0000000000,0.3406618314,0.0000000000,0.6593381686,0.2366532077,0.2626738448,0.0000000000
100000008722417100,distributor,0.6629743036,10,0.6379820350,in_deg=1; out_deg=3; in=331900; out=720000 KZT; tx=1/6; role_score=0.663; depth=3; truncated=0; is_seed=0,3,False,1,3,331900.0000000000,720000.0000000000,1,6,0.0002947048,2.1693281109,False,True,6,16,0,0.0000000000,0.0000576607,0.6460767947,0.3245106762,0.0000000000,0.4081180666,0.6629743036,0.0000000000,0.5496069591,0.3370256964,0.9315836698,0.8685509197,0.0000000000
100000008722541100,peripheral,1.0000000000,10,0.4109958017,in_deg=1; out_deg=0; in=280000; out=0 KZT; tx=4/0; role_score=1.000; depth=4; truncated=1; is_seed=0,4,False,1,0,280000.0000000000,0.0000000000,4,0,0.0003814536,0.0000000000,True,True,4,13,0,0.0000000000,0.0000000000,0.0000000000,0.6808274021,0.0000000000,0.0000000000,0.0000000000,0.0000000000,0.0000000000,1.0000000000,0.7640197398,0.7857783760,0.0000000000
100000008723830100,consolidator,0.6964591518,16,0.6357125346,in_deg=2; out_deg=1; in=459785; out=455000 KZT; tx=2/1; role_score=0.696; depth=1; truncated=0; is_seed=0,1,False,2,1,459785.0000000000,455000.0000000000,2,1,0.0003383355,0.9895929619,False,True,3,3,1,1.0000000000,0.0000196165,0.3823038397,0.6056494662,0.6964591518,0.3904320682,0.0000000000,0.0086976923,0.4493075277,0.3035408482,0.9199192463,0.7243158367,0.7243158367
100000008724279100,peripheral,0.7147929888,16,0.0694039435,in_deg=1; out_deg=0; in=11750; out=0 KZT; tx=1/0; role_score=0.715; depth=1; truncated=0; is_seed=0,1,False,1,0,11750.0000000000,0.0000000000,1,0,0.0002852923,0.0000000000,False,True,1,1,0,0.0000000000,0.0000000000,0.0000000000,0.0433718861,0.0000000000,0.0000000000,0.0000000000,0.2852070112,0.0000000000,0.7147929888,0.0939883356,0.2626738448,0.0000000000
100000008724461100,peripheral,0.6085091775,4,0.4691303372,in_deg=1; out_deg=1; in=100111; out=130000 KZT; tx=1/1; role_score=0.609; depth=3; truncated=0; is_seed=0,3,False,1,1,100111.0000000000,130000.0000000000,1,1,0.0002891602,1.2985586000,False,True,1,1,0,0.0000000000,0.0000223906,0.4766277129,0.1928380783,0.0000000000,0.2691049795,0.0000000000,0.0000000000,0.3914908225,0.6085091775,0.7301480485,0.6056527591,0.0000000000
100000008727982100,peripheral,1.0000000000,46,0.2841909872,in_deg=1; out_deg=0; in=30000; out=0 KZT; tx=2/0; role_score=1.000; depth=4; truncated=1; is_seed=0,4,False,1,0,30000.0000000000,0.0000000000,2,0,0.0005126998,0.0000000000,True,True,1,1,0,0.0000000000,0.0000000000,0.0000000000,0.7853647687,0.0000000000,0.0000000000,0.0000000000,0.0000000000,0.0000000000,1.0000000000,0.3021534320,0.6056527591,0.0000000000
100000008728457100,peripheral,0.6044122091,11,0.1733320551,in_deg=1; out_deg=0; in=45000; out=0 KZT; tx=1/0; role_score=0.604; depth=1; truncated=0; is_seed=0,1,False,1,0,45000.0000000000,0.0000000000,1,0,0.0002908243,0.0000000000,False,True,1,1,0,0.0000000000,0.0000000000,0.0000000000,0.2431049822,0.0000000000,0.0000000000,0.0000000000,0.3955877909,0.0000000000,0.6044122091,0.3898609242,0.2626738448,0.0000000000
100000008729597100,peripheral,0.5543215473,8,0.2327732871,in_deg=1; out_deg=0; in=83090; out=0 KZT; tx=1/0; role_score=0.554; depth=3; truncated=0; is_seed=0,3,False,1,0,83090.0000000000,0.0000000000,1,0,0.0003008095,0.0000000000,False,True,1,1,0,0.0000000000,0.0000000000,0.0000000000,0.4116992883,0.0000000000,0.0000000000,0.0000000000,0.4456784527,0.0000000000,0.5543215473,0.5264692687,0.2626738448,0.0000000000
100000008729801100,peripheral,0.6864611665,22,0.1023909594,in_deg=1; out_deg=0; in=17534; out=0 KZT; tx=1/0; role_score=0.686; depth=1; truncated=0; is_seed=0,1,False,1,0,17534.0000000000,0.0000000000,1,0,0.0002876898,0.0000000000,False,True,1,1,0,0.0000000000,0.0000000000,0.0000000000,0.1387900356,0.0000000000,0.0000000000,0.0000000000,0.3135388335,0.0000000000,0.6864611665,0.1686855092,0.2626738448,0.0000000000
100000008730021100,terminal,0.6119673617,70,0.3488242527,in_deg=1; out_deg=0; in=75555; out=0 KZT; tx=3/0; out/in=0; prev_day=0.000; depth=1; truncated=0; is_seed=0,1,False,1,0,75555.0000000000,0.0000000000,3,0,0.0004652958,0.0000000000,False,True,2,4,0,0.0000000000,0.0000000000,0.0000000000,0.7528914591,0.0000000000,0.0000000000,0.0000000000,0.6119673617,0.0000000000,0.3880326383,0.5089726335,0.7243158367,0.0000000000
100000008730238100,peripheral,1.0000000000,42,0.3195882956,in_deg=1; out_deg=0; in=113000; out=0 KZT; tx=1/0; role_score=1.000; depth=4; truncated=1; is_seed=0,4,False,1,0,113000.0000000000,0.0000000000,1,0,0.0005598434,0.0000000000,True,True,1,1,0,0.0000000000,0.0000000000,0.0000000000,0.8641014235,0.0000000000,0.0000000000,0.0000000000,0.0000000000,0.0000000000,1.0000000000,0.6022880215,0.2626738448,0.0000000000
100000008730371100,consolidator,0.8779842853,0,0.4661538485,in_deg=2; out_deg=0; in=520000; out=0 KZT; tx=3/0; role_score=0.878; depth=3; truncated=0; is_seed=0,3,False,2,0,520000.0000000000,0.0000000000,3,0,0.0008524873,0.0000000000,False,True,3,14,0,0.0000000000,0.0000000000,0.0000000000,0.9361654804,0.8779842853,0.0000000000,0.0000000000,0.8779842853,0.0000000000,0.1220157147,0.8683266039,0.7243158367,0.0000000000
100000008730846100,coordinator,0.8101420146,11,0.8099274451,in_deg=7; out_deg=3; in=155042; out=363370 KZT; tx=11/4; bet_pct=0.806; pr_pct=0.821; depth=2; truncated=0; is_seed=0,2,False,7,3,155042.0000000000,363370.0000000000,11,4,0.0005328453,2.3436875169,False,True,4,4,2,0.5000000000,0.0001409126,0.8055091820,0.8209519573,0.7667724388,0.5563772416,0.4483189241,0.0000000000,0.8101420146,0.1898579854,0.8678779722,0.9394347241,0.4697173620
100000008731444100,distributor,0.7497598463,0,0.7849212505,in_deg=3; out_deg=9; in=439000; out=879768 KZT; tx=5/9; role_score=0.750; depth=2; truncated=0; is_seed=0,2,False,3,9,439000.0000000000,879767.8000000000,5,9,0.0003513721,2.0040268793,False,True,8,12,4,0.4444444444,0.0001241169,0.7787979967,0.6318950178,0.5752304322,0.7019408233,0.7497598463,0.0000000000,0.7347271030,0.2502401537,0.9423508300,0.9358456707,0.4159314092
100000008732098100,peripheral,0.6953762466,22,0.0944448103,in_deg=1; out_deg=0; in=15677; out=0 KZT; tx=1/0; role_score=0.695; depth=1; truncated=0; is_seed=0,1,False,1,0,15677.0000000000,0.0000000000,1,0,0.0002873029,0.0000000000,False,True,1,1,0,0.0000000000,0.0000000000,0.0000000000,0.1254448399,0.0000000000,0.0000000000,0.0000000000,0.3046237534,0.0000000000,0.6953762466,0.1449080305,0.2626738448,0.0000000000
100000008732488100,peripheral,0.5553362539,8,0.4265212132,in_deg=1; out_deg=1; in=137000; out=10000 KZT; tx=1/1; role_score=0.555; depth=3; truncated=0; is_seed=0,3,False,1,1,137000.0000000000,10000.0000000000,1,1,0.0003116915,0.0729927007,False,True,1,1,0,0.0000000000,0.0000192202,0.2863105175,0.4997775801,0.0000000000,0.1105722845,0.0000000000,0.4446637461,0.3503506363,0.5553362539,0.6419919246,0.6056527591,0.0000000000
100000008733049100,peripheral,0.7238591720,3,0.0745481553,in_deg=1; out_deg=0; in=10000; out=0 KZT; tx=1/0; role_score=0.724; depth=2; truncated=0; is_seed=0,2,False,1,0,10000.0000000000,0.0000000000,1,0,0.0002871941,0.0000000000,False,True,1,1,0,0.0000000000,0.0000000000,0.0000000000,0.1165480427,0.0000000000,0.0000000000,0.0000000000,0.2761408280,0.0000000000,0.7238591720,0.0706594886,0.2626738448,0.0000000000
100000008733194100,coordinator,0.8128617016,12,0.7518435919,in_deg=4; out_deg=8; in=251424; out=159695 KZT; tx=4/8; bet_pct=0.837; pr_pct=0.756; depth=2; truncated=0; is_seed=0,2,False,4,8,251424.0000000000,159695.0000000000,4,8,0.0004679063,0.6351621166,False,True,6,10,0,0.0000000000,0.0002004536,0.8372287145,0.7560053381,0.5987710285,0.6135853222,0.6322046110,0.3276815320,0.8128617016,0.1871382984,0.8279497533,0.9228353522,0.0000000000
100000008734279100,peripheral,1.0000000000,8,0.1792214534,in_deg=1; out_deg=0; in=31650; out=0 KZT; tx=1/0; role_score=1.000; depth=4; truncated=1; is_seed=0,4,False,1,0,31650.0000000000,0.0000000000,1,0,0.0002996954,0.0000000000,True,True,1,1,0,0.0000000000,0.0000000000,0.0000000000,0.4001334520,0.0000000000,0.0000000000,0.0000000000,0.0000000000,0.0000000000,1.0000000000,0.3192014356,0.2626738448,0.0000000000
100000008734364100,peripheral,0.6450589302,22,0.1510409283,in_deg=1; out_deg=0; in=26200; out=0 KZT; tx=1/0; role_score=0.645; depth=2; truncated=0; is_seed=0,2,False,1,0,26200.0000000000,0.0000000000,1,0,0.0002928686,0.0000000000,False,True,1,1,0,0.0000000000,0.0000000000,0.0000000000,0.2911476868,0.0000000000,0.0000000000,0.0000000000,0.3549410698,0.0000000000,0.6450589302,0.2718707941,0.2626738448,0.0000000000
100000008735384100,peripheral,0.6152160774,22,0.1709205900,in_deg=1; out_deg=0; in=39220; out=0 KZT; tx=1/0; role_score=0.615; depth=1; truncated=0; is_seed=0,1,False,1,0,39220.0000000000,0.0000000000,1,0,0.0002922071,0.0000000000,False,True,1,1,0,0.0000000000,0.0000000000,0.0000000000,0.2782473310,0.0000000000,0.0000000000,0.0000000000,0.3847839226,0.0000000000,0.6152160774,0.3591296546,0.2626738448,0.0000000000
100000008735802100,peripheral,1.0000000000,0,0.3413411343,in_deg=1; out_deg=0; in=85000; out=0 KZT; tx=2/0; role_score=1.000; depth=4; truncated=1; is_seed=0,4,False,1,0,85000.0000000000,0.0000000000,2,0,0.0005057138,0.0000000000,True,True,2,6,0,0.0000000000,0.0000000000,0.0000000000,0.7809163701,0.0000000000,0.0000000000,0.0000000000,0.0000000000,0.0000000000,1.0000000000,0.5334230597,0.6056527591,0.0000000000
100000008735832100,peripheral,0.6857812028,22,0.0963231611,in_deg=1; out_deg=0; in=17600; out=0 KZT; tx=1/0; role_score=0.686; depth=3; truncated=0; is_seed=0,3,False,1,0,17600.0000000000,0.0000000000,1,0,0.0002867641,0.0000000000,False,True,1,1,0,0.0000000000,0.0000000000,0.0000000000,0.0949733096,0.0000000000,0.0000000000,0.0000000000,0.3142187972,0.0000000000,0.6857812028,0.1707043517,0.2626738448,0.0000000000
100000008736173100,peripheral,0.6300241765,22,0.1530776322,in_deg=1; out_deg=0; in=31060; out=0 KZT; tx=1/0; role_score=0.630; depth=1; truncated=0; is_seed=0,1,False,1,0,31060.0000000000,0.0000000000,1,0,0.0002905073,0.0000000000,False,True,1,1,0,0.0000000000,0.0000000000,0.0000000000,0.2333185053,0.0000000000,0.0000000000,0.0000000000,0.3699758235,0.0000000000,0.6300241765,0.3147151189,0.2626738448,0.0000000000
100000008736394100,peripheral,0.6937141130,22,0.1071341217,in_deg=1; out_deg=0; in=16000; out=0 KZT; tx=1/0; role_score=0.694; depth=2; truncated=0; is_seed=0,2,False,1,0,16000.0000000000,0.0000000000,1,0,0.0002894305,0.0000000000,False,True,1,1,0,0.0000000000,0.0000000000,0.0000000000,0.2010676157,0.0000000000,0.0000000000,0.0000000000,0.3062858870,0.0000000000,0.6937141130,0.1502916106,0.2626738448,0.0000000000
100000008736760100,peripheral,0.5810667875,22,0.2033028761,in_deg=1; out_deg=0; in=54757; out=0 KZT; tx=1/0; role_score=0.581; depth=1; truncated=0; is_seed=0,1,False,1,0,54757.0000000000,0.0000000000,1,0,0.0002954436,0.0000000000,False,True,1,1,0,0.0000000000,0.0000000000,0.0000000000,0.3378558719,0.0000000000,0.0000000000,0.0000000000,0.4189332125,0.0000000000,0.5810667875,0.4528936743,0.2626738448,0.0000000000
100000008736940100,consolidator,0.7073322756,9,0.6191639138,in_deg=3; out_deg=3; in=451090; out=182100 KZT; tx=13/6; role_score=0.707; depth=1; truncated=0; is_seed=0,1,False,3,3,451090.0000000000,182100.0000000000,13,6,0.0025383205,0.4036888426,False,True,7,10,5,0.8333333333,0.0000007926,0.0684474124,0.9939946619,0.7073322756,0.5729997252,0.5151296830,0.5623868373,0.3461115872,0.2926677244,0.8894122925,0.9589502019,0.7991251682
100000008737422100,peripheral,0.5587035358,22,0.2279377342,in_deg=1; out_deg=0; in=76903; out=0 KZT; tx=1/0; role_score=0.559; depth=1; truncated=0; is_seed=0,1,False,1,0,76903.0000000000,0.0000000000,1,0,0.0003000568,0.0000000000,False,True,1,1,0,0.0000000000,0.0000000000,0.0000000000,0.4041370107,0.0000000000,0.0000000000,0.0000000000,0.4412964642,0.0000000000,0.5587035358,0.5116644235,0.2626738448,0.0000000000
100000008737514100,peripheral,0.5528105168,3,0.2465891370,in_deg=1; out_deg=0; in=85000; out=0 KZT; tx=1/0; role_score=0.553; depth=2; truncated=0; is_seed=0,2,False,1,0,85000.0000000000,0.0000000000,1,0,0.0003108705,0.0000000000,False,True,1,1,0,0.0000000000,0.0000000000,0.0000000000,0.4922153025,0.0000000000,0.0000000000,0.0000000000,0.4471894832,0.0000000000,0.5528105168,0.5334230597,0.2626738448,0.0000000000
100000008737958100,consolidator,0.7044424297,22,0.2585843066,in_deg=2; out_deg=0; in=53373; out=0 KZT; tx=2/0; role_score=0.704; depth=1; truncated=0; is_seed=0,1,False,2,0,53373.0000000000,0.0000000000,2,0,0.0002979881,0.0000000000,False,True,2,9,0,0.0000000000,0.0000000000,0.0000000000,0.3738879004,0.7044424297,0.0000000000,0.0000000000,0.7044424297,0.0000000000,0.2955575703,0.4466128309,0.6056527591,0.0000000000
100000008738325100,peripheral,0.7562283150,47,0.3504076011,in_deg=1; out_deg=1; in=36550; out=54000 KZT; tx=1/1; role_score=0.756; depth=0; truncated=0; is_seed=1,0,True,1,1,36550.0000000000,54000.0000000000,1,1,0.0005254690,1.4774281806,False,True,2,3,0,0.0000000000,0.0000001981,0.0091819699,0.7911476868,0.0000000000,0.2358069164,0.0000000000,0.0000000000,0.2437716850,0.7562283150,0.5506953791,0.6056527591,0.0000000000
100000008738526100,peripheral,0.6646889611,35,0.4232073364,in_deg=1; out_deg=1; in=15000; out=140000 KZT; tx=1/1; role_score=0.665; depth=3; truncated=0; is_seed=0,3,False,1,1,15000.0000000000,140000.0000000000,1,1,0.0002859078,9.3333333333,False,True,2,6,0,0.0000000000,0.0000213999,0.4524207012,0.0620551601,0.0000000000,0.2027391476,0.0000000000,0.0000000000,0.3353110389,0.6646889611,0.6588156124,0.6056527591,0.0000000000
100000008738658100,peripheral,0.6374282261,22,0.1398019365,in_deg=1; out_deg=0; in=29920; out=0 KZT; tx=1/0; role_score=0.637; depth=3; truncated=0; is_seed=0,3,False,1,0,29920.0000000000,0.0000000000,1,0,0.0002886729,0.0000000000,False,True,1,1,0,0.0000000000,0.0000000000,0.0000000000,0.1777135231,0.0000000000,0.0000000000,0.0000000000,0.3625717739,0.0000000000,0.6374282261,0.2949753253,0.2626738448,0.0000000000
100000008739887100,consolidator,0.6251699909,8,0.6189412734,in_deg=2; out_deg=2; in=214000; out=307000 KZT; tx=3/2; role_score=0.625; depth=3; truncated=0; is_seed=0,3,False,2,2,214000.0000000000,307000.0000000000,3,2,0.0003313865,1.4345794393,False,True,4,8,0,0.0000000000,0.0000384405,0.5442404007,0.5856316726,0.6251699909,0.4592458392,0.4178674352,0.0000000000,0.5566577822,0.3748300091,0.8687752355,0.8227904890,0.0000000000
100000008740295100,peripheral,1.0000000000,4,0.3176651765,in_deg=1; out_deg=0; in=300000; out=0 KZT; tx=1/0; role_score=1.000; depth=4; truncated=1; is_seed=0,4,False,1,0,300000.0000000000,0.0000000000,1,0,0.0003232317,0.0000000000,True,True,1,1,0,0.0000000000,0.0000000000,0.0000000000,0.5611654804,0.0000000000,0.0000000000,0.0000000000,0.0000000000,0.0000000000,1.0000000000,0.7763571108,0.2626738448,0.0000000000
100000008740793100,peripheral,0.6681021457,22,0.1117639836,in_deg=1; out_deg=0; in=21000; out=0 KZT; tx=1/0; role_score=0.668; depth=3; truncated=0; is_seed=0,3,False,1,0,21000.0000000000,0.0000000000,1,0,0.0002872909,0.0000000000,False,True,1,1,0,0.0000000000,0.0000000000,0.0000000000,0.1238879004,0.0000000000,0.0000000000,0.0000000000,0.3318978543,0.0000000000,0.6681021457,0.2151188874,0.2626738448,0.0000000000
100000008741372100,peripheral,0.6200513750,22,0.1640591198,in_deg=1; out_deg=0; in=35975; out=0 KZT; tx=1/0; role_score=0.620; depth=1; truncated=0; is_seed=0,1,False,1,0,35975.0000000000,0.0000000000,1,0,0.0002915312,0.0000000000,False,True,1,1,0,0.0000000000,0.0000000000,0.0000000000,0.2586743772,0.0000000000,0.0000000000,0.0000000000,0.3799486250,0.0000000000,0.6200513750,0.3434275460,0.2626738448,0.0000000000
100000008742053100,distributor,0.8786392522,24,0.6606534080,in_deg=1; out_deg=12; in=10000; out=2.789e+06 KZT; tx=1/12; role_score=0.879; depth=3; truncated=0; is_seed=0,3,False,1,12,10000.0000000000,2789000.0000000000,1,12,0.0002847383,278.9000000000,False,True,7,9,0,0.0000000000,0.0001210730,0.7754590985,0.0273576512,0.0000000000,0.1797390650,0.8786392522,0.0000000000,0.5510286643,0.1213607478,0.9822790489,0.9304620906,0.0000000000
100000008742266100,peripheral,0.6681021457,22,0.1309143395,in_deg=1; out_deg=0; in=21000; out=0 KZT; tx=1/0; role_score=0.668; depth=2; truncated=0; is_seed=0,2,False,1,0,21000.0000000000,0.0000000000,1,0,0.0002911158,0.0000000000,False,True,1,1,0,0.0000000000,0.0000000000,0.0000000000,0.2515569395,0.0000000000,0.0000000000,0.0000000000,0.3318978543,0.0000000000,0.6681021457,0.2151188874,0.2626738448,0.0000000000
100000008743913100,distributor,0.8250705451,35,0.7978662505,in_deg=3; out_deg=13; in=149300; out=1.8506e+06 KZT; tx=3/13; role_score=0.825; depth=2; truncated=0; is_seed=0,2,False,3,13,149300.0000000000,1850600.0000000000,3,13,0.0003302696,12.3951774950,False,True,6,10,3,0.2307692308,0.0003060651,0.8706176962,0.5820729537,0.4963617218,0.5795382008,0.8250705451,0.0000000000,0.7840542734,0.1749294549,0.9697173620,0.9441453567,0.2178796977
100000008744364100,peripheral,0.6588848595,22,0.1202865286,in_deg=1; out_deg=0; in=23700; out=0 KZT; tx=1/0; role_score=0.659; depth=3; truncated=0; is_seed=0,3,False,1,0,23700.0000000000,0.0000000000,1,0,0.0002877092,0.0000000000,False,True,1,1,0,0.0000000000,0.0000000000,0.0000000000,0.1425711744,0.0000000000,0.0000000000,0.0000000000,0.3411151405,0.0000000000,0.6588848595,0.2379991027,0.2626738448,0.0000000000
100000008744799100,peripheral,0.7105621034,22,0.0751196966,in_deg=1; out_deg=0; in=12600; out=0 KZT; tx=1/0; role_score=0.711; depth=3; truncated=0; is_seed=0,3,False,1,0,12600.0000000000,0.0000000000,1,0,0.0002859895,0.0000000000,False,True,1,1,0,0.0000000000,0.0000000000,0.0000000000,0.0642793594,0.0000000000,0.0000000000,0.0000000000,0.2894378966,0.0000000000,0.7105621034,0.1043068641,0.2626738448,0.0000000000
100000008744849100,peripheral,0.6063009973,22,0.1802466905,in_deg=1; out_deg=0; in=44445; out=0 KZT; tx=1/0; role_score=0.606; depth=1; truncated=0; is_seed=0,1,False,1,0,44445.0000000000,0.0000000000,1,0,0.0002932955,0.0000000000,False,True,1,1,0,0.0000000000,0.0000000000,0.0000000000,0.3000444840,0.0000000000,0.0000000000,0.0000000000,0.3936990027,0.0000000000,0.6063009973,0.3833557649,0.2626738448,0.0000000000
100000008745474100,peripheral,0.6106829858,22,0.1744585237,in_deg=1; out_deg=0; in=40559; out=0 KZT; tx=1/0; role_score=0.611; depth=1; truncated=0; is_seed=0,1,False,1,0,40559.0000000000,0.0000000000,1,0,0.0002924860,0.0000000000,False,True,1,1,0,0.0000000000,0.0000000000,0.0000000000,0.2831405694,0.0000000000,0.0000000000,0.0000000000,0.3893170142,0.0000000000,0.6106829858,0.3703454464,0.2626738448,0.0000000000
100000008745489100,peripheral,0.5794046540,22,0.2046459272,in_deg=1; out_deg=0; in=55539; out=0 KZT; tx=1/0; role_score=0.579; depth=1; truncated=0; is_seed=0,1,False,1,0,55539.0000000000,0.0000000000,1,0,0.0002956065,0.0000000000,False,True,1,1,0,0.0000000000,0.0000000000,0.0000000000,0.3400800712,0.0000000000,0.0000000000,0.0000000000,0.4205953460,0.0000000000,0.5794046540,0.4569313594,0.2626738448,0.0000000000
100000008745643100,peripheral,0.6697642792,22,0.1167811945,in_deg=1; out_deg=0; in=20313; out=0 KZT; tx=1/0; role_score=0.670; depth=1; truncated=0; is_seed=0,1,False,1,0,20313.0000000000,0.0000000000,1,0,0.0002882686,0.0000000000,False,True,1,1,0,0.0000000000,0.0000000000,0.0000000000,0.1648131673,0.0000000000,0.0000000000,0.0000000000,0.3302357208,0.0000000000,0.6697642792,0.2106325707,0.2626738448,0.0000000000
100000008745676100,peripheral,1.0000000000,22,0.2426424156,in_deg=1; out_deg=0; in=34547; out=0 KZT; tx=1/0; role_score=1.000; depth=4; truncated=1; is_seed=0,4,False,1,0,34547.0000000000,0.0000000000,1,0,0.0005271909,0.0000000000,True,True,1,1,0,0.0000000000,0.0000000000,0.0000000000,0.7982651246,0.0000000000,0.0000000000,0.0000000000,0.0000000000,0.0000000000,1.0000000000,0.3340062808,0.2626738448,0.0000000000
100000008745725100,peripheral,0.5992747053,22,0.1866510324,in_deg=1; out_deg=0; in=47060; out=0 KZT; tx=1/0; role_score=0.599; depth=1; truncated=0; is_seed=0,1,False,1,0,47060.0000000000,0.0000000000,1,0,0.0002938403,0.0000000000,False,True,1,1,0,0.0000000000,0.0000000000,0.0000000000,0.3087188612,0.0000000000,0.0000000000,0.0000000000,0.4007252947,0.0000000000,0.5992747053,0.4037685061,0.2626738448,0.0000000000
100000008745863100,peripheral,0.6634179510,22,0.1159691771,in_deg=1; out_deg=0; in=22900; out=0 KZT; tx=1/0; role_score=0.663; depth=3; truncated=0; is_seed=0,3,False,1,0,22900.0000000000,0.0000000000,1,0,0.0002875853,0.0000000000,False,True,1,1,0,0.0000000000,0.0000000000,0.0000000000,0.1332295374,0.0000000000,0.0000000000,0.0000000000,0.3365820490,0.0000000000,0.6634179510,0.2263346792,0.2626738448,0.0000000000
100000008745884100,peripheral,0.6745240254,22,0.1058884903,in_deg=1; out_deg=0; in=20000; out=0 KZT; tx=1/0; role_score=0.675; depth=3; truncated=0; is_seed=0,3,False,1,0,20000.0000000000,0.0000000000,1,0,0.0002871360,0.0000000000,False,True,1,1,0,0.0000000000,0.0000000000,0.0000000000,0.1138790036,0.0000000000,0.0000000000,0.0000000000,0.3254759746,0.0000000000,0.6745240254,0.1976222521,0.2626738448,0.0000000000
100000008746025100,peripheral,0.6655333938,22,0.1213306649,in_deg=1; out_deg=0; in=22000; out=0 KZT; tx=1/0; role_score=0.666; depth=1; truncated=0; is_seed=0,1,False,1,0,22000.0000000000,0.0000000000,1,0,0.0002886201,0.0000000000,False,True,1,1,0,0.0000000000,0.0000000000,0.0000000000,0.1768238434,0.0000000000,0.0000000000,0.0000000000,0.3344666062,0.0000000000,0.6655333938,0.2216240467,0.2626738448,0.0000000000
100000008746449100,distributor,0.8319033272,4,0.6633001323,in_deg=1; out_deg=10; in=10000; out=1.009e+06 KZT; tx=1/10; role_score=0.832; depth=3; truncated=0; is_seed=0,3,False,1,10,10000.0000000000,1009000.0000000000,1,10,0.0002854627,100.9000000000,False,True,5,8,0,0.0000000000,0.0001659823,0.8188647746,0.0495996441,0.0000000000,0.1801757326,0.8319033272,0.0000000000,0.5880852355,0.1680966728,0.9284432481,0.9143113504,0.0000000000
100000008746673100,peripheral,0.5833333333,22,0.2004620278,in_deg=1; out_deg=0; in=53048; out=0 KZT; tx=1/0; role_score=0.583; depth=1; truncated=0; is_seed=0,1,False,1,0,53048.0000000000,0.0000000000,1,0,0.0002950876,0.0000000000,False,True,1,1,0,0.0000000000,0.0000000000,0.0000000000,0.3316281139,0.0000000000,0.0000000000,0.0000000000,0.4166666667,0.0000000000,0.5833333333,0.4452669358,0.2626738448,0.0000000000
100000008747113100,consolidator,0.7913266848,10,0.3343219745,in_deg=2; out_deg=0; in=197801; out=0 KZT; tx=2/0; role_score=0.791; depth=1; truncated=0; is_seed=0,1,False,2,0,197801.0000000000,0.0000000000,2,0,0.0003058089,0.0000000000,False,True,1,1,0,0.0000000000,0.0000000000,0.0000000000,0.4548487544,0.7913266848,0.0000000000,0.0000000000,0.7913266848,0.0000000000,0.2086733152,0.7009869897,0.6056527591,0.0000000000
100000008748408100,distributor,0.9155477688,1,0.5803404166,in_deg=1; out_deg=21; in=360000; out=1.49996e+06 KZT; tx=2/22; role_score=0.916; depth=1; truncated=0; is_seed=0,1,False,1,21,360000.0000000000,1499960.0000000000,2,22,0.0003322063,4.1665555556,False,True,6,6,8,0.3636363636,0.0000071333,0.1994991653,0.5874110320,0.0000000000,0.5023135030,0.9155477688,0.0000000000,0.3158727253,0.0844522312,0.9652310453,0.9717362046,0.3533586198
100000008748795100,peripheral,0.5995013599,0,0.1532866212,in_deg=1; out_deg=0; in=47057; out=0 KZT; tx=1/0; role_score=0.600; depth=3; truncated=0; is_seed=0,3,False,1,0,47057.0000000000,0.0000000000,1,0,0.0002866690,0.0000000000,False,True,1,1,0,0.0000000000,0.0000000000,0.0000000000,0.0874110320,0.0000000000,0.0000000000,0.0000000000,0.4004986401,0.0000000000,0.5995013599,0.4030955585,0.2626738448,0.0000000000
100000008748914100,coordinator,0.9153928330,2,0.8900737371,in_deg=2; out_deg=13; in=180000; out=4.47185e+06 KZT; tx=9/21; bet_pct=0.911; pr_pct=0.926; depth=1; truncated=0; is_seed=0,1,False,2,13,180000.0000000000,4471847.0000000000,9,21,0.0007859481,24.8435944444,False,True,9,9,8,0.3809523810,0.0006406088,0.9106844741,0.9263790036,0.4876775461,0.6008401322,0.8853666346,0.0000000000,0.9153928330,0.0846071670,0.9921489457,0.9800358905,0.3733470059
100000008749063100,peripheral,0.6804170444,22,0.1080272240,in_deg=1; out_deg=0; in=19000; out=0 KZT; tx=1/0; role_score=0.680; depth=1; truncated=0; is_seed=0,1,False,1,0,19000.0000000000,0.0000000000,1,0,0.0002879951,0.0000000000,False,True,1,1,0,0.0000000000,0.0000000000,0.0000000000,0.1516903915,0.0000000000,0.0000000000,0.0000000000,0.3195829556,0.0000000000,0.6804170444,0.1834903544,0.2626738448,0.0000000000
100000008749405100,peripheral,0.6180114838,22,0.1590674688,in_deg=1; out_deg=0; in=37150; out=0 KZT; tx=1/0; role_score=0.618; depth=3; truncated=0; is_seed=0,3,False,1,0,37150.0000000000,0.0000000000,1,0,0.0002897931,0.0000000000,False,True,1,1,0,0.0000000000,0.0000000000,0.0000000000,0.2153024911,0.0000000000,0.0000000000,0.0000000000,0.3819885162,0.0000000000,0.6180114838,0.3494840736,0.2626738448,0.0000000000
100000008749406100,peripheral,0.6896343306,22,0.0999958989,in_deg=1; out_deg=0; in=17144; out=0 KZT; tx=1/0; role_score=0.690; depth=1; truncated=0; is_seed=0,1,False,1,0,17144.0000000000,0.0000000000,1,0,0.0002876085,0.0000000000,False,True,1,1,0,0.0000000000,0.0000000000,0.0000000000,0.1347864769,0.0000000000,0.0000000000,0.0000000000,0.3103656694,0.0000000000,0.6896343306,0.1615074024,0.2626738448,0.0000000000
100000008749618100,peripheral,0.5985947416,22,0.1871436741,in_deg=1; out_deg=0; in=47280; out=0 KZT; tx=1/0; role_score=0.599; depth=1; truncated=0; is_seed=0,1,False,1,0,47280.0000000000,0.0000000000,1,0,0.0002938861,0.0000000000,False,True,1,1,0,0.0000000000,0.0000000000,0.0000000000,0.3093861210,0.0000000000,0.0000000000,0.0000000000,0.4014052584,0.0000000000,0.5985947416,0.4053387169,0.2626738448,0.0000000000
100000008749900100,peripheral,0.6892565730,22,0.0933701549,in_deg=1; out_deg=0; in=17150; out=0 KZT; tx=1/0; role_score=0.689; depth=3; truncated=0; is_seed=0,3,False,1,0,17150.0000000000,0.0000000000,1,0,0.0002866944,0.0000000000,False,True,1,1,0,0.0000000000,0.0000000000,0.0000000000,0.0887455516,0.0000000000,0.0000000000,0.0000000000,0.3107434270,0.0000000000,0.6892565730,0.1626289816,0.2626738448,0.0000000000
100000008749989100,peripheral,0.6937141130,22,0.1071341217,in_deg=1; out_deg=0; in=16000; out=0 KZT; tx=1/0; role_score=0.694; depth=2; truncated=0; is_seed=0,2,False,1,0,16000.0000000000,0.0000000000,1,0,0.0002894305,0.0000000000,False,True,1,1,0,0.0000000000,0.0000000000,0.0000000000,0.2010676157,0.0000000000,0.0000000000,0.0000000000,0.3062858870,0.0000000000,0.6937141130,0.1502916106,0.2626738448,0.0000000000
100000008750464100,peripheral,0.7335297673,22,0.0583854858,in_deg=1; out_deg=0; in=8500; out=0 KZT; tx=1/0; role_score=0.734; depth=3; truncated=0; is_seed=0,3,False,1,0,8500.0000000000,0.0000000000,1,0,0.0002853542,0.0000000000,False,True,1,1,0,0.0000000000,0.0000000000,0.0000000000,0.0469306050,0.0000000000,0.0000000000,0.0000000000,0.2664702327,0.0000000000,0.7335297673,0.0477792732,0.2626738448,0.0000000000
100000008751349100,peripheral,0.7149440919,14,0.0781663408,in_deg=1; out_deg=0; in=11630; out=0 KZT; tx=1/0; role_score=0.715; depth=3; truncated=0; is_seed=0,3,False,1,0,11630.0000000000,0.0000000000,1,0,0.0002869278,0.0000000000,False,True,1,1,0,0.0000000000,0.0000000000,0.0000000000,0.1025355872,0.0000000000,0.0000000000,0.0000000000,0.2850559081,0.0000000000,0.7149440919,0.0935397039,0.2626738448,0.0000000000
100000008751380100,consolidator,0.8224539136,4,0.3642623811,in_deg=2; out_deg=0; in=345780; out=0 KZT; tx=2/0; role_score=0.822; depth=3; truncated=0; is_seed=0,3,False,2,0,345780.0000000000,0.0000000000,2,0,0.0003111804,0.0000000000,False,True,2,8,0,0.0000000000,0.0000000000,0.0000000000,0.4944395018,0.8224539136,0.0000000000,0.0000000000,0.8224539136,0.0000000000,0.1775460864,0.7969941678,0.6056527591,0.0000000000
100000008751429100,consolidator,0.8047937443,9,0.5785881104,in_deg=3; out_deg=1; in=386200; out=72600 KZT; tx=6/2; role_score=0.805; depth=1; truncated=0; is_seed=0,1,False,3,1,386200.0000000000,72600.0000000000,6,2,0.0015771234,0.1879854997,False,True,5,6,2,1.0000000000,0.0000000000,0.0000000000,0.9744217082,0.8047937443,0.2876766454,0.0000000000,0.7468619316,0.0000000000,0.1952062557,0.8467922835,0.8829071332,0.8829071332
100000008752616100,distributor,0.7484256591,4,0.7366099274,in_deg=2; out_deg=7; in=64510; out=1.265e+06 KZT; tx=2/7; role_score=0.748; depth=2; truncated=0; is_seed=0,2,False,2,7,64510.0000000000,1265000.0000000000,2,7,0.0003113455,19.6093628895,False,True,4,8,1,0.1428571429,0.0001387598,0.7988313856,0.4966637011,0.4377875155,0.4850138466,0.7484256591,0.0000000000,0.7081810803,0.2515743409,0.9432480933,0.8930013459,0.1275716208
100000008753061100,peripheral,0.5040797824,22,0.1879379996,in_deg=1; out_deg=0; in=28400; out=0 KZT; tx=2/0; role_score=0.504; depth=3; truncated=0; is_seed=0,3,False,1,0,28400.0000000000,0.0000000000,2,0,0.0002884374,0.0000000000,False,True,2,5,0,0.0000000000,0.0000000000,0.0000000000,0.1705960854,0.0000000000,0.0000000000,0.0000000000,0.4959202176,0.0000000000,0.5040797824,0.2860026918,0.6056527591,0.0000000000
100000008753193100,peripheral,0.6211090964,22,0.1630099543,in_deg=1; out_deg=0; in=35225; out=0 KZT; tx=1/0; role_score=0.621; depth=1; truncated=0; is_seed=0,1,False,1,0,35225.0000000000,0.0000000000,1,0,0.0002913749,0.0000000000,False,True,1,1,0,0.0000000000,0.0000000000,0.0000000000,0.2546708185,0.0000000000,0.0000000000,0.0000000000,0.3788909036,0.0000000000,0.6211090964,0.3416330193,0.2626738448,0.0000000000
100000008753897100,peripheral,0.6562405561,22,0.1221129963,in_deg=1; out_deg=0; in=24050; out=0 KZT; tx=1/0; role_score=0.656; depth=3; truncated=0; is_seed=0,3,False,1,0,24050.0000000000,0.0000000000,1,0,0.0002877635,0.0000000000,False,True,1,1,0,0.0000000000,0.0000000000,0.0000000000,0.1439056940,0.0000000000,0.0000000000,0.0000000000,0.3437594439,0.0000000000,0.6562405561,0.2445042620,0.2626738448,0.0000000000
100000008754608100,peripheral,0.7116198247,22,0.0742011393,in_deg=1; out_deg=0; in=12300; out=0 KZT; tx=1/0; role_score=0.712; depth=3; truncated=0; is_seed=0,3,False,1,0,12300.0000000000,0.0000000000,1,0,0.0002859430,0.0000000000,False,True,1,1,0,0.0000000000,0.0000000000,0.0000000000,0.0633896797,0.0000000000,0.0000000000,0.0000000000,0.2883801753,0.0000000000,0.7116198247,0.1011664424,0.2626738448,0.0000000000
100000008754747100,peripheral,0.6029767301,22,0.1752408551,in_deg=1; out_deg=0; in=45500; out=0 KZT; tx=1/0; role_score=0.603; depth=3; truncated=0; is_seed=0,3,False,1,0,45500.0000000000,0.0000000000,1,0,0.0002910868,0.0000000000,False,True,1,1,0,0.0000000000,0.0000000000,0.0000000000,0.2502224199,0.0000000000,0.0000000000,0.0000000000,0.3970232699,0.0000000000,0.6029767301,0.3932256617,0.2626738448,0.0000000000
100000008754997100,peripheral,0.6834391055,22,0.0984591208,in_deg=1; out_deg=0; in=18000; out=0 KZT; tx=1/0; role_score=0.683; depth=3; truncated=0; is_seed=0,3,False,1,0,18000.0000000000,0.0000000000,1,0,0.0002868261,0.0000000000,False,True,1,1,0,0.0000000000,0.0000000000,0.0000000000,0.0998665480,0.0000000000,0.0000000000,0.0000000000,0.3165608945,0.0000000000,0.6834391055,0.1763122476,0.2626738448,0.0000000000
100000008755168100,peripheral,0.6857812028,22,0.0963231611,in_deg=1; out_deg=0; in=17600; out=0 KZT; tx=1/0; role_score=0.686; depth=3; truncated=0; is_seed=0,3,False,1,0,17600.0000000000,0.0000000000,1,0,0.0002867641,0.0000000000,False,True,1,1,0,0.0000000000,0.0000000000,0.0000000000,0.0949733096,0.0000000000,0.0000000000,0.0000000000,0.3142187972,0.0000000000,0.6857812028,0.1707043517,0.2626738448,0.0000000000
100000008755361100,peripheral,0.7037624660,22,0.0865242211,in_deg=1; out_deg=0; in=14627; out=0 KZT; tx=1/0; role_score=0.704; depth=1; truncated=0; is_seed=0,1,False,1,0,14627.0000000000,0.0000000000,1,0,0.0002870842,0.0000000000,False,True,1,1,0,0.0000000000,0.0000000000,0.0000000000,0.1096530249,0.0000000000,0.0000000000,0.0000000000,0.2962375340,0.0000000000,0.7037624660,0.1227007627,0.2626738448,0.0000000000
100000008755580100,peripheral,0.6937141130,22,0.0891848335,in_deg=1; out_deg=0; in=16000; out=0 KZT; tx=1/0; role_score=0.694; depth=3; truncated=0; is_seed=0,3,False,1,0,16000.0000000000,0.0000000000,1,0,0.0002865162,0.0000000000,False,True,1,1,0,0.0000000000,0.0000000000,0.0000000000,0.0814056940,0.0000000000,0.0000000000,0.0000000000,0.3062858870,0.0000000000,0.6937141130,0.1502916106,0.2626738448,0.0000000000
100000008755754100,peripheral,0.7387428226,24,0.0965087006,in_deg=1; out_deg=0; in=7000; out=0 KZT; tx=1/0; role_score=0.739; depth=3; truncated=0; is_seed=0,3,False,1,0,7000.0000000000,0.0000000000,1,0,0.0002942974,0.0000000000,False,True,1,1,0,0.0000000000,0.0000000000,0.0000000000,0.3182829181,0.0000000000,0.0000000000,0.0000000000,0.2612571774,0.0000000000,0.7387428226,0.0374607447,0.2626738448,0.0000000000
100000008757301100,peripheral,1.0000000000,0,0.3445025307,in_deg=1; out_deg=0; in=58398; out=0 KZT; tx=3/0; role_score=1.000; depth=4; truncated=1; is_seed=0,4,False,1,0,58398.0000000000,0.0000000000,3,0,0.0005274110,0.0000000000,True,True,3,3,0,0.0000000000,0.0000000000,0.0000000000,0.7995996441,0.0000000000,0.0000000000,0.0000000000,0.0000000000,0.0000000000,1.0000000000,0.4636608345,0.7243158367,0.0000000000
100000008757369100,peripheral,0.7204703806,0,0.3880926840,in_deg=1; out_deg=1; in=25961; out=58398 KZT; tx=1/3; role_score=0.720; depth=3; truncated=0; is_seed=0,3,False,1,1,25961.0000000000,58398.0000000000,1,3,0.0002863221,2.2494510997,False,True,3,3,1,0.3333333333,0.0000192202,0.2863105175,0.0754003559,0.0000000000,0.2795296194,0.0000000000,0.0000000000,0.2230374690,0.7204703806,0.5300583221,0.7857783760,0.2619261253
100000008758106100,peripheral,1.0000000000,4,0.0639720876,in_deg=1; out_deg=0; in=10000; out=0 KZT; tx=1/0; role_score=1.000; depth=4; truncated=1; is_seed=0,4,False,1,0,10000.0000000000,0.0000000000,1,0,0.0002853438,0.0000000000,True,True,1,1,0,0.0000000000,0.0000000000,0.0000000000,0.0460409253,0.0000000000,0.0000000000,0.0000000000,0.0000000000,0.0000000000,1.0000000000,0.0706594886,0.2626738448,0.0000000000
100000008758168100,distributor,0.6926718814,35,0.6714711678,in_deg=2; out_deg=5; in=75410; out=1.5336e+06 KZT; tx=2/5; role_score=0.693; depth=2; truncated=0; is_seed=0,2,False,2,5,75410.0000000000,1533600.0000000000,2,5,0.0003166162,20.3368253547,False,True,5,7,0,0.0000000000,0.0000560200,0.6352253756,0.5304715302,0.4675236368,0.4816585174,0.6926718814,0.0000000000,0.6037992220,0.3073281186,0.9571556752,0.8685509197,0.0000000000
100000008758607100,peripheral,1.0000000000,4,0.0451551521,in_deg=1; out_deg=0; in=5000; out=0 KZT; tx=1/0; role_score=1.000; depth=4; truncated=1; is_seed=0,4,False,1,0,5000.0000000000,0.0000000000,1,0,0.0002846905,0.0000000000,True,True,1,1,0,0.0000000000,0.0000000000,0.0000000000,0.0260231317,0.0000000000,0.0000000000,0.0000000000,0.0000000000,0.0000000000,1.0000000000,0.0074024226,0.2626738448,0.0000000000
100000008759795100,peripheral,1.0000000000,18,0.1234443926,in_deg=1; out_deg=0; in=17000; out=0 KZT; tx=1/0; role_score=1.000; depth=4; truncated=1; is_seed=0,4,False,1,0,17000.0000000000,0.0000000000,1,0,0.0002930748,0.0000000000,True,True,1,1,0,0.0000000000,0.0000000000,0.0000000000,0.2955960854,0.0000000000,0.0000000000,0.0000000000,0.0000000000,0.0000000000,1.0000000000,0.1588156124,0.2626738448,0.0000000000
100000008759857100,distributor,0.5421469741,35,0.4240185733,in_deg=1; out_deg=2; in=5000; out=994000 KZT; tx=1/3; role_score=0.542; depth=3; truncated=0; is_seed=0,3,False,1,2,5000.0000000000,994000.0000000000,1,3,0.0002847958,198.8000000000,False,True,3,5,0,0.0000000000,0.0000073000,0.2020033389,0.0282473310,0.0000000000,0.1613874848,0.5421469741,0.0000000000,0.1498765365,0.4578530259,0.9248541947,0.7857783760,0.0000000000
100000008760098100,peripheral,0.8290105268,35,0.3725592232,in_deg=1; out_deg=1; in=7000; out=390000 KZT; tx=1/1; role_score=0.829; depth=3; truncated=0; is_seed=0,3,False,1,1,7000.0000000000,390000.0000000000,1,1,0.0002850992,55.7142857143,False,True,2,5,0,0.0000000000,0.0000073000,0.2020033389,0.0380338078,0.0000000000,0.1709894732,0.0000000000,0.0000000000,0.1528124796,0.8290105268,0.8212202782,0.6056527591,0.0000000000
100000008761132100,peripheral,1.0000000000,4,0.0639720876,in_deg=1; out_deg=0; in=10000; out=0 KZT; tx=1/0; role_score=1.000; depth=4; truncated=1; is_seed=0,4,False,1,0,10000.0000000000,0.0000000000,1,0,0.0002853438,0.0000000000,True,True,1,1,0,0.0000000000,0.0000000000,0.0000000000,0.0460409253,0.0000000000,0.0000000000,0.0000000000,0.0000000000,0.0000000000,1.0000000000,0.0706594886,0.2626738448,0.0000000000
100000008761219100,consolidator,0.5220988214,57,0.6142465727,in_deg=2; out_deg=2; in=50000; out=375000 KZT; tx=2/2; role_score=0.522; depth=3; truncated=0; is_seed=0,3,False,2,2,50000.0000000000,375000.0000000000,2,2,0.0002912601,7.5000000000,False,True,3,4,1,0.5000000000,0.0000417264,0.6035058431,0.2524466192,0.5220988214,0.4173871278,0.4268731988,0.0000000000,0.4981880759,0.4779011786,0.8319874383,0.7857783760,0.3928891880
100000008761220100,peripheral,1.0000000000,4,0.0639720876,in_deg=1; out_deg=0; in=10000; out=0 KZT; tx=1/0; role_score=1.000; depth=4; truncated=1; is_seed=0,4,False,1,0,10000.0000000000,0.0000000000,1,0,0.0002853438,0.0000000000,True,True,1,1,0,0.0000000000,0.0000000000,0.0000000000,0.0460409253,0.0000000000,0.0000000000,0.0000000000,0.0000000000,0.0000000000,1.0000000000,0.0706594886,0.2626738448,0.0000000000
100000008762005100,peripheral,1.0000000000,4,0.0474238354,in_deg=1; out_deg=0; in=5000; out=0 KZT; tx=1/0; role_score=1.000; depth=4; truncated=1; is_seed=0,4,False,1,0,5000.0000000000,0.0000000000,1,0,0.0002852397,0.0000000000,True,True,1,1,0,0.0000000000,0.0000000000,0.0000000000,0.0411476868,0.0000000000,0.0000000000,0.0000000000,0.0000000000,0.0000000000,1.0000000000,0.0074024226,0.2626738448,0.0000000000
100000008762728100,peripheral,0.6901631913,16,0.1586679062,in_deg=1; out_deg=0; in=17026; out=0 KZT; tx=1/0; role_score=0.690; depth=2; truncated=0; is_seed=0,2,False,1,0,17026.0000000000,0.0000000000,1,0,0.0003159578,0.0000000000,False,True,1,1,0,0.0000000000,0.0000000000,0.0000000000,0.5278024911,0.0000000000,0.0000000000,0.0000000000,0.3098368087,0.0000000000,0.6901631913,0.1603858232,0.2626738448,0.0000000000
100000008762832100,peripheral,0.6486551393,2,0.3762173475,in_deg=1; out_deg=1; in=150000; out=85000 KZT; tx=1/4; role_score=0.649; depth=2; truncated=0; is_seed=0,2,False,1,1,150000.0000000000,85000.0000000000,1,4,0.0003064460,0.5666666667,False,True,2,3,0,0.0000000000,0.0000000000,0.0000000000,0.4601868327,0.0000000000,0.3513448607,0.0000000000,0.2108063866,0.0000000000,0.6486551393,0.7350829969,0.8227904890,0.0000000000
100000008762843100,peripheral,1.0000000000,4,0.0571737362,in_deg=1; out_deg=0; in=7000; out=0 KZT; tx=1/0; role_score=1.000; depth=4; truncated=1; is_seed=0,4,False,1,0,7000.0000000000,0.0000000000,1,0,0.0002857206,0.0000000000,True,True,1,1,0,0.0000000000,0.0000000000,0.0000000000,0.0560498221,0.0000000000,0.0000000000,0.0000000000,0.0000000000,0.0000000000,1.0000000000,0.0374607447,0.2626738448,0.0000000000
100000008762885100,peripheral,1.0000000000,4,0.0571737362,in_deg=1; out_deg=0; in=7000; out=0 KZT; tx=1/0; role_score=1.000; depth=4; truncated=1; is_seed=0,4,False,1,0,7000.0000000000,0.0000000000,1,0,0.0002857206,0.0000000000,True,True,1,1,0,0.0000000000,0.0000000000,0.0000000000,0.0560498221,0.0000000000,0.0000000000,0.0000000000,0.0000000000,0.0000000000,1.0000000000,0.0374607447,0.2626738448,0.0000000000
100000008763688100,peripheral,0.6681021457,22,0.1117639836,in_deg=1; out_deg=0; in=21000; out=0 KZT; tx=1/0; role_score=0.668; depth=3; truncated=0; is_seed=0,3,False,1,0,21000.0000000000,0.0000000000,1,0,0.0002872909,0.0000000000,False,True,1,1,0,0.0000000000,0.0000000000,0.0000000000,0.1238879004,0.0000000000,0.0000000000,0.0000000000,0.3318978543,0.0000000000,0.6681021457,0.2151188874,0.2626738448,0.0000000000
100000008764436100,peripheral,0.7081444545,22,0.0926132785,in_deg=1; out_deg=0; in=13100; out=0 KZT; tx=1/0; role_score=0.708; depth=2; truncated=0; is_seed=0,2,False,1,0,13100.0000000000,0.0000000000,1,0,0.0002884529,0.0000000000,False,True,1,1,0,0.0000000000,0.0000000000,0.0000000000,0.1719306050,0.0000000000,0.0000000000,0.0000000000,0.2918555455,0.0000000000,0.7081444545,0.1096904441,0.2626738448,0.0000000000
100000008764654100,peripheral,0.6462677546,22,0.1299817723,in_deg=1; out_deg=0; in=26150; out=0 KZT; tx=1/0; role_score=0.646; depth=3; truncated=0; is_seed=0,3,False,1,0,26150.0000000000,0.0000000000,1,0,0.0002880888,0.0000000000,False,True,1,1,0,0.0000000000,0.0000000000,0.0000000000,0.1563612100,0.0000000000,0.0000000000,0.0000000000,0.3537322454,0.0000000000,0.6462677546,0.2685060565,0.2626738448,0.0000000000
100000008765494100,peripheral,0.6574493805,22,0.1411348595,in_deg=1; out_deg=0; in=24000; out=0 KZT; tx=1/0; role_score=0.657; depth=2; truncated=0; is_seed=0,2,False,1,0,24000.0000000000,0.0000000000,1,0,0.0002921270,0.0000000000,False,True,1,1,0,0.0000000000,0.0000000000,0.0000000000,0.2755782918,0.0000000000,0.0000000000,0.0000000000,0.3425506195,0.0000000000,0.6574493805,0.2415881561,0.2626738448,0.0000000000
100000008765627100,peripheral,0.5754004231,1,0.2070310691,in_deg=1; out_deg=0; in=60000; out=0 KZT; tx=1/0; role_score=0.575; depth=2; truncated=0; is_seed=0,2,False,1,0,60000.0000000000,0.0000000000,1,0,0.0002953326,0.0000000000,False,True,1,1,0,0.0000000000,0.0000000000,0.0000000000,0.3342971530,0.0000000000,0.0000000000,0.0000000000,0.4245995769,0.0000000000,0.5754004231,0.4699416779,0.2626738448,0.0000000000
100000008766031100,peripheral,1.0000000000,4,0.0463562197,in_deg=1; out_deg=0; in=5000; out=0 KZT; tx=1/0; role_score=1.000; depth=4; truncated=1; is_seed=0,4,False,1,0,5000.0000000000,0.0000000000,1,0,0.0002849393,0.0000000000,True,True,1,1,0,0.0000000000,0.0000000000,0.0000000000,0.0340302491,0.0000000000,0.0000000000,0.0000000000,0.0000000000,0.0000000000,1.0000000000,0.0074024226,0.2626738448,0.0000000000
100000008766764100,peripheral,1.0000000000,4,0.0451551521,in_deg=1; out_deg=0; in=5000; out=0 KZT; tx=1/0; role_score=1.000; depth=4; truncated=1; is_seed=0,4,False,1,0,5000.0000000000,0.0000000000,1,0,0.0002846905,0.0000000000,True,True,1,1,0,0.0000000000,0.0000000000,0.0000000000,0.0260231317,0.0000000000,0.0000000000,0.0000000000,0.0000000000,0.0000000000,1.0000000000,0.0074024226,0.2626738448,0.0000000000
100000008767027100,peripheral,0.7521909943,35,0.0454887820,in_deg=1; out_deg=0; in=5000; out=0 KZT; tx=1/0; role_score=0.752; depth=3; truncated=0; is_seed=0,3,False,1,0,5000.0000000000,0.0000000000,1,0,0.0002847958,0.0000000000,False,True,1,1,0,0.0000000000,0.0000000000,0.0000000000,0.0282473310,0.0000000000,0.0000000000,0.0000000000,0.2478090057,0.0000000000,0.7521909943,0.0074024226,0.2626738448,0.0000000000
100000008767065100,peripheral,0.7238591720,35,0.0647060734,in_deg=1; out_deg=0; in=10000; out=0 KZT; tx=1/0; role_score=0.724; depth=3; truncated=0; is_seed=0,3,False,1,0,10000.0000000000,0.0000000000,1,0,0.0002855542,0.0000000000,False,True,1,1,0,0.0000000000,0.0000000000,0.0000000000,0.0509341637,0.0000000000,0.0000000000,0.0000000000,0.2761408280,0.0000000000,0.7238591720,0.0706594886,0.2626738448,0.0000000000
100000008767925100,peripheral,0.6896343306,22,0.0999958989,in_deg=1; out_deg=0; in=17144; out=0 KZT; tx=1/0; role_score=0.690; depth=1; truncated=0; is_seed=0,1,False,1,0,17144.0000000000,0.0000000000,1,0,0.0002876085,0.0000000000,False,True,1,1,0,0.0000000000,0.0000000000,0.0000000000,0.1347864769,0.0000000000,0.0000000000,0.0000000000,0.3103656694,0.0000000000,0.6896343306,0.1615074024,0.2626738448,0.0000000000
100000008767950100,peripheral,0.6880477486,22,0.0948225201,in_deg=1; out_deg=0; in=17350; out=0 KZT; tx=1/0; role_score=0.688; depth=3; truncated=0; is_seed=0,3,False,1,0,17350.0000000000,0.0000000000,1,0,0.0002867254,0.0000000000,False,True,1,1,0,0.0000000000,0.0000000000,0.0000000000,0.0931939502,0.0000000000,0.0000000000,0.0000000000,0.3119522514,0.0000000000,0.6880477486,0.1657694033,0.2626738448,0.0000000000
100000008768896100,peripheral,0.5992747053,22,0.1866510324,in_deg=1; out_deg=0; in=47060; out=0 KZT; tx=1/0; role_score=0.599; depth=1; truncated=0; is_seed=0,1,False,1,0,47060.0000000000,0.0000000000,1,0,0.0002938403,0.0000000000,False,True,1,1,0,0.0000000000,0.0000000000,0.0000000000,0.3087188612,0.0000000000,0.0000000000,0.0000000000,0.4007252947,0.0000000000,0.5992747053,0.4037685061,0.2626738448,0.0000000000
100000008769097100,peripheral,0.6296464189,22,0.1457846285,in_deg=1; out_deg=0; in=31100; out=0 KZT; tx=1/0; role_score=0.630; depth=3; truncated=0; is_seed=0,3,False,1,0,31100.0000000000,0.0000000000,1,0,0.0002888557,0.0000000000,False,True,1,1,0,0.0000000000,0.0000000000,0.0000000000,0.1828291815,0.0000000000,0.0000000000,0.0000000000,0.3703535811,0.0000000000,0.6296464189,0.3158366981,0.2626738448,0.0000000000
100000008769636100,peripheral,0.6625113327,22,0.1242062981,in_deg=1; out_deg=0; in=23118; out=0 KZT; tx=1/0; role_score=0.663; depth=1; truncated=0; is_seed=0,1,False,1,0,23118.0000000000,0.0000000000,1,0,0.0002888529,0.0000000000,False,True,1,1,0,0.0000000000,0.0000000000,0.0000000000,0.1821619217,0.0000000000,0.0000000000,0.0000000000,0.3374886673,0.0000000000,0.6625113327,0.2299237326,0.2626738448,0.0000000000
100000008770483100,peripheral,1.0000000000,57,0.0602352233,in_deg=1; out_deg=0; in=5000; out=0 KZT; tx=1/0; role_score=1.000; depth=4; truncated=1; is_seed=0,4,False,1,0,5000.0000000000,0.0000000000,1,0,0.0002873382,0.0000000000,True,True,1,1,0,0.0000000000,0.0000000000,0.0000000000,0.1265569395,0.0000000000,0.0000000000,0.0000000000,0.0000000000,0.0000000000,1.0000000000,0.0074024226,0.2626738448,0.0000000000
100000008771627100,peripheral,0.6919764279,22,0.1094929754,in_deg=1; out_deg=0; in=16500; out=0 KZT; tx=1/0; role_score=0.692; depth=2; truncated=0; is_seed=0,2,False,1,0,16500.0000000000,0.0000000000,1,0,0.0002895990,0.0000000000,False,True,1,1,0,0.0000000000,0.0000000000,0.0000000000,0.2070729537,0.0000000000,0.0000000000,0.0000000000,0.3080235721,0.0000000000,0.6919764279,0.1561238223,0.2626738448,0.0000000000
100000008771814100,peripheral,0.6588848595,22,0.1397705143,in_deg=1; out_deg=0; in=23700; out=0 KZT; tx=1/0; role_score=0.659; depth=2; truncated=0; is_seed=0,2,False,1,0,23700.0000000000,0.0000000000,1,0,0.0002920259,0.0000000000,False,True,1,1,0,0.0000000000,0.0000000000,0.0000000000,0.2724644128,0.0000000000,0.0000000000,0.0000000000,0.3411151405,0.0000000000,0.6588848595,0.2379991027,0.2626738448,0.0000000000
100000008771819100,peripheral,0.6158204896,22,0.1703385064,in_deg=1; out_deg=0; in=38900; out=0 KZT; tx=1/0; role_score=0.616; depth=1; truncated=0; is_seed=0,1,False,1,0,38900.0000000000,0.0000000000,1,0,0.0002921405,0.0000000000,False,True,1,1,0,0.0000000000,0.0000000000,0.0000000000,0.2773576512,0.0000000000,0.0000000000,0.0000000000,0.3841795104,0.0000000000,0.6158204896,0.3573351279,0.2626738448,0.0000000000
100000008772058100,peripheral,0.5913417951,22,0.2071771439,in_deg=1; out_deg=0; in=50000; out=0 KZT; tx=1/0; role_score=0.591; depth=2; truncated=0; is_seed=0,2,False,1,0,50000.0000000000,0.0000000000,1,0,0.0003008909,0.0000000000,False,True,1,1,0,0.0000000000,0.0000000000,0.0000000000,0.4130338078,0.0000000000,0.0000000000,0.0000000000,0.4086582049,0.0000000000,0.5913417951,0.4232839838,0.2626738448,0.0000000000
100000008772246100,peripheral,0.6059232396,22,0.1723531530,in_deg=1; out_deg=0; in=44500; out=0 KZT; tx=1/0; role_score=0.606; depth=3; truncated=0; is_seed=0,3,False,1,0,44500.0000000000,0.0000000000,1,0,0.0002909319,0.0000000000,False,True,1,1,0,0.0000000000,0.0000000000,0.0000000000,0.2455516014,0.0000000000,0.0000000000,0.0000000000,0.3940767604,0.0000000000,0.6059232396,0.3844773441,0.2626738448,0.0000000000
100000008773876100,peripheral,0.6470988214,22,0.1362937586,in_deg=1; out_deg=0; in=26120; out=0 KZT; tx=1/0; role_score=0.647; depth=1; truncated=0; is_seed=0,1,False,1,0,26120.0000000000,0.0000000000,1,0,0.0002894783,0.0000000000,False,True,1,1,0,0.0000000000,0.0000000000,0.0000000000,0.2021797153,0.0000000000,0.0000000000,0.0000000000,0.3529011786,0.0000000000,0.6470988214,0.2662628982,0.2626738448,0.0000000000
100000008774237100,peripheral,0.6730734361,34,0.3400618655,in_deg=1; out_deg=1; in=50000; out=10000 KZT; tx=1/1; role_score=0.673; depth=2; truncated=0; is_seed=0,2,False,1,1,50000.0000000000,10000.0000000000,1,1,0.0003086306,0.2000000000,False,True,2,2,1,1.0000000000,0.0000000000,0.0000000000,0.4744217082,0.0000000000,0.1323727185,0.0000000000,0.3269265639,0.0000000000,0.6730734361,0.4699416779,0.6056527591,0.6056527591
100000008775471100,terminal,0.6935630100,35,0.4070070310,in_deg=1; out_deg=0; in=580000; out=0 KZT; tx=2/0; out/in=0; prev_day=0.000; depth=3; truncated=0; is_seed=0,3,False,1,0,580000.0000000000,0.0000000000,2,0,0.0003563657,0.0000000000,False,True,1,1,0,0.0000000000,0.0000000000,0.0000000000,0.6425711744,0.0000000000,0.0000000000,0.0000000000,0.6935630100,0.0000000000,0.3064369900,0.8790937640,0.6056527591,0.0000000000
100000008775747100,peripheral,1.0000000000,4,0.0451551521,in_deg=1; out_deg=0; in=5000; out=0 KZT; tx=1/0; role_score=1.000; depth=4; truncated=1; is_seed=0,4,False,1,0,5000.0000000000,0.0000000000,1,0,0.0002846905,0.0000000000,True,True,1,1,0,0.0000000000,0.0000000000,0.0000000000,0.0260231317,0.0000000000,0.0000000000,0.0000000000,0.0000000000,0.0000000000,1.0000000000,0.0074024226,0.2626738448,0.0000000000
100000008776298100,peripheral,0.6081142339,22,0.1777664539,in_deg=1; out_deg=0; in=42800; out=0 KZT; tx=1/0; role_score=0.608; depth=1; truncated=0; is_seed=0,1,False,1,0,42800.0000000000,0.0000000000,1,0,0.0002929529,0.0000000000,False,True,1,1,0,0.0000000000,0.0000000000,0.0000000000,0.2924822064,0.0000000000,0.0000000000,0.0000000000,0.3918857661,0.0000000000,0.6081142339,0.3779721848,0.2626738448,0.0000000000
100000008776310100,peripheral,0.6797370807,22,0.1015803639,in_deg=1; out_deg=0; in=19200; out=0 KZT; tx=1/0; role_score=0.680; depth=3; truncated=0; is_seed=0,3,False,1,0,19200.0000000000,0.0000000000,1,0,0.0002870120,0.0000000000,False,True,1,1,0,0.0000000000,0.0000000000,0.0000000000,0.1060943060,0.0000000000,0.0000000000,0.0000000000,0.3202629193,0.0000000000,0.6797370807,0.1850605653,0.2626738448,0.0000000000
100000008776420100,peripheral,0.5673164098,22,0.2117502333,in_deg=1; out_deg=0; in=69500; out=0 KZT; tx=1/0; role_score=0.567; depth=3; truncated=0; is_seed=0,3,False,1,0,69500.0000000000,0.0000000000,1,0,0.0002948052,0.0000000000,False,True,1,1,0,0.0000000000,0.0000000000,0.0000000000,0.3276245552,0.0000000000,0.0000000000,0.0000000000,0.4326835902,0.0000000000,0.5673164098,0.4928218932,0.2626738448,0.0000000000
100000008776576100,peripheral,0.7033091568,22,0.0873277767,in_deg=1; out_deg=0; in=14765; out=0 KZT; tx=1/0; role_score=0.703; depth=1; truncated=0; is_seed=0,1,False,1,0,14765.0000000000,0.0000000000,1,0,0.0002871130,0.0000000000,False,True,1,1,0,0.0000000000,0.0000000000,0.0000000000,0.1127669039,0.0000000000,0.0000000000,0.0000000000,0.2966908432,0.0000000000,0.7033091568,0.1240466577,0.2626738448,0.0000000000
100000008776720100,peripheral,0.6462677546,22,0.1299817723,in_deg=1; out_deg=0; in=26150; out=0 KZT; tx=1/0; role_score=0.646; depth=3; truncated=0; is_seed=0,3,False,1,0,26150.0000000000,0.0000000000,1,0,0.0002880888,0.0000000000,False,True,1,1,0,0.0000000000,0.0000000000,0.0000000000,0.1563612100,0.0000000000,0.0000000000,0.0000000000,0.3537322454,0.0000000000,0.6462677546,0.2685060565,0.2626738448,0.0000000000
100000008777088100,peripheral,0.6834391055,22,0.1052651707,in_deg=1; out_deg=0; in=18000; out=0 KZT; tx=1/0; role_score=0.683; depth=1; truncated=0; is_seed=0,1,False,1,0,18000.0000000000,0.0000000000,1,0,0.0002877868,0.0000000000,False,True,1,1,0,0.0000000000,0.0000000000,0.0000000000,0.1452402135,0.0000000000,0.0000000000,0.0000000000,0.3165608945,0.0000000000,0.6834391055,0.1763122476,0.2626738448,0.0000000000
100000008778010100,peripheral,1.0000000000,22,0.3380821385,in_deg=1; out_deg=0; in=76950; out=0 KZT; tx=2/0; role_score=1.000; depth=4; truncated=1; is_seed=0,4,False,1,0,76950.0000000000,0.0000000000,2,0,0.0005265159,0.0000000000,True,True,1,1,0,0.0000000000,0.0000000000,0.0000000000,0.7947064057,0.0000000000,0.0000000000,0.0000000000,0.0000000000,0.0000000000,1.0000000000,0.5121130552,0.6056527591,0.0000000000
100000008778753100,peripheral,1.0000000000,13,0.0998706642,in_deg=1; out_deg=0; in=10000; out=0 KZT; tx=1/0; role_score=1.000; depth=4; truncated=1; is_seed=0,4,False,1,0,10000.0000000000,0.0000000000,1,0,0.0002925672,0.0000000000,True,True,1,1,0,0.0000000000,0.0000000000,0.0000000000,0.2853647687,0.0000000000,0.0000000000,0.0000000000,0.0000000000,0.0000000000,1.0000000000,0.0706594886,0.2626738448,0.0000000000
100000008779584100,peripheral,0.6291175582,22,0.1542843876,in_deg=1; out_deg=0; in=31400; out=0 KZT; tx=1/0; role_score=0.629; depth=1; truncated=0; is_seed=0,1,False,1,0,31400.0000000000,0.0000000000,1,0,0.0002905782,0.0000000000,False,True,1,1,0,0.0000000000,0.0000000000,0.0000000000,0.2368772242,0.0000000000,0.0000000000,0.0000000000,0.3708824418,0.0000000000,0.6291175582,0.3174069089,0.2626738448,0.0000000000
100000008782056100,peripheral,0.6381837413,22,0.1459350388,in_deg=1; out_deg=0; in=29082; out=0 KZT; tx=1/0; role_score=0.638; depth=1; truncated=0; is_seed=0,1,False,1,0,29082.0000000000,0.0000000000,1,0,0.0002900953,0.0000000000,False,True,1,1,0,0.0000000000,0.0000000000,0.0000000000,0.2230871886,0.0000000000,0.0000000000,0.0000000000,0.3618162587,0.0000000000,0.6381837413,0.2922835352,0.2626738448,0.0000000000
100000008782421100,peripheral,0.5946660623,22,0.1910336879,in_deg=1; out_deg=0; in=49680; out=0 KZT; tx=1/0; role_score=0.595; depth=1; truncated=0; is_seed=0,1,False,1,0,49680.0000000000,0.0000000000,1,0,0.0002943860,0.0000000000,False,True,1,1,0,0.0000000000,0.0000000000,0.0000000000,0.3196174377,0.0000000000,0.0000000000,0.0000000000,0.4053339377,0.0000000000,0.5946660623,0.4147599821,0.2626738448,0.0000000000
100000008782800100,peripheral,0.6075098217,22,0.1786154414,in_deg=1; out_deg=0; in=43381; out=0 KZT; tx=1/0; role_score=0.608; depth=1; truncated=0; is_seed=0,1,False,1,0,43381.0000000000,0.0000000000,1,0,0.0002930739,0.0000000000,False,True,1,1,0,0.0000000000,0.0000000000,0.0000000000,0.2951512456,0.0000000000,0.0000000000,0.0000000000,0.3924901783,0.0000000000,0.6075098217,0.3797667115,0.2626738448,0.0000000000
